config_id,split,topic,status,similarity_threshold,pagerank_damping,pagerank_tolerance,pagerank_max_iterations,max_summary_words,use_mmr,mmr_lambda,true_positive,predicted,reference,precision,recall,f1,hit_at_1,hit_at_3,hit_at_5,word_count,budget_utilization,nodes,edges,density,isolated_nodes,isolated_ratio,average_degree,connected_components,mean_redundancy,max_redundancy,pagerank_iterations,runtime_seconds
t=0.00|d=0.85|tol=1e-08|iter=1000|words=100|mmr=0.70,train,d061j,converged,0.0,0.85,1e-08,1000,100,True,0.7,1,5,18,0.2,0.05555555555555555,0.08695652173913045,0,0,1,99,0.99,186,17205,1.0,0,0.0,185.0,1,0.13429842620730287,0.45430454776676077,30,0.085781667
t=0.00|d=0.85|tol=1e-08|iter=1000|words=100|mmr=0.70,train,d062j,converged,0.0,0.85,1e-08,1000,100,True,0.7,0,4,0,0.0,0.0,0.0,0,0,0,100,1.0,120,7140,1.0,0,0.0,119.0,1,0.13091350791758433,0.24710351783829648,21,0.028413624999999776
t=0.00|d=0.85|tol=1e-08|iter=1000|words=100|mmr=0.70,train,d063j,converged,0.0,0.85,1e-08,1000,100,True,0.7,0,3,18,0.0,0.0,0.0,0,0,0,100,1.0,253,31878,1.0,0,0.0,252.0,1,0.22152607046561681,0.3530378592180876,39,0.19186487500000027
t=0.00|d=0.85|tol=1e-08|iter=1000|words=100|mmr=0.70,train,d064j,converged,0.0,0.85,1e-08,1000,100,True,0.7,0,6,19,0.0,0.0,0.0,0,0,0,100,1.0,199,19701,1.0,0,0.0,198.0,1,0.03930701530746291,0.22691578265579623,20,0.07265929199999999
t=0.00|d=0.85|tol=1e-08|iter=1000|words=100|mmr=0.70,train,d065j,converged,0.0,0.85,1e-08,1000,100,True,0.7,1,8,12,0.125,0.08333333333333333,0.1,1,1,1,100,1.0,309,47586,1.0,0,0.0,308.0,1,0.04061715642245301,0.2423033159520457,36,0.2734085420000003
t=0.00|d=0.85|tol=1e-08|iter=1000|words=100|mmr=0.70,train,d066j,converged,0.0,0.85,1e-08,1000,100,True,0.7,0,5,19,0.0,0.0,0.0,0,0,0,100,1.0,204,20706,1.0,0,0.0,203.0,1,0.04248254556818008,0.23638592932847835,56,0.16643062500000028
t=0.00|d=0.85|tol=1e-08|iter=1000|words=100|mmr=0.70,train,d067f,converged,0.0,0.85,1e-08,1000,100,True,0.7,0,3,0,0.0,0.0,0.0,0,0,0,99,0.99,134,8911,1.0,0,0.0,133.0,1,0.1033119210570852,0.1670610438990799,63,0.08270658299999933
t=0.00|d=0.85|tol=1e-08|iter=1000|words=100|mmr=0.70,train,d068f,converged,0.0,0.85,1e-08,1000,100,True,0.7,0,7,0,0.0,0.0,0.0,0,0,0,100,1.0,136,9180,1.0,0,0.0,135.0,1,0.1277819010135278,0.9999999999999999,37,0.0530473339999995
t=0.00|d=0.85|tol=1e-08|iter=1000|words=100|mmr=0.70,train,d069f,converged,0.0,0.85,1e-08,1000,100,True,0.7,0,4,14,0.0,0.0,0.0,0,0,0,100,1.0,331,54615,1.0,0,0.0,330.0,1,0.0994082559769004,0.13673162467158978,16,0.172710833
t=0.00|d=0.85|tol=1e-08|iter=1000|words=100|mmr=0.70,train,d070f,converged,0.0,0.85,1e-08,1000,100,True,0.7,1,7,16,0.14285714285714285,0.0625,0.08695652173913043,1,1,1,100,1.0,167,13861,1.0,0,0.0,166.0,1,0.052971820844836065,0.3394669290404032,34,0.07188058399999964
t=0.00|d=0.85|tol=1e-08|iter=1000|words=100|mmr=0.70,train,d071f,converged,0.0,0.85,1e-08,1000,100,True,0.7,0,6,0,0.0,0.0,0.0,0,0,0,100,1.0,155,11935,1.0,0,0.0,154.0,1,0.08126598001961324,0.6086420297263238,64,0.09766320800000017
t=0.00|d=0.85|tol=1e-08|iter=1000|words=100|mmr=0.70,train,d072f,converged,0.0,0.85,1e-08,1000,100,True,0.7,0,6,0,0.0,0.0,0.0,0,0,0,100,1.0,378,71253,1.0,0,0.0,377.0,1,0.12825763211859512,0.6401152146171181,22,0.2757358330000006
t=0.00|d=0.85|tol=1e-08|iter=1000|words=100|mmr=0.70,train,d073b,converged,0.0,0.85,1e-08,1000,100,True,0.7,1,5,12,0.2,0.08333333333333333,0.11764705882352941,0,0,1,100,1.0,253,31878,1.0,0,0.0,252.0,1,0.04540607248173141,0.11981376361872152,69,0.2870165
t=0.00|d=0.85|tol=1e-08|iter=1000|words=100|mmr=0.70,train,d074b,converged,0.0,0.85,1e-08,1000,100,True,0.7,0,5,0,0.0,0.0,0.0,0,0,0,100,1.0,256,32640,1.0,0,0.0,255.0,1,0.006280498023573125,0.06280498023573125,75,0.3224753750000007
t=0.00|d=0.85|tol=1e-08|iter=1000|words=100|mmr=0.70,train,d075b,converged,0.0,0.85,1e-08,1000,100,True,0.7,1,5,13,0.2,0.07692307692307693,0.1111111111111111,1,1,1,100,1.0,277,38226,1.0,0,0.0,276.0,1,0.15113572749800028,0.39359678862129244,19,0.13887125000000022
t=0.00|d=0.85|tol=1e-08|iter=1000|words=100|mmr=0.70,train,d076b,converged,0.0,0.85,1e-08,1000,100,True,0.7,0,8,13,0.0,0.0,0.0,0,0,0,100,1.0,323,52003,1.0,0,0.0,322.0,1,0.07521890545431094,0.24207705704771784,24,0.2250538750000004
t=0.00|d=0.85|tol=1e-08|iter=1000|words=100|mmr=0.70,train,d077b,converged,0.0,0.85,1e-08,1000,100,True,0.7,1,4,14,0.25,0.07142857142857142,0.11111111111111112,0,1,1,99,0.99,340,57630,1.0,0,0.0,339.0,1,0.12077568172187715,0.1548717551888946,25,0.25620387500000064
t=0.00|d=0.85|tol=1e-08|iter=1000|words=100|mmr=0.70,train,d078b,converged,0.0,0.85,1e-08,1000,100,True,0.7,0,5,0,0.0,0.0,0.0,0,0,0,100,1.0,276,37950,1.0,0,0.0,275.0,1,0.09162436232222049,0.17916059524736813,27,0.1810243749999998
t=0.00|d=0.85|tol=1e-08|iter=1000|words=100|mmr=0.70,train,d079a,converged,0.0,0.85,1e-08,1000,100,True,0.7,0,4,14,0.0,0.0,0.0,0,0,0,100,1.0,316,49770,1.0,0,0.0,315.0,1,0.014263919961587011,0.06262236455535365,24,0.22739016700000025
t=0.00|d=0.85|tol=1e-08|iter=1000|words=100|mmr=0.70,train,d080a,converged,0.0,0.85,1e-08,1000,100,True,0.7,1,5,10,0.2,0.1,0.13333333333333333,0,1,1,100,1.0,557,154846,1.0,0,0.0,556.0,1,0.17500286322707675,0.44325961017662285,26,0.7096975000000008
t=0.00|d=0.85|tol=1e-08|iter=1000|words=100|mmr=0.70,train,d081a,converged,0.0,0.85,1e-08,1000,100,True,0.7,0,5,17,0.0,0.0,0.0,0,0,0,100,1.0,299,44551,1.0,0,0.0,298.0,1,0.04557219265185699,0.17295440833658976,43,0.29238033400000063
t=0.00|d=0.85|tol=1e-08|iter=1000|words=100|mmr=0.70,train,d082a,converged,0.0,0.85,1e-08,1000,100,True,0.7,2,4,12,0.5,0.16666666666666666,0.25,1,1,1,100,1.0,209,21736,1.0,0,0.0,208.0,1,0.06259706221261174,0.16886778933960314,19,0.07920912500000021
t=0.00|d=0.85|tol=1e-08|iter=1000|words=100|mmr=0.70,train,d083a,converged,0.0,0.85,1e-08,1000,100,True,0.7,0,6,17,0.0,0.0,0.0,0,0,0,100,1.0,224,24976,1.0,0,0.0,223.0,1,0.15503072701818044,1.0,35,0.14292520799999942
t=0.00|d=0.85|tol=1e-08|iter=1000|words=100|mmr=0.70,train,d084a,converged,0.0,0.85,1e-08,1000,100,True,0.7,0,7,0,0.0,0.0,0.0,0,0,0,100,1.0,366,66795,1.0,0,0.0,365.0,1,0.1015663924408795,0.26512441540086007,40,0.44119733399999994
t=0.00|d=0.85|tol=1e-08|iter=1000|words=100|mmr=0.70,train,d085d,converged,0.0,0.85,1e-08,1000,100,True,0.7,0,5,0,0.0,0.0,0.0,0,0,0,100,1.0,224,24976,1.0,0,0.0,223.0,1,0.14240203021260536,0.5758265182499325,26,0.1126474169999998
t=0.00|d=0.85|tol=1e-08|iter=1000|words=100|mmr=0.70,train,d086d,converged,0.0,0.85,1e-08,1000,100,True,0.7,0,4,0,0.0,0.0,0.0,0,0,0,100,1.0,416,86320,1.0,0,0.0,415.0,1,0.0192177217822932,0.05439559437664199,27,0.41733450000000083
t=0.00|d=0.85|tol=1e-08|iter=1000|words=100|mmr=0.70,train,d087d,converged,0.0,0.85,1e-08,1000,100,True,0.7,1,7,17,0.14285714285714285,0.058823529411764705,0.08333333333333333,0,1,1,100,1.0,292,42486,1.0,0,0.0,291.0,1,0.045442138418619646,0.22427752557709513,83,0.5123327920000005
t=0.00|d=0.85|tol=1e-08|iter=1000|words=100|mmr=0.70,train,d089d,converged,0.0,0.85,1e-08,1000,100,True,0.7,0,6,18,0.0,0.0,0.0,0,0,0,100,1.0,386,74305,1.0,0,0.0,385.0,1,0.06899100443670252,0.20870182526366293,30,0.38377495900000014
t=0.00|d=0.85|tol=1e-08|iter=1000|words=100|mmr=0.70,train,d090d,converged,0.0,0.85,1e-08,1000,100,True,0.7,0,6,0,0.0,0.0,0.0,0,0,0,100,1.0,261,33930,1.0,0,0.0,260.0,1,0.23551628618835568,1.0,24,0.14299324999999996
t=0.00|d=0.85|tol=1e-08|iter=1000|words=100|mmr=0.70,train,d091c,converged,0.0,0.85,1e-08,1000,100,True,0.7,1,6,13,0.16666666666666666,0.07692307692307693,0.10526315789473684,0,1,1,100,1.0,280,39060,1.0,0,0.0,279.0,1,0.1096840378732262,1.0,36,0.23461795800000118
t=0.00|d=0.85|tol=1e-08|iter=1000|words=100|mmr=0.70,train,d092c,converged,0.0,0.85,1e-08,1000,100,True,0.7,0,8,19,0.0,0.0,0.0,0,0,0,100,1.0,291,42195,1.0,0,0.0,290.0,1,0.0933455163292348,0.4424510364173557,59,0.36713979200000146
t=0.00|d=0.85|tol=1e-08|iter=1000|words=100|mmr=0.70,train,d093c,converged,0.0,0.85,1e-08,1000,100,True,0.7,1,7,18,0.14285714285714285,0.05555555555555555,0.08,1,1,1,100,1.0,264,34716,1.0,0,0.0,263.0,1,0.08496133886243512,0.45410082900530824,60,0.3115852910000001
t=0.00|d=0.85|tol=1e-08|iter=1000|words=100|mmr=0.70,train,d094c,converged,0.0,0.85,1e-08,1000,100,True,0.7,2,4,10,0.5,0.2,0.28571428571428575,1,1,1,100,1.0,185,17020,1.0,0,0.0,184.0,1,0.06627974988669451,0.12669659804914624,22,0.06597183399999906
t=0.00|d=0.85|tol=1e-08|iter=1000|words=100|mmr=0.70,train,d095c,converged,0.0,0.85,1e-08,1000,100,True,0.7,1,5,13,0.2,0.07692307692307693,0.1111111111111111,0,0,1,99,0.99,240,28680,1.0,0,0.0,239.0,1,0.07469251204041197,0.265407035830987,35,0.1554312909999993
t=0.00|d=0.85|tol=1e-08|iter=1000|words=100|mmr=0.70,train,d096c,converged,0.0,0.85,1e-08,1000,100,True,0.7,1,12,15,0.08333333333333333,0.06666666666666667,0.07407407407407407,0,0,0,100,1.0,274,37401,1.0,0,0.0,273.0,1,0.14437723584712367,1.0,45,0.25114587500000063
t=0.00|d=0.85|tol=1e-08|iter=1000|words=100|mmr=0.70,train,d097e,converged,0.0,0.85,1e-08,1000,100,True,0.7,0,5,0,0.0,0.0,0.0,0,0,0,100,1.0,225,25200,1.0,0,0.0,224.0,1,0.03441668394697483,0.15819776839198316,25,0.10839400000000055
t=0.00|d=0.85|tol=1e-08|iter=1000|words=100|mmr=0.70,train,d098e,converged,0.0,0.85,1e-08,1000,100,True,0.7,0,4,0,0.0,0.0,0.0,0,0,0,100,1.0,454,102831,1.0,0,0.0,453.0,1,0.04946827207037862,0.11936630012097926,39,0.6677404590000009
t=0.00|d=0.85|tol=1e-08|iter=1000|words=100|mmr=0.70,train,d099e,converged,0.0,0.85,1e-08,1000,100,True,0.7,1,7,20,0.14285714285714285,0.05,0.07407407407407408,0,0,0,100,1.0,469,109746,1.0,0,0.0,468.0,1,0.02293047011185567,0.26359620177873805,45,0.782449917000001
t=0.00|d=0.85|tol=1e-08|iter=1000|words=100|mmr=0.70,train,d100e,converged,0.0,0.85,1e-08,1000,100,True,0.7,0,5,10,0.0,0.0,0.0,0,0,0,100,1.0,592,174936,1.0,0,0.0,591.0,1,0.07268517558852014,0.2570884255951601,37,1.0645744579999992
t=0.00|d=0.85|tol=1e-08|iter=1000|words=100|mmr=0.70,train,d101e,converged,0.0,0.85,1e-08,1000,100,True,0.7,0,6,10,0.0,0.0,0.0,0,0,0,100,1.0,514,131841,1.0,0,0.0,513.0,1,0.03395477816426477,0.15412488981132985,71,1.4066338330000008
t=0.00|d=0.85|tol=1e-08|iter=1000|words=100|mmr=0.70,train,d102e,converged,0.0,0.85,1e-08,1000,100,True,0.7,0,7,16,0.0,0.0,0.0,0,0,0,100,1.0,678,229503,1.0,0,0.0,677.0,1,0.08293271645698726,0.2182847832217777,78,2.7905584169999997
t=0.00|d=0.85|tol=1e-08|iter=1000|words=100|mmr=0.70,train,d103g,converged,0.0,0.85,1e-08,1000,100,True,0.7,0,9,18,0.0,0.0,0.0,0,0,0,100,1.0,219,23871,1.0,0,0.0,218.0,1,0.09878986517077659,1.0,55,0.18945241599999818
t=0.00|d=0.85|tol=1e-08|iter=1000|words=100|mmr=0.70,train,d104g,converged,0.0,0.85,1e-08,1000,100,True,0.7,0,6,0,0.0,0.0,0.0,0,0,0,100,1.0,352,61776,1.0,0,0.0,351.0,1,0.08541719539839523,0.19171327269413463,37,0.39280562500000116
t=0.00|d=0.85|tol=1e-08|iter=1000|words=100|mmr=0.70,train,d105g,converged,0.0,0.85,1e-08,1000,100,True,0.7,1,6,11,0.16666666666666666,0.09090909090909091,0.11764705882352942,0,0,0,100,1.0,266,35245,1.0,0,0.0,265.0,1,0.005133000002286596,0.07699500003429893,56,0.28934933300000054
t=0.00|d=0.85|tol=1e-08|iter=1000|words=100|mmr=0.70,train,d106g,converged,0.0,0.85,1e-08,1000,100,True,0.7,0,5,0,0.0,0.0,0.0,0,0,0,100,1.0,237,27966,1.0,0,0.0,236.0,1,0.0781676414471939,0.23708289736651472,40,0.16281479200000248
t=0.00|d=0.85|tol=1e-08|iter=1000|words=100|mmr=0.70,train,d107g,converged,0.0,0.85,1e-08,1000,100,True,0.7,2,5,12,0.4,0.16666666666666666,0.23529411764705882,1,1,1,100,1.0,271,36585,1.0,0,0.0,270.0,1,0.03857552325482258,0.10292341710174052,36,0.21770616699999934
t=0.00|d=0.85|tol=1e-08|iter=1000|words=100|mmr=0.70,train,d108g,converged,0.0,0.85,1e-08,1000,100,True,0.7,0,5,0,0.0,0.0,0.0,0,0,0,100,1.0,216,23220,1.0,0,0.0,215.0,1,0.06312044501901114,0.18545858619457245,50,0.16857300000000208
t=0.00|d=0.85|tol=1e-08|iter=1000|words=100|mmr=0.70,train,d109h,converged,0.0,0.85,1e-08,1000,100,True,0.7,1,5,20,0.2,0.05,0.08000000000000002,0,0,1,99,0.99,143,10153,1.0,0,0.0,142.0,1,0.02721052841462392,0.18993614624064137,22,0.04413383300000007
t=0.00|d=0.85|tol=1e-08|iter=1000|words=100|mmr=0.70,train,d110h,converged,0.0,0.85,1e-08,1000,100,True,0.7,0,6,20,0.0,0.0,0.0,0,0,0,100,1.0,453,102378,1.0,0,0.0,452.0,1,0.04803720951680733,0.18720551569166563,32,0.5617258750000005
t=0.00|d=0.85|tol=1e-08|iter=1000|words=100|mmr=0.70,train,d111h,converged,0.0,0.85,1e-08,1000,100,True,0.7,1,4,14,0.25,0.07142857142857142,0.11111111111111112,1,1,1,100,1.0,214,22791,1.0,0,0.0,213.0,1,0.06902741934196678,0.23094549326181563,27,0.10125487500000219
t=0.02|d=0.85|tol=1e-08|iter=1000|words=100|mmr=0.70,train,d061j,converged,0.02,0.85,1e-08,1000,100,True,0.7,2,5,18,0.4,0.1111111111111111,0.1739130434782609,0,1,1,99,0.99,186,4037,0.23464109270560884,1,0.005376344086021506,43.40860215053763,2,0.13429842620730287,0.45430454776676077,30,0.0351212500000031
t=0.02|d=0.85|tol=1e-08|iter=1000|words=100|mmr=0.70,train,d062j,converged,0.02,0.85,1e-08,1000,100,True,0.7,0,6,0,0.0,0.0,0.0,0,0,0,98,0.98,120,1653,0.23151260504201682,2,0.016666666666666666,27.55,3,0.07196848072945318,0.24710351783829648,23,0.014682750000002187
t=0.02|d=0.85|tol=1e-08|iter=1000|words=100|mmr=0.70,train,d063j,converged,0.02,0.85,1e-08,1000,100,True,0.7,0,3,18,0.0,0.0,0.0,0,0,0,100,1.0,253,4848,0.1520798042537173,3,0.011857707509881422,38.32411067193676,4,0.22152607046561681,0.3530378592180876,39,0.05525870800000021
t=0.02|d=0.85|tol=1e-08|iter=1000|words=100|mmr=0.70,train,d064j,converged,0.02,0.85,1e-08,1000,100,True,0.7,1,7,19,0.14285714285714285,0.05263157894736842,0.07692307692307693,1,1,1,100,1.0,199,3319,0.1684686056545353,2,0.010050251256281407,33.35678391959799,3,0.05058519596002425,0.17190936472085516,20,0.03034954199999973
t=0.02|d=0.85|tol=1e-08|iter=1000|words=100|mmr=0.70,train,d065j,converged,0.02,0.85,1e-08,1000,100,True,0.7,1,5,12,0.2,0.08333333333333333,0.11764705882352941,1,1,1,100,1.0,309,6864,0.14424410540915394,13,0.042071197411003236,44.42718446601942,15,0.06346017987190197,0.14503770614306322,36,0.0764831670000028
t=0.02|d=0.85|tol=1e-08|iter=1000|words=100|mmr=0.70,train,d066j,converged,0.02,0.85,1e-08,1000,100,True,0.7,0,5,19,0.0,0.0,0.0,0,0,0,100,1.0,204,3853,0.18608132908335748,5,0.024509803921568627,37.77450980392157,6,0.04248254556818008,0.23638592932847835,56,0.0516047499999992
t=0.02|d=0.85|tol=1e-08|iter=1000|words=100|mmr=0.70,train,d067f,converged,0.02,0.85,1e-08,1000,100,True,0.7,0,3,0,0.0,0.0,0.0,0,0,0,99,0.99,134,2185,0.24520255863539445,3,0.022388059701492536,32.61194029850746,4,0.1033119210570852,0.1670610438990799,64,0.031016457999999858
t=0.02|d=0.85|tol=1e-08|iter=1000|words=100|mmr=0.70,train,d068f,converged,0.02,0.85,1e-08,1000,100,True,0.7,0,7,0,0.0,0.0,0.0,0,0,0,100,1.0,136,2364,0.257516339869281,4,0.029411764705882353,34.76470588235294,5,0.1277819010135278,0.9999999999999999,37,0.02286883300000042
t=0.02|d=0.85|tol=1e-08|iter=1000|words=100|mmr=0.70,train,d069f,converged,0.02,0.85,1e-08,1000,100,True,0.7,0,4,14,0.0,0.0,0.0,0,0,0,100,1.0,331,13715,0.2511214867710336,1,0.0030211480362537764,82.87009063444108,2,0.10646968269015883,0.14942039715156336,16,0.08780791699999924
t=0.02|d=0.85|tol=1e-08|iter=1000|words=100|mmr=0.70,train,d070f,converged,0.02,0.85,1e-08,1000,100,True,0.7,1,7,16,0.14285714285714285,0.0625,0.08695652173913043,1,1,1,100,1.0,167,3139,0.2264627371762499,8,0.04790419161676647,37.59281437125748,9,0.052971820844836065,0.3394669290404032,34,0.029811915999999883
t=0.02|d=0.85|tol=1e-08|iter=1000|words=100|mmr=0.70,train,d071f,converged,0.02,0.85,1e-08,1000,100,True,0.7,0,5,0,0.0,0.0,0.0,0,0,0,100,1.0,155,1238,0.10372852953498114,17,0.10967741935483871,15.974193548387097,22,0.04072328162753003,0.12346416812998832,65,0.02237208400000057
t=0.02|d=0.85|tol=1e-08|iter=1000|words=100|mmr=0.70,train,d072f,converged,0.02,0.85,1e-08,1000,100,True,0.7,0,7,0,0.0,0.0,0.0,0,0,0,100,1.0,378,10214,0.14334835024490197,5,0.013227513227513227,54.042328042328045,7,0.10569254796305809,0.6401152146171181,23,0.10020774999999915
t=0.02|d=0.85|tol=1e-08|iter=1000|words=100|mmr=0.70,train,d073b,converged,0.02,0.85,1e-08,1000,100,True,0.7,1,5,12,0.2,0.08333333333333333,0.11764705882352941,0,0,1,100,1.0,253,3704,0.11619298575820315,12,0.04743083003952569,29.280632411067195,18,0.04540607248173141,0.11981376361872152,69,0.06263158300000171
t=0.02|d=0.85|tol=1e-08|iter=1000|words=100|mmr=0.70,train,d074b,converged,0.02,0.85,1e-08,1000,100,True,0.7,0,6,0,0.0,0.0,0.0,0,0,0,100,1.0,256,2940,0.0900735294117647,10,0.0390625,22.96875,22,0.0578714638991911,0.41238301648149467,75,0.05898087500000315
t=0.02|d=0.85|tol=1e-08|iter=1000|words=100|mmr=0.70,train,d075b,converged,0.02,0.85,1e-08,1000,100,True,0.7,1,6,13,0.16666666666666666,0.07692307692307693,0.10526315789473684,0,1,1,100,1.0,277,10963,0.28679432846753516,1,0.0036101083032490976,79.15523465703971,2,0.041709678174563725,0.1746525119154121,20,0.06981854200000015
t=0.02|d=0.85|tol=1e-08|iter=1000|words=100|mmr=0.70,train,d076b,converged,0.02,0.85,1e-08,1000,100,True,0.7,0,7,13,0.0,0.0,0.0,0,0,0,100,1.0,323,8152,0.15676018691229351,4,0.01238390092879257,50.476780185758514,5,0.09592776240600331,0.2547666691658744,25,0.07653512499999948
t=0.02|d=0.85|tol=1e-08|iter=1000|words=100|mmr=0.70,train,d077b,converged,0.02,0.85,1e-08,1000,100,True,0.7,1,4,14,0.25,0.07142857142857142,0.11111111111111112,0,1,1,99,0.99,340,10608,0.184070796460177,1,0.0029411764705882353,62.4,2,0.12077568172187715,0.1548717551888946,25,0.08722616600000066
t=0.02|d=0.85|tol=1e-08|iter=1000|words=100|mmr=0.70,train,d078b,converged,0.02,0.85,1e-08,1000,100,True,0.7,0,5,0,0.0,0.0,0.0,0,0,0,100,1.0,276,5670,0.14940711462450593,1,0.0036231884057971015,41.08695652173913,2,0.09162436232222049,0.17916059524736813,27,0.05437549999999902
t=0.02|d=0.85|tol=1e-08|iter=1000|words=100|mmr=0.70,train,d079a,converged,0.02,0.85,1e-08,1000,100,True,0.7,1,4,14,0.25,0.07142857142857142,0.11111111111111112,1,1,1,99,0.99,316,11902,0.23914004420333534,1,0.0031645569620253164,75.32911392405063,2,0.08253917533593627,0.2305527285940876,25,0.08874687500000178
t=0.02|d=0.85|tol=1e-08|iter=1000|words=100|mmr=0.70,train,d080a,converged,0.02,0.85,1e-08,1000,100,True,0.7,1,5,10,0.2,0.1,0.13333333333333333,0,1,1,100,1.0,557,23902,0.1543598155586841,3,0.005385996409335727,85.82405745062836,4,0.17500286322707675,0.44325961017662285,26,0.21404095799999823
t=0.02|d=0.85|tol=1e-08|iter=1000|words=100|mmr=0.70,train,d081a,converged,0.02,0.85,1e-08,1000,100,True,0.7,0,5,17,0.0,0.0,0.0,0,0,0,100,1.0,299,9891,0.2220152185136136,8,0.026755852842809364,66.16053511705685,9,0.04557219265185699,0.17295440833658976,43,0.10082087500000014
t=0.02|d=0.85|tol=1e-08|iter=1000|words=100|mmr=0.70,train,d082a,converged,0.02,0.85,1e-08,1000,100,True,0.7,2,4,12,0.5,0.16666666666666666,0.25,1,1,1,100,1.0,209,4162,0.19147957305852042,0,0.0,39.82775119617225,2,0.06259706221261174,0.16886778933960314,20,0.03652533400000024
t=0.02|d=0.85|tol=1e-08|iter=1000|words=100|mmr=0.70,train,d083a,converged,0.02,0.85,1e-08,1000,100,True,0.7,0,6,17,0.0,0.0,0.0,0,0,0,100,1.0,224,5878,0.23534593209481103,1,0.004464285714285714,52.482142857142854,2,0.15503072701818044,1.0,35,0.05467308400000093
t=0.02|d=0.85|tol=1e-08|iter=1000|words=100|mmr=0.70,train,d084a,converged,0.02,0.85,1e-08,1000,100,True,0.7,0,7,0,0.0,0.0,0.0,0,0,0,100,1.0,366,14382,0.21531551762856502,2,0.00546448087431694,78.59016393442623,5,0.1015663924408795,0.26512441540086007,40,0.14563358299999862
t=0.02|d=0.85|tol=1e-08|iter=1000|words=100|mmr=0.70,train,d085d,converged,0.02,0.85,1e-08,1000,100,True,0.7,0,5,0,0.0,0.0,0.0,0,0,0,100,1.0,224,4446,0.17801089045483665,1,0.004464285714285714,39.69642857142857,2,0.14240203021260536,0.5758265182499325,27,0.04293054200000057
t=0.02|d=0.85|tol=1e-08|iter=1000|words=100|mmr=0.70,train,d086d,converged,0.02,0.85,1e-08,1000,100,True,0.7,0,3,0,0.0,0.0,0.0,0,0,0,100,1.0,416,18314,0.2121640407784986,0,0.0,88.04807692307692,2,0.00267820437815618,0.00803461313446854,27,0.15445187499999946
t=0.02|d=0.85|tol=1e-08|iter=1000|words=100|mmr=0.70,train,d087d,converged,0.02,0.85,1e-08,1000,100,True,0.7,1,7,17,0.14285714285714285,0.058823529411764705,0.08333333333333333,0,1,1,100,1.0,292,7045,0.16581932872004895,4,0.0136986301369863,48.25342465753425,6,0.045442138418619646,0.22427752557709513,83,0.12845558300000093
t=0.02|d=0.85|tol=1e-08|iter=1000|words=100|mmr=0.70,train,d089d,converged,0.02,0.85,1e-08,1000,100,True,0.7,0,6,18,0.0,0.0,0.0,0,0,0,100,1.0,386,12656,0.170325011775789,2,0.0051813471502590676,65.57512953367876,3,0.06802976697774192,0.20870182526366293,31,0.12598229199999977
t=0.02|d=0.85|tol=1e-08|iter=1000|words=100|mmr=0.70,train,d090d,converged,0.02,0.85,1e-08,1000,100,True,0.7,0,7,0,0.0,0.0,0.0,0,0,0,99,0.99,261,6833,0.20138520483348069,5,0.019157088122605363,52.36015325670498,6,0.23629589099257603,1.0,25,0.056049417000000545
t=0.02|d=0.85|tol=1e-08|iter=1000|words=100|mmr=0.70,train,d091c,converged,0.02,0.85,1e-08,1000,100,True,0.7,1,6,13,0.16666666666666666,0.07692307692307693,0.10526315789473684,0,1,1,100,1.0,280,7766,0.19882232462877625,1,0.0035714285714285713,55.47142857142857,3,0.04301737120655953,0.16965990484051685,36,0.07439600000000013
t=0.02|d=0.85|tol=1e-08|iter=1000|words=100|mmr=0.70,train,d092c,converged,0.02,0.85,1e-08,1000,100,True,0.7,0,5,19,0.0,0.0,0.0,0,0,0,100,1.0,291,5913,0.14013508709562744,11,0.037800687285223365,40.63917525773196,13,0.16519167737035517,0.4173701494751245,59,0.08535875000000104
t=0.02|d=0.85|tol=1e-08|iter=1000|words=100|mmr=0.70,train,d093c,converged,0.02,0.85,1e-08,1000,100,True,0.7,1,7,18,0.14285714285714285,0.05555555555555555,0.08,1,1,1,100,1.0,264,4181,0.12043438184122594,7,0.026515151515151516,31.674242424242426,14,0.08496133886243512,0.45410082900530824,60,0.06327554199999952
t=0.02|d=0.85|tol=1e-08|iter=1000|words=100|mmr=0.70,train,d094c,converged,0.02,0.85,1e-08,1000,100,True,0.7,2,4,10,0.5,0.2,0.28571428571428575,1,1,1,100,1.0,185,3542,0.20810810810810812,5,0.02702702702702703,38.29189189189189,6,0.06627974988669451,0.12669659804914624,25,0.042691209000000896
t=0.02|d=0.85|tol=1e-08|iter=1000|words=100|mmr=0.70,train,d095c,converged,0.02,0.85,1e-08,1000,100,True,0.7,1,5,13,0.2,0.07692307692307693,0.1111111111111111,0,0,1,99,0.99,240,4223,0.14724546722454673,4,0.016666666666666666,35.19166666666667,5,0.07469251204041197,0.265407035830987,35,0.047018500000000074
t=0.02|d=0.85|tol=1e-08|iter=1000|words=100|mmr=0.70,train,d096c,converged,0.02,0.85,1e-08,1000,100,True,0.7,1,12,15,0.08333333333333333,0.06666666666666667,0.07407407407407407,0,0,0,100,1.0,274,5372,0.14363252319456699,11,0.040145985401459854,39.21167883211679,17,0.14437723584712367,1.0,45,0.0664115840000008
t=0.02|d=0.85|tol=1e-08|iter=1000|words=100|mmr=0.70,train,d097e,converged,0.02,0.85,1e-08,1000,100,True,0.7,0,5,0,0.0,0.0,0.0,0,0,0,100,1.0,225,4651,0.18456349206349207,3,0.013333333333333334,41.34222222222222,4,0.03480704537638372,0.24086354009587335,27,0.04449841699999979
t=0.02|d=0.85|tol=1e-08|iter=1000|words=100|mmr=0.70,train,d098e,converged,0.02,0.85,1e-08,1000,100,True,0.7,0,4,0,0.0,0.0,0.0,0,0,0,100,1.0,454,19366,0.18832842236290612,1,0.0022026431718061676,85.31277533039648,4,0.04946827207037862,0.11936630012097926,39,0.200993792000002
t=0.02|d=0.85|tol=1e-08|iter=1000|words=100|mmr=0.70,train,d099e,converged,0.02,0.85,1e-08,1000,100,True,0.7,2,4,20,0.5,0.1,0.16666666666666669,0,1,1,100,1.0,469,12534,0.11420917391066644,12,0.0255863539445629,53.449893390191896,15,0.0761726512431724,0.2092957886755061,45,0.16799066700000154
t=0.02|d=0.85|tol=1e-08|iter=1000|words=100|mmr=0.70,train,d100e,converged,0.02,0.85,1e-08,1000,100,True,0.7,0,5,10,0.0,0.0,0.0,0,0,0,100,1.0,592,20820,0.11901495404033476,11,0.018581081081081082,70.33783783783784,12,0.07268517558852014,0.2570884255951601,37,0.26136424999999974
t=0.02|d=0.85|tol=1e-08|iter=1000|words=100|mmr=0.70,train,d101e,converged,0.02,0.85,1e-08,1000,100,True,0.7,1,6,10,0.16666666666666666,0.1,0.125,0,0,1,100,1.0,514,15876,0.12041777595740323,12,0.023346303501945526,61.77431906614786,20,0.0363764858387686,0.15412488981132985,71,0.26065295800000143
t=0.02|d=0.85|tol=1e-08|iter=1000|words=100|mmr=0.70,train,d102e,converged,0.02,0.85,1e-08,1000,100,True,0.7,0,8,16,0.0,0.0,0.0,0,0,0,100,1.0,678,30836,0.1343598994348658,3,0.004424778761061947,90.96165191740413,5,0.10106249678670835,0.2370272006422704,78,0.5527584169999997
t=0.02|d=0.85|tol=1e-08|iter=1000|words=100|mmr=0.70,train,d103g,converged,0.02,0.85,1e-08,1000,100,True,0.7,0,9,18,0.0,0.0,0.0,0,0,0,100,1.0,219,4611,0.19316325248209124,8,0.0365296803652968,42.10958904109589,10,0.09878986517077659,1.0,54,0.05855991700000018
t=0.02|d=0.85|tol=1e-08|iter=1000|words=100|mmr=0.70,train,d104g,converged,0.02,0.85,1e-08,1000,100,True,0.7,0,7,0,0.0,0.0,0.0,0,0,0,100,1.0,352,14370,0.23261460761460762,0,0.0,81.64772727272727,1,0.10710099299344258,0.26471794472401455,37,0.12865404200000086
t=0.02|d=0.85|tol=1e-08|iter=1000|words=100|mmr=0.70,train,d105g,converged,0.02,0.85,1e-08,1000,100,True,0.7,0,4,11,0.0,0.0,0.0,0,0,0,100,1.0,266,5909,0.16765498652291105,4,0.015037593984962405,44.42857142857143,5,0.04045106851263574,0.08887360414854518,57,0.08349195800000331
t=0.02|d=0.85|tol=1e-08|iter=1000|words=100|mmr=0.70,train,d106g,converged,0.02,0.85,1e-08,1000,100,True,0.7,0,5,0,0.0,0.0,0.0,0,0,0,100,1.0,237,4067,0.14542658943002218,16,0.06751054852320675,34.32067510548523,17,0.0781676414471939,0.23708289736651472,40,0.04788449999999855
t=0.02|d=0.85|tol=1e-08|iter=1000|words=100|mmr=0.70,train,d107g,converged,0.02,0.85,1e-08,1000,100,True,0.7,2,5,12,0.4,0.16666666666666666,0.23529411764705882,1,1,1,100,1.0,271,4750,0.12983463167965012,4,0.014760147601476014,35.055350553505534,5,0.03857552325482258,0.10292341710174052,36,0.056937500000000085
t=0.02|d=0.85|tol=1e-08|iter=1000|words=100|mmr=0.70,train,d108g,converged,0.02,0.85,1e-08,1000,100,True,0.7,0,5,0,0.0,0.0,0.0,0,0,0,100,1.0,216,5330,0.22954349698535745,6,0.027777777777777776,49.351851851851855,7,0.06312044501901114,0.18545858619457245,50,0.05804350000000014
t=0.02|d=0.85|tol=1e-08|iter=1000|words=100|mmr=0.70,train,d109h,converged,0.02,0.85,1e-08,1000,100,True,0.7,1,5,20,0.2,0.05,0.08000000000000002,0,0,1,99,0.99,143,3351,0.3300502314586822,0,0.0,46.86713286713287,1,0.02721052841462392,0.18993614624064137,25,0.025111500000001286
t=0.02|d=0.85|tol=1e-08|iter=1000|words=100|mmr=0.70,train,d110h,converged,0.02,0.85,1e-08,1000,100,True,0.7,1,5,20,0.2,0.05,0.08000000000000002,0,1,1,100,1.0,453,23110,0.22573209087889975,2,0.004415011037527594,102.03090507726269,4,0.07221491561784345,0.17621645683465142,32,0.19744700000000037
t=0.02|d=0.85|tol=1e-08|iter=1000|words=100|mmr=0.70,train,d111h,converged,0.02,0.85,1e-08,1000,100,True,0.7,1,5,14,0.2,0.07142857142857142,0.10526315789473682,1,1,1,100,1.0,214,2837,0.12447896099337458,5,0.02336448598130841,26.514018691588785,6,0.0483479830087984,0.205259286881504,28,0.03313562499999989
t=0.05|d=0.85|tol=1e-08|iter=1000|words=100|mmr=0.70,train,d061j,converged,0.05,0.85,1e-08,1000,100,True,0.7,0,5,18,0.0,0.0,0.0,0,0,0,100,1.0,186,2210,0.12845103167683813,1,0.005376344086021506,23.763440860215052,2,0.0652585885478135,0.18146203855318024,31,0.02741100000000074
t=0.05|d=0.85|tol=1e-08|iter=1000|words=100|mmr=0.70,train,d062j,converged,0.05,0.85,1e-08,1000,100,True,0.7,0,5,0,0.0,0.0,0.0,0,0,0,100,1.0,120,823,0.11526610644257704,2,0.016666666666666666,13.716666666666667,3,0.0772664350104216,0.24710351783829648,28,0.012986124999997628
t=0.05|d=0.85|tol=1e-08|iter=1000|words=100|mmr=0.70,train,d063j,converged,0.05,0.85,1e-08,1000,100,True,0.7,2,5,18,0.4,0.1111111111111111,0.1739130434782609,0,1,1,98,0.98,253,2882,0.0904071773636991,3,0.011857707509881422,22.782608695652176,4,0.04012422231810458,0.18206416725536295,39,0.04559304200000014
t=0.05|d=0.85|tol=1e-08|iter=1000|words=100|mmr=0.70,train,d064j,converged,0.05,0.85,1e-08,1000,100,True,0.7,1,6,19,0.16666666666666666,0.05263157894736842,0.08,1,1,1,100,1.0,199,1750,0.08882797827521445,2,0.010050251256281407,17.587939698492463,3,0.04530796779672338,0.15418625827393934,24,0.02633333300000018
t=0.05|d=0.85|tol=1e-08|iter=1000|words=100|mmr=0.70,train,d065j,converged,0.05,0.85,1e-08,1000,100,True,0.7,1,7,12,0.14285714285714285,0.08333333333333333,0.10526315789473685,1,1,1,100,1.0,309,3713,0.07802715084268483,13,0.042071197411003236,24.032362459546924,15,0.04824052785222564,0.2423033159520457,37,0.05978345899999837
t=0.05|d=0.85|tol=1e-08|iter=1000|words=100|mmr=0.70,train,d066j,converged,0.05,0.85,1e-08,1000,100,True,0.7,1,6,19,0.16666666666666666,0.05263157894736842,0.08,1,1,1,100,1.0,204,1752,0.08461315560707042,5,0.024509803921568627,17.176470588235293,6,0.060511386414341305,0.2558976778404301,53,0.034097750000000815
t=0.05|d=0.85|tol=1e-08|iter=1000|words=100|mmr=0.70,train,d067f,converged,0.05,0.85,1e-08,1000,100,True,0.7,0,4,0,0.0,0.0,0.0,0,0,0,99,0.99,134,1199,0.13455279991022331,3,0.022388059701492536,17.895522388059703,4,0.22679837871517108,0.34712718038113466,66,0.022545208000000372
t=0.05|d=0.85|tol=1e-08|iter=1000|words=100|mmr=0.70,train,d068f,converged,0.05,0.85,1e-08,1000,100,True,0.7,0,7,0,0.0,0.0,0.0,0,0,0,100,1.0,136,1502,0.1636165577342048,4,0.029411764705882353,22.08823529411765,5,0.1277819010135278,0.9999999999999999,39,0.01860479199999787
t=0.05|d=0.85|tol=1e-08|iter=1000|words=100|mmr=0.70,train,d069f,converged,0.05,0.85,1e-08,1000,100,True,0.7,0,4,14,0.0,0.0,0.0,0,0,0,100,1.0,331,6101,0.1117092373889957,1,0.0030211480362537764,36.86404833836858,2,0.10646968269015883,0.14942039715156336,20,0.07288758299999998
t=0.05|d=0.85|tol=1e-08|iter=1000|words=100|mmr=0.70,train,d070f,converged,0.05,0.85,1e-08,1000,100,True,0.7,1,7,16,0.14285714285714285,0.0625,0.08695652173913043,1,1,1,100,1.0,167,1883,0.13584878435899286,8,0.04790419161676647,22.550898203592816,9,0.052971820844836065,0.3394669290404032,33,0.023623291999999907
t=0.05|d=0.85|tol=1e-08|iter=1000|words=100|mmr=0.70,train,d071f,converged,0.05,0.85,1e-08,1000,100,True,0.7,0,9,0,0.0,0.0,0.0,0,0,0,100,1.0,155,691,0.05789694176790951,17,0.10967741935483871,8.916129032258064,22,0.045414752100547545,0.6086420297263238,67,0.01838550000000083
t=0.05|d=0.85|tol=1e-08|iter=1000|words=100|mmr=0.70,train,d072f,converged,0.05,0.85,1e-08,1000,100,True,0.7,0,5,0,0.0,0.0,0.0,0,0,0,100,1.0,378,5231,0.07341445272479755,6,0.015873015873015872,27.677248677248677,8,0.06413059604021,0.411242135388671,26,0.08760099999999937
t=0.05|d=0.85|tol=1e-08|iter=1000|words=100|mmr=0.70,train,d073b,converged,0.05,0.85,1e-08,1000,100,True,0.7,0,6,12,0.0,0.0,0.0,0,0,0,100,1.0,253,2291,0.07186774578078926,12,0.04743083003952569,18.110671936758894,18,0.052329684733927656,0.18520844568137843,71,0.05113883299999955
t=0.05|d=0.85|tol=1e-08|iter=1000|words=100|mmr=0.70,train,d074b,converged,0.05,0.85,1e-08,1000,100,True,0.7,0,12,0,0.0,0.0,0.0,0,0,0,100,1.0,256,1929,0.05909926470588235,10,0.0390625,15.0703125,22,0.002762003604328705,0.11390429596248568,76,0.047576249999998765
t=0.05|d=0.85|tol=1e-08|iter=1000|words=100|mmr=0.70,train,d075b,converged,0.05,0.85,1e-08,1000,100,True,0.7,1,6,13,0.16666666666666666,0.07692307692307693,0.10526315789473684,0,1,1,99,0.99,277,5246,0.13723643593365772,1,0.0036101083032490976,37.87725631768953,2,0.06327872904236122,0.34551764815242225,25,0.05780512500000157
t=0.05|d=0.85|tol=1e-08|iter=1000|words=100|mmr=0.70,train,d076b,converged,0.05,0.85,1e-08,1000,100,True,0.7,0,8,13,0.0,0.0,0.0,0,0,0,100,1.0,323,4016,0.0772263138665077,4,0.01238390092879257,24.86687306501548,5,0.07379364548771525,0.24207705704771784,27,0.06338075000000032
t=0.05|d=0.85|tol=1e-08|iter=1000|words=100|mmr=0.70,train,d077b,converged,0.05,0.85,1e-08,1000,100,True,0.7,0,7,14,0.0,0.0,0.0,0,0,0,100,1.0,340,5814,0.10088495575221239,1,0.0029411764705882353,34.2,2,0.0714723062813015,0.2649750142330204,29,0.07728512500000306
t=0.05|d=0.85|tol=1e-08|iter=1000|words=100|mmr=0.70,train,d078b,converged,0.05,0.85,1e-08,1000,100,True,0.7,0,6,0,0.0,0.0,0.0,0,0,0,100,1.0,276,2749,0.07243741765480896,1,0.0036231884057971015,19.920289855072465,2,0.026455684894364898,0.17916059524736813,30,0.046714291000000685
t=0.05|d=0.85|tol=1e-08|iter=1000|words=100|mmr=0.70,train,d079a,converged,0.05,0.85,1e-08,1000,100,True,0.7,0,4,14,0.0,0.0,0.0,0,0,0,100,1.0,316,6302,0.1266224633313241,1,0.0031645569620253164,39.88607594936709,2,0.06870456419979125,0.2305527285940876,29,0.07601899999999873
t=0.05|d=0.85|tol=1e-08|iter=1000|words=100|mmr=0.70,train,d080a,converged,0.05,0.85,1e-08,1000,100,True,0.7,1,5,10,0.2,0.1,0.13333333333333333,0,1,1,100,1.0,557,12867,0.08309546258863645,3,0.005385996409335727,46.20107719928187,4,0.17500286322707675,0.44325961017662285,30,0.1939617079999998
t=0.05|d=0.85|tol=1e-08|iter=1000|words=100|mmr=0.70,train,d081a,converged,0.05,0.85,1e-08,1000,100,True,0.7,0,5,17,0.0,0.0,0.0,0,0,0,100,1.0,299,4674,0.10491346995578102,8,0.026755852842809364,31.264214046822744,9,0.04557219265185699,0.17295440833658976,45,0.07281620899999908
t=0.05|d=0.85|tol=1e-08|iter=1000|words=100|mmr=0.70,train,d082a,converged,0.05,0.85,1e-08,1000,100,True,0.7,1,7,12,0.14285714285714285,0.08333333333333333,0.10526315789473685,1,1,1,100,1.0,209,2073,0.09537173352962827,0,0.0,19.83732057416268,2,0.08047198127624562,1.0,25,0.03216383300000203
t=0.05|d=0.85|tol=1e-08|iter=1000|words=100|mmr=0.70,train,d083a,converged,0.05,0.85,1e-08,1000,100,True,0.7,0,7,17,0.0,0.0,0.0,0,0,0,100,1.0,224,3589,0.14369795003203076,1,0.004464285714285714,32.044642857142854,2,0.1107362335844146,1.0,36,0.044318415999999416
t=0.05|d=0.85|tol=1e-08|iter=1000|words=100|mmr=0.70,train,d084a,converged,0.05,0.85,1e-08,1000,100,True,0.7,0,7,0,0.0,0.0,0.0,0,0,0,100,1.0,366,7523,0.11262819073283928,2,0.00546448087431694,41.10928961748634,5,0.08866375912322584,0.26512441540086007,40,0.11104204200000112
t=0.05|d=0.85|tol=1e-08|iter=1000|words=100|mmr=0.70,train,d085d,converged,0.05,0.85,1e-08,1000,100,True,0.7,0,6,0,0.0,0.0,0.0,0,0,0,99,0.99,224,2487,0.09957559256886611,1,0.004464285714285714,22.205357142857142,2,0.055449898720325845,0.19830649430073677,33,0.0382548749999998
t=0.05|d=0.85|tol=1e-08|iter=1000|words=100|mmr=0.70,train,d086d,converged,0.05,0.85,1e-08,1000,100,True,0.7,0,7,0,0.0,0.0,0.0,0,0,0,100,1.0,416,9229,0.10691612604263206,0,0.0,44.37019230769231,2,0.013575002322077204,0.20463786250885385,27,0.11703762499999826
t=0.05|d=0.85|tol=1e-08|iter=1000|words=100|mmr=0.70,train,d087d,converged,0.05,0.85,1e-08,1000,100,True,0.7,1,6,17,0.16666666666666666,0.058823529411764705,0.08695652173913045,0,1,1,99,0.99,292,3728,0.08774655180530057,4,0.0136986301369863,25.534246575342465,6,0.11903356898412872,0.3775915212073061,83,0.08700795800000094
t=0.05|d=0.85|tol=1e-08|iter=1000|words=100|mmr=0.70,train,d089d,converged,0.05,0.85,1e-08,1000,100,True,0.7,0,7,18,0.0,0.0,0.0,0,0,0,100,1.0,386,7591,0.10216001614965345,2,0.0051813471502590676,39.33160621761658,3,0.08889410869088936,1.0,32,0.10353575000000248
t=0.05|d=0.85|tol=1e-08|iter=1000|words=100|mmr=0.70,train,d090d,converged,0.05,0.85,1e-08,1000,100,True,0.7,0,9,0,0.0,0.0,0.0,0,0,0,100,1.0,261,3392,0.09997052755673445,5,0.019157088122605363,25.992337164750957,6,0.18446989455655396,1.0,28,0.04673304099999953
t=0.05|d=0.85|tol=1e-08|iter=1000|words=100|mmr=0.70,train,d091c,converged,0.05,0.85,1e-08,1000,100,True,0.7,1,6,13,0.16666666666666666,0.07692307692307693,0.10526315789473684,0,1,1,100,1.0,280,4970,0.12724014336917563,1,0.0035714285714285713,35.5,3,0.1096840378732262,1.0,37,0.0628838750000007
t=0.05|d=0.85|tol=1e-08|iter=1000|words=100|mmr=0.70,train,d092c,converged,0.05,0.85,1e-08,1000,100,True,0.7,0,5,19,0.0,0.0,0.0,0,0,0,100,1.0,291,3556,0.0842753880791563,11,0.037800687285223365,24.439862542955325,13,0.16519167737035517,0.4173701494751245,59,0.06881058299999765
t=0.05|d=0.85|tol=1e-08|iter=1000|words=100|mmr=0.70,train,d093c,converged,0.05,0.85,1e-08,1000,100,True,0.7,2,8,18,0.25,0.1111111111111111,0.15384615384615383,1,1,1,100,1.0,264,2394,0.06895955755271345,7,0.026515151515151516,18.136363636363637,14,0.04521505791412805,0.3172012781400954,62,0.050975874999998894
t=0.05|d=0.85|tol=1e-08|iter=1000|words=100|mmr=0.70,train,d094c,converged,0.05,0.85,1e-08,1000,100,True,0.7,2,6,10,0.3333333333333333,0.2,0.25,1,1,1,100,1.0,185,1492,0.08766157461809636,7,0.03783783783783784,16.12972972972973,8,0.0177211129828509,0.12001362522623643,33,0.026750959000001018
t=0.05|d=0.85|tol=1e-08|iter=1000|words=100|mmr=0.70,train,d095c,converged,0.05,0.85,1e-08,1000,100,True,0.7,1,4,13,0.25,0.07692307692307693,0.11764705882352941,0,1,1,100,1.0,240,2442,0.08514644351464436,4,0.016666666666666666,20.35,5,0.09897406895364241,0.265407035830987,35,0.03945950000000309
t=0.05|d=0.85|tol=1e-08|iter=1000|words=100|mmr=0.70,train,d096c,converged,0.05,0.85,1e-08,1000,100,True,0.7,1,12,15,0.08333333333333333,0.06666666666666667,0.07407407407407407,0,0,0,100,1.0,274,3012,0.08053260608005133,11,0.040145985401459854,21.985401459854014,17,0.14437723584712367,1.0,48,0.05282283300000046
t=0.05|d=0.85|tol=1e-08|iter=1000|words=100|mmr=0.70,train,d097e,converged,0.05,0.85,1e-08,1000,100,True,0.7,0,5,0,0.0,0.0,0.0,0,0,0,100,1.0,225,2547,0.10107142857142858,3,0.013333333333333334,22.64,4,0.049088096952364324,0.23162094436021824,33,0.03922154199999994
t=0.05|d=0.85|tol=1e-08|iter=1000|words=100|mmr=0.70,train,d098e,converged,0.05,0.85,1e-08,1000,100,True,0.7,0,4,0,0.0,0.0,0.0,0,0,0,100,1.0,454,10066,0.09788876895099727,1,0.0022026431718061676,44.34361233480176,4,0.05865870594076947,0.12221079656577348,40,0.15664962500000001
t=0.05|d=0.85|tol=1e-08|iter=1000|words=100|mmr=0.70,train,d099e,converged,0.05,0.85,1e-08,1000,100,True,0.7,2,8,20,0.25,0.1,0.14285714285714288,0,0,0,100,1.0,469,6958,0.06340094399795893,12,0.0255863539445629,29.671641791044777,15,0.025020314420397666,0.2092957886755061,46,0.13966470799999797
t=0.05|d=0.85|tol=1e-08|iter=1000|words=100|mmr=0.70,train,d100e,converged,0.05,0.85,1e-08,1000,100,True,0.7,0,5,10,0.0,0.0,0.0,0,0,0,100,1.0,592,11224,0.06416060730781543,11,0.018581081081081082,37.91891891891892,12,0.07268517558852014,0.2570884255951601,37,0.20171550000000238
t=0.05|d=0.85|tol=1e-08|iter=1000|words=100|mmr=0.70,train,d101e,converged,0.05,0.85,1e-08,1000,100,True,0.7,0,7,10,0.0,0.0,0.0,0,0,0,100,1.0,514,8198,0.06218096039926881,12,0.023346303501945526,31.898832684824903,20,0.008506444262510175,0.0981249372061369,73,0.190093375
t=0.05|d=0.85|tol=1e-08|iter=1000|words=100|mmr=0.70,train,d102e,converged,0.05,0.85,1e-08,1000,100,True,0.7,0,10,16,0.0,0.0,0.0,0,0,0,100,1.0,678,15641,0.06815161457584433,3,0.004424778761061947,46.13864306784661,5,0.06626450095582573,0.7071067811865475,78,0.38034370799999806
t=0.05|d=0.85|tol=1e-08|iter=1000|words=100|mmr=0.70,train,d103g,converged,0.05,0.85,1e-08,1000,100,True,0.7,0,9,18,0.0,0.0,0.0,0,0,0,100,1.0,219,2637,0.11046876963679779,8,0.0365296803652968,24.08219178082192,10,0.09878986517077659,1.0,54,0.04599454199999897
t=0.05|d=0.85|tol=1e-08|iter=1000|words=100|mmr=0.70,train,d104g,converged,0.05,0.85,1e-08,1000,100,True,0.7,0,7,0,0.0,0.0,0.0,0,0,0,100,1.0,352,7323,0.11854118104118104,0,0.0,41.60795454545455,1,0.10710099299344258,0.26471794472401455,38,0.09979179199999777
t=0.05|d=0.85|tol=1e-08|iter=1000|words=100|mmr=0.70,train,d105g,converged,0.05,0.85,1e-08,1000,100,True,0.7,0,5,11,0.0,0.0,0.0,0,0,0,100,1.0,266,2953,0.0837849340331962,4,0.015037593984962405,22.203007518796994,5,0.024270641107581446,0.08887360414854518,62,0.06466145799999978
t=0.05|d=0.85|tol=1e-08|iter=1000|words=100|mmr=0.70,train,d106g,converged,0.05,0.85,1e-08,1000,100,True,0.7,0,5,0,0.0,0.0,0.0,0,0,0,100,1.0,237,2144,0.07666452120431953,16,0.06751054852320675,18.09282700421941,17,0.0781676414471939,0.23708289736651472,39,0.04294008299999774
t=0.05|d=0.85|tol=1e-08|iter=1000|words=100|mmr=0.70,train,d107g,converged,0.05,0.85,1e-08,1000,100,True,0.7,2,5,12,0.4,0.16666666666666666,0.23529411764705882,0,1,1,100,1.0,271,2645,0.07229738964056308,4,0.014760147601476014,19.52029520295203,5,0.027408114234518062,0.11230636826265213,37,0.04890699999999981
t=0.05|d=0.85|tol=1e-08|iter=1000|words=100|mmr=0.70,train,d108g,converged,0.05,0.85,1e-08,1000,100,True,0.7,0,5,0,0.0,0.0,0.0,0,0,0,100,1.0,216,2674,0.11515934539190353,6,0.027777777777777776,24.75925925925926,7,0.060699267439985535,0.18545858619457245,49,0.04080729200000022
t=0.05|d=0.85|tol=1e-08|iter=1000|words=100|mmr=0.70,train,d109h,converged,0.05,0.85,1e-08,1000,100,True,0.7,1,5,20,0.2,0.05,0.08000000000000002,0,0,1,99,0.99,143,1829,0.1801437998621097,0,0.0,25.58041958041958,1,0.02721052841462392,0.18993614624064137,31,0.022090708000000348
t=0.05|d=0.85|tol=1e-08|iter=1000|words=100|mmr=0.70,train,d110h,converged,0.05,0.85,1e-08,1000,100,True,0.7,1,8,20,0.125,0.05,0.07142857142857144,0,0,1,100,1.0,453,11371,0.11106878430912892,2,0.004415011037527594,50.203090507726266,4,0.013725058716262142,0.1308813694468987,33,0.15104108299999908
t=0.05|d=0.85|tol=1e-08|iter=1000|words=100|mmr=0.70,train,d111h,converged,0.05,0.85,1e-08,1000,100,True,0.7,1,6,14,0.16666666666666666,0.07142857142857142,0.1,1,1,1,100,1.0,214,1622,0.07116844368391032,5,0.02336448598130841,15.158878504672897,6,0.049595059542878815,0.2518445983784515,34,0.04544612500000156
t=0.08|d=0.85|tol=1e-08|iter=1000|words=100|mmr=0.70,train,d061j,converged,0.08,0.85,1e-08,1000,100,True,0.7,1,4,18,0.25,0.05555555555555555,0.0909090909090909,0,1,1,97,0.97,186,1206,0.07009590235396687,1,0.005376344086021506,12.96774193548387,2,0.10073008833870828,0.2039472854990324,40,0.025913750000000846
t=0.08|d=0.85|tol=1e-08|iter=1000|words=100|mmr=0.70,train,d062j,converged,0.08,0.85,1e-08,1000,100,True,0.7,0,6,0,0.0,0.0,0.0,0,0,0,97,0.97,120,381,0.053361344537815124,3,0.025,6.35,4,0.04341450626232499,0.24710351783829648,43,0.011904749999999353
t=0.08|d=0.85|tol=1e-08|iter=1000|words=100|mmr=0.70,train,d063j,converged,0.08,0.85,1e-08,1000,100,True,0.7,1,5,18,0.2,0.05555555555555555,0.08695652173913045,0,0,1,100,1.0,253,1573,0.04934437543133195,4,0.015810276679841896,12.434782608695652,5,0.017673152116207867,0.15127457111618942,45,0.040251208000000815
t=0.08|d=0.85|tol=1e-08|iter=1000|words=100|mmr=0.70,train,d064j,converged,0.08,0.85,1e-08,1000,100,True,0.7,2,7,19,0.2857142857142857,0.10526315789473684,0.15384615384615385,1,1,1,100,1.0,199,799,0.040556316938226485,4,0.020100502512562814,8.030150753768844,6,0.05227783596397506,0.33172481163021783,52,0.02794450000000026
t=0.08|d=0.85|tol=1e-08|iter=1000|words=100|mmr=0.70,train,d065j,converged,0.08,0.85,1e-08,1000,100,True,0.7,0,7,12,0.0,0.0,0.0,0,0,0,100,1.0,309,1974,0.04148278905560459,13,0.042071197411003236,12.776699029126213,15,0.028898450045071807,0.2032272410895456,39,0.052661542000002726
t=0.08|d=0.85|tol=1e-08|iter=1000|words=100|mmr=0.70,train,d066j,converged,0.08,0.85,1e-08,1000,100,True,0.7,1,6,19,0.16666666666666666,0.05263157894736842,0.08,1,1,1,100,1.0,204,754,0.036414565826330535,7,0.03431372549019608,7.392156862745098,8,0.060511386414341305,0.2558976778404301,61,0.02818741699999805
t=0.08|d=0.85|tol=1e-08|iter=1000|words=100|mmr=0.70,train,d067f,converged,0.08,0.85,1e-08,1000,100,True,0.7,0,4,0,0.0,0.0,0.0,0,0,0,99,0.99,134,668,0.07496352822354393,3,0.022388059701492536,9.970149253731343,4,0.22679837871517108,0.34712718038113466,69,0.01812804100000065
t=0.08|d=0.85|tol=1e-08|iter=1000|words=100|mmr=0.70,train,d068f,converged,0.08,0.85,1e-08,1000,100,True,0.7,0,8,0,0.0,0.0,0.0,0,0,0,100,1.0,136,853,0.0929193899782135,5,0.03676470588235294,12.544117647058824,6,0.09040249255807865,0.9999999999999999,46,0.016264457999998427
t=0.08|d=0.85|tol=1e-08|iter=1000|words=100|mmr=0.70,train,d069f,converged,0.08,0.85,1e-08,1000,100,True,0.7,0,4,14,0.0,0.0,0.0,0,0,0,98,0.98,331,2643,0.048393298544355944,2,0.006042296072507553,15.969788519637461,3,0.11188622880149024,0.20539654204272445,27,0.11483458400000046
t=0.08|d=0.85|tol=1e-08|iter=1000|words=100|mmr=0.70,train,d070f,converged,0.08,0.85,1e-08,1000,100,True,0.7,1,8,16,0.125,0.0625,0.08333333333333333,0,1,1,100,1.0,167,983,0.07091840415554433,8,0.04790419161676647,11.77245508982036,9,0.06850910624568912,0.3394669290404032,42,0.020988959000000307
t=0.08|d=0.85|tol=1e-08|iter=1000|words=100|mmr=0.70,train,d071f,converged,0.08,0.85,1e-08,1000,100,True,0.7,0,6,0,0.0,0.0,0.0,0,0,0,100,1.0,155,357,0.029912023460410556,19,0.12258064516129032,4.606451612903226,25,0.039372155985657555,0.31814969906231855,74,0.015503333000001618
t=0.08|d=0.85|tol=1e-08|iter=1000|words=100|mmr=0.70,train,d072f,converged,0.08,0.85,1e-08,1000,100,True,0.7,0,6,0,0.0,0.0,0.0,0,0,0,100,1.0,378,2465,0.034595034595034595,9,0.023809523809523808,13.042328042328043,11,0.036472436311602026,0.18109831325265016,34,0.0808755409999975
t=0.08|d=0.85|tol=1e-08|iter=1000|words=100|mmr=0.70,train,d073b,converged,0.08,0.85,1e-08,1000,100,True,0.7,0,8,12,0.0,0.0,0.0,0,0,0,100,1.0,253,1445,0.045329067068197504,12,0.04743083003952569,11.422924901185771,18,0.05600567660438839,0.44999408702453453,74,0.04319795800000037
t=0.08|d=0.85|tol=1e-08|iter=1000|words=100|mmr=0.70,train,d074b,converged,0.08,0.85,1e-08,1000,100,True,0.7,0,10,0,0.0,0.0,0.0,0,0,0,100,1.0,256,1295,0.039675245098039214,10,0.0390625,10.1171875,22,0.0077210458234068,0.12275502550503536,77,0.04039166700000152
t=0.08|d=0.85|tol=1e-08|iter=1000|words=100|mmr=0.70,train,d075b,converged,0.08,0.85,1e-08,1000,100,True,0.7,1,5,13,0.2,0.07692307692307693,0.1111111111111111,1,1,1,100,1.0,277,2570,0.06723172709674044,1,0.0036101083032490976,18.555956678700362,2,0.15113572749800028,0.39359678862129244,34,0.05031733400000249
t=0.08|d=0.85|tol=1e-08|iter=1000|words=100|mmr=0.70,train,d076b,converged,0.08,0.85,1e-08,1000,100,True,0.7,0,9,13,0.0,0.0,0.0,0,0,0,100,1.0,323,1766,0.033959579255042976,6,0.018575851393188854,10.93498452012384,7,0.06169308165328321,0.2703186794209616,36,0.05794083299999997
t=0.08|d=0.85|tol=1e-08|iter=1000|words=100|mmr=0.70,train,d077b,converged,0.08,0.85,1e-08,1000,100,True,0.7,0,7,14,0.0,0.0,0.0,0,0,0,100,1.0,340,3035,0.05266354329342356,1,0.0029411764705882353,17.852941176470587,2,0.05989328527785172,0.31640042776132965,37,0.06937233300000045
t=0.08|d=0.85|tol=1e-08|iter=1000|words=100|mmr=0.70,train,d078b,converged,0.08,0.85,1e-08,1000,100,True,0.7,0,6,0,0.0,0.0,0.0,0,0,0,100,1.0,276,1393,0.03670619235836627,1,0.0036231884057971015,10.094202898550725,2,0.03190859131989915,0.21719138987295286,37,0.046790166999997496
t=0.08|d=0.85|tol=1e-08|iter=1000|words=100|mmr=0.70,train,d079a,converged,0.08,0.85,1e-08,1000,100,True,0.7,0,4,14,0.0,0.0,0.0,0,0,0,100,1.0,316,3372,0.06775165762507535,1,0.0031645569620253164,21.341772151898734,2,0.05575122699785232,0.1615615577629739,38,0.08188429199999803
t=0.08|d=0.85|tol=1e-08|iter=1000|words=100|mmr=0.70,train,d080a,converged,0.08,0.85,1e-08,1000,100,True,0.7,0,7,10,0.0,0.0,0.0,0,0,0,100,1.0,557,6989,0.04513516655257482,3,0.005385996409335727,25.095152603231597,4,0.11743655957575141,0.44325961017662285,37,0.1696646250000029
t=0.08|d=0.85|tol=1e-08|iter=1000|words=100|mmr=0.70,train,d081a,converged,0.08,0.85,1e-08,1000,100,True,0.7,0,6,17,0.0,0.0,0.0,0,0,0,100,1.0,299,2268,0.0509079481942044,8,0.026755852842809364,15.17056856187291,9,0.049174000811886984,0.21603005982585405,48,0.09552416600000058
t=0.08|d=0.85|tol=1e-08|iter=1000|words=100|mmr=0.70,train,d082a,converged,0.08,0.85,1e-08,1000,100,True,0.7,2,7,12,0.2857142857142857,0.16666666666666666,0.2105263157894737,1,1,1,100,1.0,209,991,0.04559256532940743,2,0.009569377990430622,9.483253588516746,4,0.07440270228890668,1.0,35,0.04152249999999924
t=0.08|d=0.85|tol=1e-08|iter=1000|words=100|mmr=0.70,train,d083a,converged,0.08,0.85,1e-08,1000,100,True,0.7,0,6,17,0.0,0.0,0.0,0,0,0,100,1.0,224,1904,0.07623318385650224,1,0.004464285714285714,17.0,2,0.08009677024642296,0.205667295900268,44,0.03807516599999872
t=0.08|d=0.85|tol=1e-08|iter=1000|words=100|mmr=0.70,train,d084a,converged,0.08,0.85,1e-08,1000,100,True,0.7,0,6,0,0.0,0.0,0.0,0,0,0,100,1.0,366,3978,0.059555355939815854,3,0.00819672131147541,21.737704918032787,6,0.1464658810689884,0.4314009644194826,44,0.09710379200000219
t=0.08|d=0.85|tol=1e-08|iter=1000|words=100|mmr=0.70,train,d085d,converged,0.08,0.85,1e-08,1000,100,True,0.7,0,6,0,0.0,0.0,0.0,0,0,0,100,1.0,224,1294,0.05180973734785394,1,0.004464285714285714,11.553571428571429,2,0.16969410140804891,0.5758265182499325,42,0.048652833999998535
t=0.08|d=0.85|tol=1e-08|iter=1000|words=100|mmr=0.70,train,d086d,converged,0.08,0.85,1e-08,1000,100,True,0.7,0,9,0,0.0,0.0,0.0,0,0,0,100,1.0,416,4664,0.05403151065801668,2,0.004807692307692308,22.423076923076923,4,0.048349778536829244,0.2907007189912493,35,0.10593408400000115
t=0.08|d=0.85|tol=1e-08|iter=1000|words=100|mmr=0.70,train,d087d,converged,0.08,0.85,1e-08,1000,100,True,0.7,1,7,17,0.14285714285714285,0.058823529411764705,0.08333333333333333,0,1,1,99,0.99,292,1850,0.043543755590076734,5,0.017123287671232876,12.67123287671233,7,0.06519734192997581,0.3775915212073061,83,0.0676781670000004
t=0.08|d=0.85|tol=1e-08|iter=1000|words=100|mmr=0.70,train,d089d,converged,0.08,0.85,1e-08,1000,100,True,0.7,0,7,18,0.0,0.0,0.0,0,0,0,100,1.0,386,3884,0.052271045017159005,3,0.007772020725388601,20.124352331606218,4,0.0892952648263237,1.0,42,0.09271604200000283
t=0.08|d=0.85|tol=1e-08|iter=1000|words=100|mmr=0.70,train,d090d,converged,0.08,0.85,1e-08,1000,100,True,0.7,0,9,0,0.0,0.0,0.0,0,0,0,99,0.99,261,1803,0.05313881520778072,8,0.03065134099616858,13.816091954022989,9,0.15851311755206687,1.0,37,0.04274429200000185
t=0.08|d=0.85|tol=1e-08|iter=1000|words=100|mmr=0.70,train,d091c,converged,0.08,0.85,1e-08,1000,100,True,0.7,1,6,13,0.16666666666666666,0.07692307692307693,0.10526315789473684,0,1,1,100,1.0,280,2823,0.07227342549923195,1,0.0035714285714285713,20.164285714285715,3,0.10190104671371501,1.0,41,0.05300029100000003
t=0.08|d=0.85|tol=1e-08|iter=1000|words=100|mmr=0.70,train,d092c,converged,0.08,0.85,1e-08,1000,100,True,0.7,0,9,19,0.0,0.0,0.0,0,0,0,100,1.0,291,1997,0.04732788245052731,12,0.041237113402061855,13.72508591065292,14,0.1431786381154372,0.48616896086396527,60,0.055370166999999526
t=0.08|d=0.85|tol=1e-08|iter=1000|words=100|mmr=0.70,train,d093c,converged,0.08,0.85,1e-08,1000,100,True,0.7,2,6,18,0.3333333333333333,0.1111111111111111,0.16666666666666666,1,1,1,100,1.0,264,1263,0.036380919460767366,7,0.026515151515151516,9.568181818181818,14,0.05329308317638207,0.21913829998401493,69,0.042519542000000854
t=0.08|d=0.85|tol=1e-08|iter=1000|words=100|mmr=0.70,train,d094c,converged,0.08,0.85,1e-08,1000,100,True,0.7,2,5,10,0.4,0.2,0.26666666666666666,1,1,1,100,1.0,185,695,0.040834312573443006,9,0.04864864864864865,7.513513513513513,11,0.016358186483308314,0.12001362522623643,47,0.0237934580000001
t=0.08|d=0.85|tol=1e-08|iter=1000|words=100|mmr=0.70,train,d095c,converged,0.08,0.85,1e-08,1000,100,True,0.7,1,5,13,0.2,0.07692307692307693,0.1111111111111111,0,0,1,100,1.0,240,1314,0.04581589958158996,4,0.016666666666666666,10.95,5,0.051947783638093915,0.265407035830987,39,0.034193000000001916
t=0.08|d=0.85|tol=1e-08|iter=1000|words=100|mmr=0.70,train,d096c,converged,0.08,0.85,1e-08,1000,100,True,0.7,1,11,15,0.09090909090909091,0.06666666666666667,0.07692307692307691,0,0,0,100,1.0,274,1556,0.04160316569075693,11,0.040145985401459854,11.357664233576642,17,0.06892285740837356,0.540754116624691,55,0.045232584000004294
t=0.08|d=0.85|tol=1e-08|iter=1000|words=100|mmr=0.70,train,d097e,converged,0.08,0.85,1e-08,1000,100,True,0.7,0,5,0,0.0,0.0,0.0,0,0,0,100,1.0,225,1219,0.04837301587301587,4,0.017777777777777778,10.835555555555555,5,0.04936922870872624,0.23162094436021824,44,0.03909708299999437
t=0.08|d=0.85|tol=1e-08|iter=1000|words=100|mmr=0.70,train,d098e,converged,0.08,0.85,1e-08,1000,100,True,0.7,0,4,0,0.0,0.0,0.0,0,0,0,100,1.0,454,5190,0.050471161420194297,1,0.0022026431718061676,22.863436123348016,4,0.04946827207037862,0.11936630012097926,47,0.16149279200000421
t=0.08|d=0.85|tol=1e-08|iter=1000|words=100|mmr=0.70,train,d099e,converged,0.08,0.85,1e-08,1000,100,True,0.7,1,9,20,0.1111111111111111,0.05,0.06896551724137932,0,0,0,100,1.0,469,3545,0.03230186066006962,13,0.02771855010660981,15.11727078891258,16,0.04723352356095011,0.5488055282291721,53,0.12039195799999902
t=0.08|d=0.85|tol=1e-08|iter=1000|words=100|mmr=0.70,train,d100e,converged,0.08,0.85,1e-08,1000,100,True,0.7,0,10,10,0.0,0.0,0.0,0,0,0,100,1.0,592,5833,0.03334362281062789,12,0.02027027027027027,19.70608108108108,13,0.0947725873876917,0.7089479581710512,40,0.1704231670000027
t=0.08|d=0.85|tol=1e-08|iter=1000|words=100|mmr=0.70,train,d101e,converged,0.08,0.85,1e-08,1000,100,True,0.7,0,7,10,0.0,0.0,0.0,0,0,0,100,1.0,514,4742,0.035967566993575596,12,0.023346303501945526,18.45136186770428,20,0.07644697369331764,1.0,78,0.15619400000000638
t=0.08|d=0.85|tol=1e-08|iter=1000|words=100|mmr=0.70,train,d102e,converged,0.08,0.85,1e-08,1000,100,True,0.7,0,10,16,0.0,0.0,0.0,0,0,0,100,1.0,678,7871,0.03429584798455794,3,0.004424778761061947,23.218289085545724,5,0.04077834517935493,0.23606455911926602,78,0.2921193749999986
t=0.08|d=0.85|tol=1e-08|iter=1000|words=100|mmr=0.70,train,d103g,converged,0.08,0.85,1e-08,1000,100,True,0.7,0,6,18,0.0,0.0,0.0,0,0,0,100,1.0,219,1465,0.06137153868710988,8,0.0365296803652968,13.378995433789955,10,0.0880816829729143,0.2398363774127399,53,0.036747916999999575
t=0.08|d=0.85|tol=1e-08|iter=1000|words=100|mmr=0.70,train,d104g,converged,0.08,0.85,1e-08,1000,100,True,0.7,0,9,0,0.0,0.0,0.0,0,0,0,100,1.0,352,4191,0.06784188034188034,1,0.002840909090909091,23.8125,2,0.07018939494829968,0.3503361060492774,43,0.08338812499999904
t=0.08|d=0.85|tol=1e-08|iter=1000|words=100|mmr=0.70,train,d105g,converged,0.08,0.85,1e-08,1000,100,True,0.7,0,4,11,0.0,0.0,0.0,0,0,0,100,1.0,266,1239,0.03515392254220457,5,0.018796992481203006,9.31578947368421,6,0.022217842767017937,0.13330705660210762,67,0.050405333000000496
t=0.08|d=0.85|tol=1e-08|iter=1000|words=100|mmr=0.70,train,d106g,converged,0.08,0.85,1e-08,1000,100,True,0.7,0,5,0,0.0,0.0,0.0,0,0,0,100,1.0,237,1140,0.040763784595580346,16,0.06751054852320675,9.620253164556962,17,0.0781676414471939,0.23708289736651472,40,0.03174912499999749
t=0.08|d=0.85|tol=1e-08|iter=1000|words=100|mmr=0.70,train,d107g,converged,0.08,0.85,1e-08,1000,100,True,0.7,0,7,12,0.0,0.0,0.0,0,0,0,100,1.0,271,1290,0.035260352603526036,6,0.02214022140221402,9.52029520295203,7,0.026874418341153835,0.18164828920729,45,0.04274304100000137
t=0.08|d=0.85|tol=1e-08|iter=1000|words=100|mmr=0.70,train,d108g,converged,0.08,0.85,1e-08,1000,100,True,0.7,0,6,0,0.0,0.0,0.0,0,0,0,100,1.0,216,1441,0.06205857019810508,7,0.032407407407407406,13.342592592592593,8,0.17565838093402328,0.9999999999999998,46,0.03205062500000366
t=0.08|d=0.85|tol=1e-08|iter=1000|words=100|mmr=0.70,train,d109h,converged,0.08,0.85,1e-08,1000,100,True,0.7,0,2,20,0.0,0.0,0.0,0,0,0,100,1.0,143,1034,0.10184182015167931,1,0.006993006993006993,14.461538461538462,2,0.028258837928147887,0.028258837928147887,40,0.01928466599999723
t=0.08|d=0.85|tol=1e-08|iter=1000|words=100|mmr=0.70,train,d110h,converged,0.08,0.85,1e-08,1000,100,True,0.7,1,8,20,0.125,0.05,0.07142857142857144,0,0,1,100,1.0,453,5825,0.056896989587606715,2,0.004415011037527594,25.717439293598233,4,0.015461475675687272,0.11138920679223364,36,0.12456099999999992
t=0.08|d=0.85|tol=1e-08|iter=1000|words=100|mmr=0.70,train,d111h,converged,0.08,0.85,1e-08,1000,100,True,0.7,1,9,14,0.1111111111111111,0.07142857142857142,0.08695652173913043,1,1,1,100,1.0,214,821,0.036022991531744986,5,0.02336448598130841,7.672897196261682,6,0.03579291144453803,0.24046095945377638,50,0.029635249999998337
t=0.10|d=0.85|tol=1e-08|iter=1000|words=100|mmr=0.70,train,d061j,converged,0.1,0.85,1e-08,1000,100,True,0.7,1,5,18,0.2,0.05555555555555555,0.08695652173913045,0,0,1,99,0.99,186,820,0.047660563789596044,3,0.016129032258064516,8.817204301075268,4,0.09256608317850995,0.26991896952107053,50,0.024838833999993426
t=0.10|d=0.85|tol=1e-08|iter=1000|words=100|mmr=0.70,train,d062j,converged,0.1,0.85,1e-08,1000,100,True,0.7,0,5,0,0.0,0.0,0.0,0,0,0,100,1.0,120,220,0.03081232492997199,5,0.041666666666666664,3.6666666666666665,8,0.05240021628742979,0.24710351783829648,57,0.012036625000000356
t=0.10|d=0.85|tol=1e-08|iter=1000|words=100|mmr=0.70,train,d063j,converged,0.1,0.85,1e-08,1000,100,True,0.7,1,6,18,0.16666666666666666,0.05555555555555555,0.08333333333333333,0,1,1,100,1.0,253,1070,0.03356546834807704,8,0.03162055335968379,8.458498023715414,9,0.02303949931719543,0.17436161574106454,55,0.038483749999997485
t=0.10|d=0.85|tol=1e-08|iter=1000|words=100|mmr=0.70,train,d064j,converged,0.1,0.85,1e-08,1000,100,True,0.7,0,7,19,0.0,0.0,0.0,0,0,0,100,1.0,199,492,0.024973351606517435,12,0.06030150753768844,4.944723618090452,15,0.050979284432277214,0.33172481163021783,47,0.025195832999997947
t=0.10|d=0.85|tol=1e-08|iter=1000|words=100|mmr=0.70,train,d065j,converged,0.1,0.85,1e-08,1000,100,True,0.7,0,6,12,0.0,0.0,0.0,0,0,0,100,1.0,309,1301,0.027339973941915688,15,0.04854368932038835,8.420711974110032,17,0.03186825418558077,0.2032272410895456,43,0.04972987500000414
t=0.10|d=0.85|tol=1e-08|iter=1000|words=100|mmr=0.70,train,d066j,converged,0.1,0.85,1e-08,1000,100,True,0.7,2,9,19,0.2222222222222222,0.10526315789473684,0.14285714285714285,1,1,1,100,1.0,204,447,0.021587945523036802,14,0.06862745098039216,4.382352941176471,16,0.04901348934634795,0.6992670818440824,66,0.026228750000001355
t=0.10|d=0.85|tol=1e-08|iter=1000|words=100|mmr=0.70,train,d067f,converged,0.1,0.85,1e-08,1000,100,True,0.7,0,4,0,0.0,0.0,0.0,0,0,0,100,1.0,134,437,0.04904051172707889,7,0.05223880597014925,6.522388059701493,9,0.1589394450865342,0.5862041332101912,70,0.01576295800000338
t=0.10|d=0.85|tol=1e-08|iter=1000|words=100|mmr=0.70,train,d068f,converged,0.1,0.85,1e-08,1000,100,True,0.7,0,10,0,0.0,0.0,0.0,0,0,0,100,1.0,136,582,0.06339869281045751,8,0.058823529411764705,8.558823529411764,9,0.0828431606553362,0.9999999999999999,52,0.015479083999998977
t=0.10|d=0.85|tol=1e-08|iter=1000|words=100|mmr=0.70,train,d069f,converged,0.1,0.85,1e-08,1000,100,True,0.7,0,4,14,0.0,0.0,0.0,0,0,0,100,1.0,331,1491,0.027300192254875035,8,0.02416918429003021,9.009063444108762,9,0.13392990372232264,0.24329259656918506,35,0.06455287499999685
t=0.10|d=0.85|tol=1e-08|iter=1000|words=100|mmr=0.70,train,d070f,converged,0.1,0.85,1e-08,1000,100,True,0.7,1,7,16,0.14285714285714285,0.0625,0.08695652173913043,1,1,1,100,1.0,167,661,0.04768775701608831,11,0.0658682634730539,7.916167664670659,12,0.0793164400717916,0.3394669290404032,51,0.01991141599999935
t=0.10|d=0.85|tol=1e-08|iter=1000|words=100|mmr=0.70,train,d071f,converged,0.1,0.85,1e-08,1000,100,True,0.7,0,6,0,0.0,0.0,0.0,0,0,0,100,1.0,155,252,0.021114369501466276,26,0.16774193548387098,3.2516129032258063,34,0.05239485396881643,0.6086420297263238,87,0.014893542000002924
t=0.10|d=0.85|tol=1e-08|iter=1000|words=100|mmr=0.70,train,d072f,converged,0.1,0.85,1e-08,1000,100,True,0.7,0,7,0,0.0,0.0,0.0,0,0,0,99,0.99,378,1553,0.02179557351971145,15,0.03968253968253968,8.216931216931217,18,0.061346097029421585,0.6401152146171181,45,0.07668258300000019
t=0.10|d=0.85|tol=1e-08|iter=1000|words=100|mmr=0.70,train,d073b,converged,0.1,0.85,1e-08,1000,100,True,0.7,0,9,12,0.0,0.0,0.0,0,0,0,100,1.0,253,1091,0.03422422987640379,14,0.05533596837944664,8.624505928853756,20,0.044569078861487456,0.31697446279290226,76,0.040181832999998335
t=0.10|d=0.85|tol=1e-08|iter=1000|words=100|mmr=0.70,train,d074b,converged,0.1,0.85,1e-08,1000,100,True,0.7,0,8,0,0.0,0.0,0.0,0,0,0,100,1.0,256,1065,0.03262867647058824,13,0.05078125,8.3203125,27,0.0,0.0,78,0.03906808400000017
t=0.10|d=0.85|tol=1e-08|iter=1000|words=100|mmr=0.70,train,d075b,converged,0.1,0.85,1e-08,1000,100,True,0.7,1,5,13,0.2,0.07692307692307693,0.1111111111111111,0,1,1,100,1.0,277,1604,0.04196096897399676,2,0.007220216606498195,11.581227436823104,3,0.15113572749800028,0.39359678862129244,51,0.05224283299999399
t=0.10|d=0.85|tol=1e-08|iter=1000|words=100|mmr=0.70,train,d076b,converged,0.1,0.85,1e-08,1000,100,True,0.7,0,10,13,0.0,0.0,0.0,0,0,0,100,1.0,323,1056,0.020306520777647444,11,0.034055727554179564,6.538699690402477,13,0.048145897926565435,0.2703186794209616,48,0.058347040999997546
t=0.10|d=0.85|tol=1e-08|iter=1000|words=100|mmr=0.70,train,d077b,converged,0.1,0.85,1e-08,1000,100,True,0.7,0,9,14,0.0,0.0,0.0,0,0,0,100,1.0,340,1984,0.034426513968419226,2,0.0058823529411764705,11.670588235294117,3,0.034651591458431226,0.25049967829158,45,0.07241379199999898
t=0.10|d=0.85|tol=1e-08|iter=1000|words=100|mmr=0.70,train,d078b,converged,0.1,0.85,1e-08,1000,100,True,0.7,0,6,0,0.0,0.0,0.0,0,0,0,99,0.99,276,886,0.02334650856389987,5,0.018115942028985508,6.420289855072464,8,0.08168560197079887,0.43207672375190964,83,0.048175792000002104
t=0.10|d=0.85|tol=1e-08|iter=1000|words=100|mmr=0.70,train,d079a,converged,0.1,0.85,1e-08,1000,100,True,0.7,1,4,14,0.25,0.07142857142857142,0.11111111111111112,1,1,1,98,0.98,316,2228,0.04476592324693591,4,0.012658227848101266,14.10126582278481,5,0.03348843826032991,0.06367530393294935,45,0.07176512499999887
t=0.10|d=0.85|tol=1e-08|iter=1000|words=100|mmr=0.70,train,d080a,converged,0.1,0.85,1e-08,1000,100,True,0.7,0,7,10,0.0,0.0,0.0,0,0,0,100,1.0,557,4816,0.0311018689536701,5,0.008976660682226212,17.292639138240574,6,0.0897785771653646,0.44325961017662285,42,0.17442833399999813
t=0.10|d=0.85|tol=1e-08|iter=1000|words=100|mmr=0.70,train,d081a,converged,0.1,0.85,1e-08,1000,100,True,0.7,1,5,17,0.2,0.058823529411764705,0.0909090909090909,0,1,1,100,1.0,299,1446,0.032457183901595923,10,0.033444816053511704,9.672240802675585,11,0.09555820017156855,0.30749601695991946,52,0.05723841700000065
t=0.10|d=0.85|tol=1e-08|iter=1000|words=100|mmr=0.70,train,d082a,converged,0.1,0.85,1e-08,1000,100,True,0.7,1,7,12,0.14285714285714285,0.08333333333333333,0.10526315789473685,1,1,1,100,1.0,209,626,0.028800147221199852,6,0.028708133971291867,5.990430622009569,9,0.07287316593953796,1.0,51,0.03152620799999539
t=0.10|d=0.85|tol=1e-08|iter=1000|words=100|mmr=0.70,train,d083a,converged,0.1,0.85,1e-08,1000,100,True,0.7,0,6,17,0.0,0.0,0.0,0,0,0,100,1.0,224,1315,0.05265054452274183,3,0.013392857142857142,11.741071428571429,4,0.08022254332553098,0.2030437195722716,52,0.03733624999999563
t=0.10|d=0.85|tol=1e-08|iter=1000|words=100|mmr=0.70,train,d084a,converged,0.1,0.85,1e-08,1000,100,True,0.7,0,8,0,0.0,0.0,0.0,0,0,0,100,1.0,366,2720,0.040721610899019385,3,0.00819672131147541,14.863387978142077,6,0.09510187732615114,0.4314009644194826,49,0.08929391600000258
t=0.10|d=0.85|tol=1e-08|iter=1000|words=100|mmr=0.70,train,d085d,converged,0.1,0.85,1e-08,1000,100,True,0.7,0,6,0,0.0,0.0,0.0,0,0,0,99,0.99,224,873,0.03495355541319667,4,0.017857142857142856,7.794642857142857,5,0.09748208645779809,0.2033267694640679,51,0.03427195799999794
t=0.10|d=0.85|tol=1e-08|iter=1000|words=100|mmr=0.70,train,d086d,converged,0.1,0.85,1e-08,1000,100,True,0.7,0,7,0,0.0,0.0,0.0,0,0,0,100,1.0,416,3083,0.0357159406858202,5,0.01201923076923077,14.822115384615385,8,0.013575002322077204,0.20463786250885385,45,0.12173129199999977
t=0.10|d=0.85|tol=1e-08|iter=1000|words=100|mmr=0.70,train,d087d,converged,0.1,0.85,1e-08,1000,100,True,0.7,1,7,17,0.14285714285714285,0.058823529411764705,0.08333333333333333,0,1,1,99,0.99,292,1187,0.027938615073200584,10,0.03424657534246575,8.13013698630137,12,0.06519734192997581,0.3775915212073061,83,0.06672641699999815
t=0.10|d=0.85|tol=1e-08|iter=1000|words=100|mmr=0.70,train,d089d,converged,0.1,0.85,1e-08,1000,100,True,0.7,0,7,18,0.0,0.0,0.0,0,0,0,100,1.0,386,2604,0.035044747998115876,5,0.012953367875647668,13.492227979274611,6,0.06848776393561772,0.1766344430187588,48,0.09406304199999482
t=0.10|d=0.85|tol=1e-08|iter=1000|words=100|mmr=0.70,train,d090d,converged,0.1,0.85,1e-08,1000,100,True,0.7,0,9,0,0.0,0.0,0.0,0,0,0,99,0.99,261,1190,0.03507220748600059,12,0.04597701149425287,9.118773946360154,14,0.15851311755206687,1.0,43,0.04377699999999862
t=0.10|d=0.85|tol=1e-08|iter=1000|words=100|mmr=0.70,train,d091c,converged,0.1,0.85,1e-08,1000,100,True,0.7,2,6,13,0.3333333333333333,0.15384615384615385,0.21052631578947367,1,1,1,100,1.0,280,1942,0.04971838197644649,2,0.007142857142857143,13.871428571428572,4,0.04724398361132624,0.2049136164357359,51,0.055945583999999826
t=0.10|d=0.85|tol=1e-08|iter=1000|words=100|mmr=0.70,train,d092c,converged,0.1,0.85,1e-08,1000,100,True,0.7,0,9,19,0.0,0.0,0.0,0,0,0,100,1.0,291,1406,0.03332148358810286,14,0.048109965635738834,9.663230240549828,18,0.12584576801044886,0.48616896086396527,57,0.052988708999997414
t=0.10|d=0.85|tol=1e-08|iter=1000|words=100|mmr=0.70,train,d093c,converged,0.1,0.85,1e-08,1000,100,True,0.7,1,7,18,0.14285714285714285,0.05555555555555555,0.08,1,1,1,100,1.0,264,832,0.02396589468832815,10,0.03787878787878788,6.303030303030303,17,0.025814605062301405,0.1659402827597857,74,0.04182791599999547
t=0.10|d=0.85|tol=1e-08|iter=1000|words=100|mmr=0.70,train,d094c,converged,0.1,0.85,1e-08,1000,100,True,0.7,2,5,10,0.4,0.2,0.26666666666666666,1,1,1,100,1.0,185,462,0.027144535840188014,16,0.08648648648648649,4.994594594594594,21,0.016358186483308314,0.12001362522623643,53,0.024926458999999568
t=0.10|d=0.85|tol=1e-08|iter=1000|words=100|mmr=0.70,train,d095c,converged,0.1,0.85,1e-08,1000,100,True,0.7,1,5,13,0.2,0.07692307692307693,0.1111111111111111,0,0,1,100,1.0,240,858,0.0299163179916318,9,0.0375,7.15,10,0.051947783638093915,0.265407035830987,47,0.037192957999998555
t=0.10|d=0.85|tol=1e-08|iter=1000|words=100|mmr=0.70,train,d096c,converged,0.1,0.85,1e-08,1000,100,True,0.7,1,10,15,0.1,0.06666666666666667,0.08,0,1,1,100,1.0,274,1073,0.028689072484692924,12,0.043795620437956206,7.8321167883211675,18,0.08586849158024491,0.540754116624691,59,0.04438779200000198
t=0.10|d=0.85|tol=1e-08|iter=1000|words=100|mmr=0.70,train,d097e,converged,0.1,0.85,1e-08,1000,100,True,0.7,0,5,0,0.0,0.0,0.0,0,0,0,100,1.0,225,775,0.030753968253968252,7,0.03111111111111111,6.888888888888889,8,0.022529209379092585,0.15819776839198316,55,0.03520495899999787
t=0.10|d=0.85|tol=1e-08|iter=1000|words=100|mmr=0.70,train,d098e,converged,0.1,0.85,1e-08,1000,100,True,0.7,0,3,0,0.0,0.0,0.0,0,0,0,99,0.99,454,3421,0.0332681778841011,5,0.011013215859030838,15.070484581497798,8,0.029422991392522732,0.05574167598898049,56,0.13347299999999507
t=0.10|d=0.85|tol=1e-08|iter=1000|words=100|mmr=0.70,train,d099e,converged,0.1,0.85,1e-08,1000,100,True,0.7,1,6,20,0.16666666666666666,0.05,0.07692307692307691,0,0,1,100,1.0,469,2266,0.020647677364095274,16,0.03411513859275053,9.663113006396589,19,0.05030500974134414,0.26359620177873805,59,0.1135556249999965
t=0.10|d=0.85|tol=1e-08|iter=1000|words=100|mmr=0.70,train,d100e,converged,0.1,0.85,1e-08,1000,100,True,0.7,0,11,10,0.0,0.0,0.0,0,0,0,100,1.0,592,3825,0.021865139250926053,14,0.02364864864864865,12.922297297297296,15,0.07600018299202078,0.7089479581710512,43,0.16883225000000124
t=0.10|d=0.85|tol=1e-08|iter=1000|words=100|mmr=0.70,train,d101e,converged,0.1,0.85,1e-08,1000,100,True,0.7,0,7,10,0.0,0.0,0.0,0,0,0,100,1.0,514,3566,0.02704773173747165,16,0.0311284046692607,13.875486381322958,24,0.05721667011742464,1.0,79,0.1461899159999973
t=0.10|d=0.85|tol=1e-08|iter=1000|words=100|mmr=0.70,train,d102e,converged,0.1,0.85,1e-08,1000,100,True,0.7,0,9,16,0.0,0.0,0.0,0,0,0,100,1.0,678,5041,0.02196485448991952,6,0.008849557522123894,14.870206489675516,8,0.03257253746146636,0.2182847832217777,78,0.26237429199999696
t=0.10|d=0.85|tol=1e-08|iter=1000|words=100|mmr=0.70,train,d103g,converged,0.1,0.85,1e-08,1000,100,True,0.7,0,8,18,0.0,0.0,0.0,0,0,0,100,1.0,219,1017,0.042603996481085836,9,0.0410958904109589,9.287671232876713,11,0.08208475834062334,1.0,54,0.035191292000000374
t=0.10|d=0.85|tol=1e-08|iter=1000|words=100|mmr=0.70,train,d104g,converged,0.1,0.85,1e-08,1000,100,True,0.7,0,9,0,0.0,0.0,0.0,0,0,0,100,1.0,352,2972,0.04810929810929811,4,0.011363636363636364,16.886363636363637,5,0.07131796546323536,0.5397939931807466,51,0.08168529200000307
t=0.10|d=0.85|tol=1e-08|iter=1000|words=100|mmr=0.70,train,d105g,converged,0.1,0.85,1e-08,1000,100,True,0.7,0,4,11,0.0,0.0,0.0,0,0,0,100,1.0,266,724,0.02054192083983544,9,0.03383458646616541,5.443609022556391,10,0.022217842767017937,0.13330705660210762,66,0.04860666700000138
t=0.10|d=0.85|tol=1e-08|iter=1000|words=100|mmr=0.70,train,d106g,converged,0.1,0.85,1e-08,1000,100,True,0.7,0,5,0,0.0,0.0,0.0,0,0,0,100,1.0,237,733,0.02621039834084245,19,0.08016877637130802,6.185654008438819,20,0.0781676414471939,0.23708289736651472,54,0.03697375000000136
t=0.10|d=0.85|tol=1e-08|iter=1000|words=100|mmr=0.70,train,d107g,converged,0.1,0.85,1e-08,1000,100,True,0.7,0,12,12,0.0,0.0,0.0,0,0,0,100,1.0,271,840,0.022960229602296024,11,0.04059040590405904,6.199261992619927,12,0.03808417506833431,1.0,54,0.044764792000002274
t=0.10|d=0.85|tol=1e-08|iter=1000|words=100|mmr=0.70,train,d108g,converged,0.1,0.85,1e-08,1000,100,True,0.7,0,6,0,0.0,0.0,0.0,0,0,0,100,1.0,216,996,0.04289405684754522,11,0.05092592592592592,9.222222222222221,12,0.17565838093402328,0.9999999999999998,47,0.032671125000000245
t=0.10|d=0.85|tol=1e-08|iter=1000|words=100|mmr=0.70,train,d109h,converged,0.1,0.85,1e-08,1000,100,True,0.7,0,2,20,0.0,0.0,0.0,0,0,0,100,1.0,143,722,0.07111198660494435,1,0.006993006993006993,10.097902097902098,2,0.028258837928147887,0.028258837928147887,47,0.021209209000005558
t=0.10|d=0.85|tol=1e-08|iter=1000|words=100|mmr=0.70,train,d110h,converged,0.1,0.85,1e-08,1000,100,True,0.7,0,10,20,0.0,0.0,0.0,0,0,0,100,1.0,453,3852,0.03762527105432808,5,0.011037527593818985,17.00662251655629,7,0.023795947772897348,0.31457271735503556,47,0.13565975000000208
t=0.10|d=0.85|tol=1e-08|iter=1000|words=100|mmr=0.70,train,d111h,converged,0.1,0.85,1e-08,1000,100,True,0.7,1,9,14,0.1111111111111111,0.07142857142857142,0.08695652173913043,1,1,1,100,1.0,214,536,0.023518055372734853,11,0.0514018691588785,5.009345794392523,14,0.03579291144453803,0.24046095945377638,56,0.03044895900000455
t=0.12|d=0.85|tol=1e-08|iter=1000|words=100|mmr=0.70,train,d061j,converged,0.12,0.85,1e-08,1000,100,True,0.7,0,5,18,0.0,0.0,0.0,0,0,0,99,0.99,186,574,0.03336239465271723,14,0.07526881720430108,6.172043010752688,15,0.09439855226135377,0.26991896952107053,60,0.025925665999999126
t=0.12|d=0.85|tol=1e-08|iter=1000|words=100|mmr=0.70,train,d062j,converged,0.12,0.85,1e-08,1000,100,True,0.7,0,6,0,0.0,0.0,0.0,0,0,0,99,0.99,120,138,0.019327731092436976,17,0.14166666666666666,2.3,25,0.034426177697733734,0.24710351783829648,71,0.012397583000002044
t=0.12|d=0.85|tol=1e-08|iter=1000|words=100|mmr=0.70,train,d063j,converged,0.12,0.85,1e-08,1000,100,True,0.7,1,5,18,0.2,0.05555555555555555,0.08695652173913045,0,1,1,99,0.99,253,772,0.024217328565154652,11,0.043478260869565216,6.102766798418973,14,0.03867633469473334,0.14125303804211065,84,0.04550354199999873
t=0.12|d=0.85|tol=1e-08|iter=1000|words=100|mmr=0.70,train,d064j,converged,0.12,0.85,1e-08,1000,100,True,0.7,0,7,19,0.0,0.0,0.0,0,0,0,100,1.0,199,311,0.015786000710623825,24,0.12060301507537688,3.1256281407035176,30,0.02322153528045625,0.17190936472085516,60,0.029953375000005167
t=0.12|d=0.85|tol=1e-08|iter=1000|words=100|mmr=0.70,train,d065j,converged,0.12,0.85,1e-08,1000,100,True,0.7,0,7,12,0.0,0.0,0.0,0,0,0,100,1.0,309,870,0.018282688185600807,22,0.07119741100323625,5.631067961165049,24,0.032712337958526225,0.23302693899176166,50,0.0528094579999987
t=0.12|d=0.85|tol=1e-08|iter=1000|words=100|mmr=0.70,train,d066j,converged,0.12,0.85,1e-08,1000,100,True,0.7,1,11,19,0.09090909090909091,0.05263157894736842,0.06666666666666667,1,1,1,100,1.0,204,274,0.013232879358640008,31,0.15196078431372548,2.6862745098039214,39,0.01698254453690583,0.35424744376376716,85,0.02757383299999816
t=0.12|d=0.85|tol=1e-08|iter=1000|words=100|mmr=0.70,train,d067f,converged,0.12,0.85,1e-08,1000,100,True,0.7,0,5,0,0.0,0.0,0.0,0,0,0,98,0.98,134,322,0.03613511390416339,11,0.08208955223880597,4.8059701492537314,13,0.013445858999880678,0.07633896229229942,70,0.015545584000001611
t=0.12|d=0.85|tol=1e-08|iter=1000|words=100|mmr=0.70,train,d068f,converged,0.12,0.85,1e-08,1000,100,True,0.7,0,8,0,0.0,0.0,0.0,0,0,0,100,1.0,136,421,0.045860566448801744,11,0.08088235294117647,6.1911764705882355,13,0.09734536303803319,0.9999999999999999,58,0.016096582999999498
t=0.12|d=0.85|tol=1e-08|iter=1000|words=100|mmr=0.70,train,d069f,converged,0.12,0.85,1e-08,1000,100,True,0.7,0,4,14,0.0,0.0,0.0,0,0,0,100,1.0,331,879,0.0160944795385883,15,0.045317220543806644,5.311178247734139,17,0.13392990372232264,0.24329259656918506,82,0.07152766699999802
t=0.12|d=0.85|tol=1e-08|iter=1000|words=100|mmr=0.70,train,d070f,converged,0.12,0.85,1e-08,1000,100,True,0.7,1,8,16,0.125,0.0625,0.08333333333333333,0,1,1,100,1.0,167,454,0.03275376956929515,18,0.10778443113772455,5.437125748502994,19,0.06850910624568912,0.3394669290404032,54,0.020573917000000108
t=0.12|d=0.85|tol=1e-08|iter=1000|words=100|mmr=0.70,train,d071f,converged,0.12,0.85,1e-08,1000,100,True,0.7,0,9,0,0.0,0.0,0.0,0,0,0,100,1.0,155,192,0.01608713866778383,36,0.23225806451612904,2.47741935483871,47,0.03592673871766127,0.6086420297263238,73,0.015256000000000824
t=0.12|d=0.85|tol=1e-08|iter=1000|words=100|mmr=0.70,train,d072f,converged,0.12,0.85,1e-08,1000,100,True,0.7,0,8,0,0.0,0.0,0.0,0,0,0,99,0.99,378,1004,0.014090634780289952,32,0.08465608465608465,5.3121693121693125,37,0.039726720848833226,0.6401152146171181,85,0.0914545410000045
t=0.12|d=0.85|tol=1e-08|iter=1000|words=100|mmr=0.70,train,d073b,converged,0.12,0.85,1e-08,1000,100,True,0.7,0,8,12,0.0,0.0,0.0,0,0,0,100,1.0,253,855,0.026821005081874648,21,0.08300395256916997,6.758893280632411,29,0.05771117959619184,0.26648851292348996,77,0.044976250000004825
t=0.12|d=0.85|tol=1e-08|iter=1000|words=100|mmr=0.70,train,d074b,converged,0.12,0.85,1e-08,1000,100,True,0.7,0,10,0,0.0,0.0,0.0,0,0,0,100,1.0,256,889,0.027236519607843138,15,0.05859375,6.9453125,30,0.0,0.0,78,0.04213649999999802
t=0.12|d=0.85|tol=1e-08|iter=1000|words=100|mmr=0.70,train,d075b,converged,0.12,0.85,1e-08,1000,100,True,0.7,0,4,13,0.0,0.0,0.0,0,0,0,100,1.0,277,1028,0.026892690838696175,3,0.010830324909747292,7.422382671480144,4,0.11075942201161953,0.28901336419914253,55,0.05149720800000068
t=0.12|d=0.85|tol=1e-08|iter=1000|words=100|mmr=0.70,train,d076b,converged,0.12,0.85,1e-08,1000,100,True,0.7,0,11,13,0.0,0.0,0.0,0,0,0,100,1.0,323,656,0.012614656846720381,24,0.07430340557275542,4.061919504643963,26,0.02908362630761675,0.24207705704771784,57,0.06313287500000087
t=0.12|d=0.85|tol=1e-08|iter=1000|words=100|mmr=0.70,train,d077b,converged,0.12,0.85,1e-08,1000,100,True,0.7,0,9,14,0.0,0.0,0.0,0,0,0,100,1.0,340,1341,0.023269130661114003,7,0.020588235294117647,7.8882352941176475,8,0.03073316153671507,0.25049967829158,68,0.07549216599999653
t=0.12|d=0.85|tol=1e-08|iter=1000|words=100|mmr=0.70,train,d078b,converged,0.12,0.85,1e-08,1000,100,True,0.7,0,6,0,0.0,0.0,0.0,0,0,0,99,0.99,276,598,0.01575757575757576,18,0.06521739130434782,4.333333333333333,22,0.05765425601268563,0.43207672375190964,51,0.04334595799999619
t=0.12|d=0.85|tol=1e-08|iter=1000|words=100|mmr=0.70,train,d079a,converged,0.12,0.85,1e-08,1000,100,True,0.7,0,6,14,0.0,0.0,0.0,0,0,0,100,1.0,316,1565,0.031444645368696005,8,0.02531645569620253,9.905063291139241,10,0.03048780920389172,0.1890933889304497,87,0.08506720899999465
t=0.12|d=0.85|tol=1e-08|iter=1000|words=100|mmr=0.70,train,d080a,converged,0.12,0.85,1e-08,1000,100,True,0.7,0,10,10,0.0,0.0,0.0,0,0,0,100,1.0,557,3352,0.02164731410562753,12,0.02154398563734291,12.035906642728905,13,0.061060590209523084,0.44325961017662285,48,0.17117308399999587
t=0.12|d=0.85|tol=1e-08|iter=1000|words=100|mmr=0.70,train,d081a,converged,0.12,0.85,1e-08,1000,100,True,0.7,1,7,17,0.14285714285714285,0.058823529411764705,0.08333333333333333,0,1,1,100,1.0,299,933,0.02094229085766874,26,0.08695652173913043,6.240802675585284,29,0.01799878554499718,0.14318285029097974,54,0.056181250000001626
t=0.12|d=0.85|tol=1e-08|iter=1000|words=100|mmr=0.70,train,d082a,converged,0.12,0.85,1e-08,1000,100,True,0.7,1,7,12,0.14285714285714285,0.08333333333333333,0.10526315789473685,1,1,1,100,1.0,209,429,0.019736842105263157,19,0.09090909090909091,4.105263157894737,24,0.07287316593953796,1.0,68,0.032799458999996034
t=0.12|d=0.85|tol=1e-08|iter=1000|words=100|mmr=0.70,train,d083a,converged,0.12,0.85,1e-08,1000,100,True,0.7,1,6,17,0.16666666666666666,0.058823529411764705,0.08695652173913045,0,1,1,100,1.0,224,869,0.03479340166559897,5,0.022321428571428572,7.758928571428571,9,0.13357624167530416,1.0,59,0.036993041999998866
t=0.12|d=0.85|tol=1e-08|iter=1000|words=100|mmr=0.70,train,d084a,converged,0.12,0.85,1e-08,1000,100,True,0.7,0,8,0,0.0,0.0,0.0,0,0,0,100,1.0,366,1896,0.028385358185492926,10,0.0273224043715847,10.360655737704919,14,0.03319906017833444,0.26512441540086007,58,0.08933499999999839
t=0.12|d=0.85|tol=1e-08|iter=1000|words=100|mmr=0.70,train,d085d,converged,0.12,0.85,1e-08,1000,100,True,0.7,0,9,0,0.0,0.0,0.0,0,0,0,99,0.99,224,592,0.02370275464445868,14,0.0625,5.285714285714286,15,0.07953254000412831,0.5758265182499325,61,0.045966542000002164
t=0.12|d=0.85|tol=1e-08|iter=1000|words=100|mmr=0.70,train,d086d,converged,0.12,0.85,1e-08,1000,100,True,0.7,0,7,0,0.0,0.0,0.0,0,0,0,100,1.0,416,2074,0.02402687673772011,15,0.036057692307692304,9.971153846153847,18,0.013575002322077204,0.20463786250885385,54,0.11898916700000228
t=0.12|d=0.85|tol=1e-08|iter=1000|words=100|mmr=0.70,train,d087d,converged,0.12,0.85,1e-08,1000,100,True,0.7,1,7,17,0.14285714285714285,0.058823529411764705,0.08333333333333333,0,1,1,99,0.99,292,751,0.01767641105305277,28,0.0958904109589041,5.1438356164383565,32,0.06519734192997581,0.3775915212073061,83,0.08308850000000234
t=0.12|d=0.85|tol=1e-08|iter=1000|words=100|mmr=0.70,train,d089d,converged,0.12,0.85,1e-08,1000,100,True,0.7,0,8,18,0.0,0.0,0.0,0,0,0,100,1.0,386,1780,0.023955319292106855,10,0.025906735751295335,9.22279792746114,12,0.050020736249784516,0.17762735518154277,57,0.10449516699999606
t=0.12|d=0.85|tol=1e-08|iter=1000|words=100|mmr=0.70,train,d090d,converged,0.12,0.85,1e-08,1000,100,True,0.7,0,9,0,0.0,0.0,0.0,0,0,0,99,0.99,261,819,0.02413793103448276,22,0.0842911877394636,6.275862068965517,24,0.12788262738888947,1.0,55,0.048493750000005775
t=0.12|d=0.85|tol=1e-08|iter=1000|words=100|mmr=0.70,train,d091c,converged,0.12,0.85,1e-08,1000,100,True,0.7,1,6,13,0.16666666666666666,0.07692307692307693,0.10526315789473684,0,1,1,100,1.0,280,1342,0.03435739887352791,4,0.014285714285714285,9.585714285714285,9,0.12504281238600132,0.9999999999999998,52,0.06892004199999491
t=0.12|d=0.85|tol=1e-08|iter=1000|words=100|mmr=0.70,train,d092c,converged,0.12,0.85,1e-08,1000,100,True,0.7,0,6,19,0.0,0.0,0.0,0,0,0,100,1.0,291,1006,0.02384168740372082,30,0.10309278350515463,6.914089347079038,37,0.10447009304820108,0.4424510364173557,58,0.05049945899999386
t=0.12|d=0.85|tol=1e-08|iter=1000|words=100|mmr=0.70,train,d093c,converged,0.12,0.85,1e-08,1000,100,True,0.7,0,9,18,0.0,0.0,0.0,0,0,0,100,1.0,264,611,0.017599953911740983,15,0.056818181818181816,4.628787878787879,23,0.023780250534479748,0.3172012781400954,76,0.0410237500000008
t=0.12|d=0.85|tol=1e-08|iter=1000|words=100|mmr=0.70,train,d094c,converged,0.12,0.85,1e-08,1000,100,True,0.7,2,5,10,0.4,0.2,0.26666666666666666,1,1,1,100,1.0,185,286,0.01680376028202115,27,0.14594594594594595,3.091891891891892,32,0.016358186483308314,0.12001362522623643,63,0.024107250000000136
t=0.12|d=0.85|tol=1e-08|iter=1000|words=100|mmr=0.70,train,d095c,converged,0.12,0.85,1e-08,1000,100,True,0.7,1,4,13,0.25,0.07692307692307693,0.11764705882352941,0,0,1,99,0.99,240,611,0.021304044630404462,13,0.05416666666666667,5.091666666666667,14,0.07065687040002944,0.265407035830987,51,0.03535366700000253
t=0.12|d=0.85|tol=1e-08|iter=1000|words=100|mmr=0.70,train,d096c,converged,0.12,0.85,1e-08,1000,100,True,0.7,1,12,15,0.08333333333333333,0.06666666666666667,0.07407407407407407,0,1,1,100,1.0,274,744,0.019892516242881207,15,0.05474452554744526,5.430656934306569,22,0.05227396815845732,0.540754116624691,63,0.04535391699999991
t=0.12|d=0.85|tol=1e-08|iter=1000|words=100|mmr=0.70,train,d097e,converged,0.12,0.85,1e-08,1000,100,True,0.7,0,5,0,0.0,0.0,0.0,0,0,0,100,1.0,225,508,0.020158730158730157,16,0.07111111111111111,4.515555555555555,21,0.005097443386893284,0.05097443386893284,60,0.036565291999998806
t=0.12|d=0.85|tol=1e-08|iter=1000|words=100|mmr=0.70,train,d098e,converged,0.12,0.85,1e-08,1000,100,True,0.7,0,6,0,0.0,0.0,0.0,0,0,0,99,0.99,454,2416,0.023494860499265784,11,0.024229074889867842,10.6431718061674,14,0.0027974727930457333,0.030783180783013526,63,0.14190675000000397
t=0.12|d=0.85|tol=1e-08|iter=1000|words=100|mmr=0.70,train,d099e,converged,0.12,0.85,1e-08,1000,100,True,0.7,1,9,20,0.1111111111111111,0.05,0.06896551724137932,0,0,0,100,1.0,469,1462,0.013321670038087948,27,0.057569296375266525,6.23454157782516,33,0.04135088090821324,0.5488055282291721,80,0.11347875000000585
t=0.12|d=0.85|tol=1e-08|iter=1000|words=100|mmr=0.70,train,d100e,converged,0.12,0.85,1e-08,1000,100,True,0.7,0,13,10,0.0,0.0,0.0,0,0,0,100,1.0,592,2582,0.01475968354140943,23,0.03885135135135135,8.722972972972974,25,0.06274266470865876,0.7089479581710512,48,0.1724873329999994
t=0.12|d=0.85|tol=1e-08|iter=1000|words=100|mmr=0.70,train,d101e,converged,0.12,0.85,1e-08,1000,100,True,0.7,0,7,10,0.0,0.0,0.0,0,0,0,100,1.0,514,2776,0.02105566553651747,24,0.04669260700389105,10.801556420233464,36,0.05612549188155779,1.0,79,0.14350254200000023
t=0.12|d=0.85|tol=1e-08|iter=1000|words=100|mmr=0.70,train,d102e,converged,0.12,0.85,1e-08,1000,100,True,0.7,0,8,16,0.0,0.0,0.0,0,0,0,100,1.0,678,3288,0.014326610109671768,13,0.019174041297935103,9.699115044247788,15,0.049843465642896254,0.23606455911926602,78,0.25637600000000305
t=0.12|d=0.85|tol=1e-08|iter=1000|words=100|mmr=0.70,train,d103g,converged,0.12,0.85,1e-08,1000,100,True,0.7,0,6,18,0.0,0.0,0.0,0,0,0,100,1.0,219,706,0.029575635708600393,16,0.0730593607305936,6.447488584474886,18,0.10020901855416935,0.29717975053768386,59,0.03546516699999813
t=0.12|d=0.85|tol=1e-08|iter=1000|words=100|mmr=0.70,train,d104g,converged,0.12,0.85,1e-08,1000,100,True,0.7,0,12,0,0.0,0.0,0.0,0,0,0,99,0.99,352,1958,0.0316951566951567,10,0.028409090909090908,11.125,12,0.11683428629882807,0.8324096784240027,60,0.08146899999999846
t=0.12|d=0.85|tol=1e-08|iter=1000|words=100|mmr=0.70,train,d105g,converged,0.12,0.85,1e-08,1000,100,True,0.7,0,7,11,0.0,0.0,0.0,0,0,0,100,1.0,266,475,0.013477088948787063,19,0.07142857142857142,3.5714285714285716,24,0.0016844974544254123,0.03537444654293366,84,0.04849908300000294
t=0.12|d=0.85|tol=1e-08|iter=1000|words=100|mmr=0.70,train,d106g,converged,0.12,0.85,1e-08,1000,100,True,0.7,0,6,0,0.0,0.0,0.0,0,0,0,100,1.0,237,491,0.017557033540728028,32,0.1350210970464135,4.143459915611814,35,0.05269868898833108,0.23708289736651472,57,0.03159591699999709
t=0.12|d=0.85|tol=1e-08|iter=1000|words=100|mmr=0.70,train,d107g,converged,0.12,0.85,1e-08,1000,100,True,0.7,0,9,12,0.0,0.0,0.0,0,0,0,100,1.0,271,565,0.015443487768211016,26,0.0959409594095941,4.169741697416974,27,0.016163843762342804,0.4994165957382576,61,0.043539958000003764
t=0.12|d=0.85|tol=1e-08|iter=1000|words=100|mmr=0.70,train,d108g,converged,0.12,0.85,1e-08,1000,100,True,0.7,0,6,0,0.0,0.0,0.0,0,0,0,100,1.0,216,699,0.030103359173126613,18,0.08333333333333333,6.472222222222222,20,0.17565838093402328,0.9999999999999998,52,0.031137749999999187
t=0.12|d=0.85|tol=1e-08|iter=1000|words=100|mmr=0.70,train,d109h,converged,0.12,0.85,1e-08,1000,100,True,0.7,0,2,20,0.0,0.0,0.0,0,0,0,100,1.0,143,515,0.05072392396336058,4,0.027972027972027972,7.2027972027972025,5,0.028258837928147887,0.028258837928147887,53,0.019146499999997957
t=0.12|d=0.85|tol=1e-08|iter=1000|words=100|mmr=0.70,train,d110h,converged,0.12,0.85,1e-08,1000,100,True,0.7,0,10,20,0.0,0.0,0.0,0,0,0,100,1.0,453,2570,0.025103049483287426,11,0.024282560706401765,11.346578366445916,13,0.023795947772897348,0.31457271735503556,52,0.15659108299999502
t=0.12|d=0.85|tol=1e-08|iter=1000|words=100|mmr=0.70,train,d111h,converged,0.12,0.85,1e-08,1000,100,True,0.7,1,9,14,0.1111111111111111,0.07142857142857142,0.08695652173913043,1,1,1,100,1.0,214,340,0.014918169452854197,28,0.1308411214953271,3.177570093457944,35,0.03579291144453803,0.24046095945377638,84,0.033823083000001475
t=0.15|d=0.85|tol=1e-08|iter=1000|words=100|mmr=0.70,train,d061j,converged,0.15,0.85,1e-08,1000,100,True,0.7,2,6,18,0.3333333333333333,0.1111111111111111,0.16666666666666666,0,1,1,100,1.0,186,361,0.02098227259517582,26,0.13978494623655913,3.881720430107527,28,0.0696753095369538,0.5730896673797231,85,0.030085792000001277
t=0.15|d=0.85|tol=1e-08|iter=1000|words=100|mmr=0.70,train,d062j,converged,0.15,0.85,1e-08,1000,100,True,0.7,0,6,0,0.0,0.0,0.0,0,0,0,100,1.0,120,68,0.009523809523809525,46,0.38333333333333336,1.1333333333333333,60,0.046896119367349505,0.24710351783829648,99,0.013063207999998383
t=0.15|d=0.85|tol=1e-08|iter=1000|words=100|mmr=0.70,train,d063j,converged,0.15,0.85,1e-08,1000,100,True,0.7,2,8,18,0.25,0.1111111111111111,0.15384615384615383,0,1,1,100,1.0,253,475,0.014900558378819248,31,0.1225296442687747,3.7549407114624507,40,0.008393431245151203,0.20503823888947748,70,0.042201374999997654
t=0.15|d=0.85|tol=1e-08|iter=1000|words=100|mmr=0.70,train,d064j,converged,0.15,0.85,1e-08,1000,100,True,0.7,0,9,19,0.0,0.0,0.0,0,0,0,100,1.0,199,165,0.008375209380234505,73,0.36683417085427134,1.6582914572864322,83,0.009503405803553222,0.17190936472085516,88,0.028850957999999594
t=0.15|d=0.85|tol=1e-08|iter=1000|words=100|mmr=0.70,train,d065j,converged,0.15,0.85,1e-08,1000,100,True,0.7,0,8,12,0.0,0.0,0.0,0,0,0,100,1.0,309,489,0.010276131635354936,41,0.13268608414239483,3.1650485436893203,48,0.0524790222403826,0.3908460328866723,82,0.056908042000003434
t=0.15|d=0.85|tol=1e-08|iter=1000|words=100|mmr=0.70,train,d066j,converged,0.15,0.85,1e-08,1000,100,True,0.7,0,8,19,0.0,0.0,0.0,0,0,0,100,1.0,204,137,0.006616439679320004,69,0.3382352941176471,1.3431372549019607,91,0.028706758876302946,0.35424744376376716,96,0.028999291999994625
t=0.15|d=0.85|tol=1e-08|iter=1000|words=100|mmr=0.70,train,d067f,converged,0.15,0.85,1e-08,1000,100,True,0.7,0,6,0,0.0,0.0,0.0,0,0,0,99,0.99,134,196,0.02199528672427337,31,0.23134328358208955,2.925373134328358,39,0.04333078877162415,0.47016743455358545,74,0.015551334000001305
t=0.15|d=0.85|tol=1e-08|iter=1000|words=100|mmr=0.70,train,d068f,converged,0.15,0.85,1e-08,1000,100,True,0.7,0,9,0,0.0,0.0,0.0,0,0,0,100,1.0,136,283,0.03082788671023965,15,0.11029411764705882,4.161764705882353,20,0.07218124857274505,0.9999999999999999,66,0.01614825000000053
t=0.15|d=0.85|tol=1e-08|iter=1000|words=100|mmr=0.70,train,d069f,converged,0.15,0.85,1e-08,1000,100,True,0.7,0,4,14,0.0,0.0,0.0,0,0,0,100,1.0,331,410,0.007507095120388172,57,0.17220543806646527,2.4773413897280965,74,0.08127931222500823,0.17432934668459826,93,0.0724772499999986
t=0.15|d=0.85|tol=1e-08|iter=1000|words=100|mmr=0.70,train,d070f,converged,0.15,0.85,1e-08,1000,100,True,0.7,1,7,16,0.14285714285714285,0.0625,0.08695652173913043,1,1,1,100,1.0,167,265,0.019118389726570956,32,0.19161676646706588,3.1736526946107784,37,0.052971820844836065,0.3394669290404032,73,0.02064079199999469
t=0.15|d=0.85|tol=1e-08|iter=1000|words=100|mmr=0.70,train,d071f,converged,0.15,0.85,1e-08,1000,100,True,0.7,0,9,0,0.0,0.0,0.0,0,0,0,100,1.0,155,137,0.011478843736908254,54,0.34838709677419355,1.767741935483871,71,0.024423066026422656,0.6086420297263238,92,0.015884874999997578
t=0.15|d=0.85|tol=1e-08|iter=1000|words=100|mmr=0.70,train,d072f,converged,0.15,0.85,1e-08,1000,100,True,0.7,0,7,0,0.0,0.0,0.0,0,0,0,100,1.0,378,537,0.0075365247779040885,84,0.2222222222222222,2.8412698412698414,97,0.003828402982618847,0.08039646263499578,89,0.08419416699999971
t=0.15|d=0.85|tol=1e-08|iter=1000|words=100|mmr=0.70,train,d073b,converged,0.15,0.85,1e-08,1000,100,True,0.7,0,7,12,0.0,0.0,0.0,0,0,0,100,1.0,253,646,0.020264759395194176,45,0.17786561264822134,5.106719367588933,57,0.05715753817795964,0.2473562343896984,85,0.04443716699999811
t=0.15|d=0.85|tol=1e-08|iter=1000|words=100|mmr=0.70,train,d074b,converged,0.15,0.85,1e-08,1000,100,True,0.7,0,12,0,0.0,0.0,0.0,0,0,0,100,1.0,256,755,0.023131127450980393,24,0.09375,5.8984375,48,0.0,0.0,76,0.03923391600000059
t=0.15|d=0.85|tol=1e-08|iter=1000|words=100|mmr=0.70,train,d075b,converged,0.15,0.85,1e-08,1000,100,True,0.7,0,6,13,0.0,0.0,0.0,0,0,0,99,0.99,277,582,0.015225239365876629,28,0.10108303249097472,4.20216606498195,30,0.06924519312780146,0.34551764815242225,69,0.05127220800000032
t=0.15|d=0.85|tol=1e-08|iter=1000|words=100|mmr=0.70,train,d076b,converged,0.15,0.85,1e-08,1000,100,True,0.7,0,8,13,0.0,0.0,0.0,0,0,0,100,1.0,323,331,0.006365017402842144,66,0.2043343653250774,2.0495356037151704,85,0.01774568937645319,0.21313451712747633,90,0.06729158399999591
t=0.15|d=0.85|tol=1e-08|iter=1000|words=100|mmr=0.70,train,d077b,converged,0.15,0.85,1e-08,1000,100,True,0.7,0,7,14,0.0,0.0,0.0,0,0,0,99,0.99,340,759,0.013170223841749089,35,0.10294117647058823,4.464705882352941,48,0.08194476743179305,0.44868066784721783,88,0.07608687500000144
t=0.15|d=0.85|tol=1e-08|iter=1000|words=100|mmr=0.70,train,d078b,converged,0.15,0.85,1e-08,1000,100,True,0.7,0,10,0,0.0,0.0,0.0,0,0,0,100,1.0,276,341,0.008985507246376812,52,0.18840579710144928,2.471014492753623,61,0.010425310266459186,0.25194757211771057,83,0.057182250000003876
t=0.15|d=0.85|tol=1e-08|iter=1000|words=100|mmr=0.70,train,d079a,converged,0.15,0.85,1e-08,1000,100,True,0.7,0,8,14,0.0,0.0,0.0,0,0,0,100,1.0,316,931,0.01870604781997187,19,0.060126582278481014,5.8924050632911396,22,0.035548837256631265,0.2696834103517419,82,0.07209050000000161
t=0.15|d=0.85|tol=1e-08|iter=1000|words=100|mmr=0.70,train,d080a,converged,0.15,0.85,1e-08,1000,100,True,0.7,0,12,10,0.0,0.0,0.0,0,0,0,100,1.0,557,2072,0.013381036642858066,32,0.05745062836624776,7.439856373429085,33,0.031605077929541925,0.44325961017662285,57,0.15547220799999906
t=0.15|d=0.85|tol=1e-08|iter=1000|words=100|mmr=0.70,train,d081a,converged,0.15,0.85,1e-08,1000,100,True,0.7,0,8,17,0.0,0.0,0.0,0,0,0,100,1.0,299,500,0.011223092635406613,48,0.1605351170568562,3.3444816053511706,55,0.014669369360442238,0.23481692216090375,87,0.056055457999995895
t=0.15|d=0.85|tol=1e-08|iter=1000|words=100|mmr=0.70,train,d082a,converged,0.15,0.85,1e-08,1000,100,True,0.7,1,8,12,0.125,0.08333333333333333,0.1,0,1,1,100,1.0,209,248,0.011409642988590356,53,0.2535885167464115,2.373205741626794,67,0.07836502913711048,1.0,91,0.03515470800000031
t=0.15|d=0.85|tol=1e-08|iter=1000|words=100|mmr=0.70,train,d083a,converged,0.15,0.85,1e-08,1000,100,True,0.7,0,5,17,0.0,0.0,0.0,0,0,0,100,1.0,224,549,0.021981101857783472,17,0.07589285714285714,4.901785714285714,24,0.06766895305232641,0.2030437195722716,66,0.03568733299999849
t=0.15|d=0.85|tol=1e-08|iter=1000|words=100|mmr=0.70,train,d084a,converged,0.15,0.85,1e-08,1000,100,True,0.7,0,9,0,0.0,0.0,0.0,0,0,0,100,1.0,366,1108,0.01658806796915937,25,0.06830601092896176,6.054644808743169,36,0.04318142642491871,0.4314009644194826,63,0.08001383300000242
t=0.15|d=0.85|tol=1e-08|iter=1000|words=100|mmr=0.70,train,d085d,converged,0.15,0.85,1e-08,1000,100,True,0.7,0,8,0,0.0,0.0,0.0,0,0,0,99,0.99,224,315,0.012612107623318386,43,0.19196428571428573,2.8125,56,0.006855485896174297,0.17429466231945207,85,0.03526033400000017
t=0.15|d=0.85|tol=1e-08|iter=1000|words=100|mmr=0.70,train,d086d,converged,0.15,0.85,1e-08,1000,100,True,0.7,0,7,0,0.0,0.0,0.0,0,0,0,100,1.0,416,1218,0.014110287303058387,37,0.0889423076923077,5.855769230769231,47,0.013575002322077204,0.20463786250885385,65,0.09771962499999631
t=0.15|d=0.85|tol=1e-08|iter=1000|words=100|mmr=0.70,train,d087d,converged,0.15,0.85,1e-08,1000,100,True,0.7,1,7,17,0.14285714285714285,0.058823529411764705,0.08333333333333333,0,1,1,100,1.0,292,436,0.010262204020147813,64,0.2191780821917808,2.9863013698630136,72,0.06519734192997581,0.3775915212073061,86,0.05532983399999836
t=0.15|d=0.85|tol=1e-08|iter=1000|words=100|mmr=0.70,train,d089d,converged,0.15,0.85,1e-08,1000,100,True,0.7,0,6,18,0.0,0.0,0.0,0,0,0,100,1.0,386,1077,0.01449431397617926,34,0.08808290155440414,5.580310880829016,41,0.014004423113566023,0.10463168376797183,69,0.0842497499999979
t=0.15|d=0.85|tol=1e-08|iter=1000|words=100|mmr=0.70,train,d090d,converged,0.15,0.85,1e-08,1000,100,True,0.7,0,10,0,0.0,0.0,0.0,0,0,0,100,1.0,261,491,0.014470969643383437,45,0.1724137931034483,3.7624521072796937,53,0.10962170467318735,1.0,71,0.04270162499999941
t=0.15|d=0.85|tol=1e-08|iter=1000|words=100|mmr=0.70,train,d091c,converged,0.15,0.85,1e-08,1000,100,True,0.7,0,7,13,0.0,0.0,0.0,0,0,0,100,1.0,280,845,0.02163338453661034,20,0.07142857142857142,6.035714285714286,28,0.016846618351258974,0.20263248397229522,60,0.04690241599999467
t=0.15|d=0.85|tol=1e-08|iter=1000|words=100|mmr=0.70,train,d092c,converged,0.15,0.85,1e-08,1000,100,True,0.7,0,9,19,0.0,0.0,0.0,0,0,0,100,1.0,291,646,0.015309870837776988,64,0.21993127147766323,4.439862542955327,73,0.07672000362628657,0.48616896086396527,68,0.04821979100000107
t=0.15|d=0.85|tol=1e-08|iter=1000|words=100|mmr=0.70,train,d093c,converged,0.15,0.85,1e-08,1000,100,True,0.7,0,7,18,0.0,0.0,0.0,0,0,0,100,1.0,264,432,0.01244382993432423,31,0.11742424242424243,3.272727272727273,45,0.03828833101980294,0.27826271813350706,85,0.03801412500000367
t=0.15|d=0.85|tol=1e-08|iter=1000|words=100|mmr=0.70,train,d094c,converged,0.15,0.85,1e-08,1000,100,True,0.7,1,7,10,0.14285714285714285,0.1,0.11764705882352941,1,1,1,100,1.0,185,148,0.008695652173913044,59,0.31891891891891894,1.6,73,0.01472683599446011,0.10804119245127351,99,0.026081583999996383
t=0.15|d=0.85|tol=1e-08|iter=1000|words=100|mmr=0.70,train,d095c,converged,0.15,0.85,1e-08,1000,100,True,0.7,0,8,13,0.0,0.0,0.0,0,0,0,100,1.0,240,356,0.012412831241283125,40,0.16666666666666666,2.966666666666667,46,0.03551332636144114,0.31097867595022466,86,0.03627216600000338
t=0.15|d=0.85|tol=1e-08|iter=1000|words=100|mmr=0.70,train,d096c,converged,0.15,0.85,1e-08,1000,100,True,0.7,1,9,15,0.1111111111111111,0.06666666666666667,0.08333333333333334,1,1,1,100,1.0,274,469,0.012539771663859256,38,0.1386861313868613,3.423357664233577,48,0.042956293299799525,0.540754116624691,84,0.04171383299999576
t=0.15|d=0.85|tol=1e-08|iter=1000|words=100|mmr=0.70,train,d097e,converged,0.15,0.85,1e-08,1000,100,True,0.7,0,5,0,0.0,0.0,0.0,0,0,0,100,1.0,225,282,0.01119047619047619,47,0.2088888888888889,2.506666666666667,54,0.02382284218410017,0.16961626042289593,88,0.03526366599999875
t=0.15|d=0.85|tol=1e-08|iter=1000|words=100|mmr=0.70,train,d098e,converged,0.15,0.85,1e-08,1000,100,True,0.7,0,6,0,0.0,0.0,0.0,0,0,0,99,0.99,454,1572,0.015287218834787175,21,0.046255506607929514,6.92511013215859,28,0.002052212052200902,0.030783180783013526,81,0.12814758399999704
t=0.15|d=0.85|tol=1e-08|iter=1000|words=100|mmr=0.70,train,d099e,converged,0.15,0.85,1e-08,1000,100,True,0.7,1,14,20,0.07142857142857142,0.05,0.058823529411764705,0,0,0,100,1.0,469,835,0.007608477757731489,76,0.16204690831556504,3.5607675906183367,87,0.014679901673435096,0.5488055282291721,80,0.11819500000000005
t=0.15|d=0.85|tol=1e-08|iter=1000|words=100|mmr=0.70,train,d100e,converged,0.15,0.85,1e-08,1000,100,True,0.7,0,15,10,0.0,0.0,0.0,0,0,0,100,1.0,592,1473,0.008420222252709563,63,0.10641891891891891,4.976351351351352,67,0.019335886011715854,0.2874057683922393,59,0.16129833299999774
t=0.15|d=0.85|tol=1e-08|iter=1000|words=100|mmr=0.70,train,d101e,converged,0.15,0.85,1e-08,1000,100,True,0.7,0,10,10,0.0,0.0,0.0,0,0,0,100,1.0,514,2086,0.01582208872808914,54,0.10505836575875487,8.116731517509727,75,0.01622821763635032,0.26828656132042605,83,0.13132124999999917
t=0.15|d=0.85|tol=1e-08|iter=1000|words=100|mmr=0.70,train,d102e,converged,0.15,0.85,1e-08,1000,100,True,0.7,0,9,16,0.0,0.0,0.0,0,0,0,100,1.0,678,1927,0.008396404404299725,38,0.05604719764011799,5.684365781710914,43,0.02112490110904622,0.23914559096441687,78,0.21584662499999752
t=0.15|d=0.85|tol=1e-08|iter=1000|words=100|mmr=0.70,train,d103g,converged,0.15,0.85,1e-08,1000,100,True,0.7,0,7,18,0.0,0.0,0.0,0,0,0,100,1.0,219,444,0.01859997486489883,35,0.1598173515981735,4.054794520547945,41,0.04620275665393995,0.2560631385769926,84,0.0331495830000037
t=0.15|d=0.85|tol=1e-08|iter=1000|words=100|mmr=0.70,train,d104g,converged,0.15,0.85,1e-08,1000,100,True,0.7,0,14,0,0.0,0.0,0.0,0,0,0,100,1.0,352,1206,0.019522144522144524,27,0.07670454545454546,6.8522727272727275,37,0.08445307993583774,0.8324096784240027,69,0.0733335420000003
t=0.15|d=0.85|tol=1e-08|iter=1000|words=100|mmr=0.70,train,d105g,converged,0.15,0.85,1e-08,1000,100,True,0.7,0,8,11,0.0,0.0,0.0,0,0,0,100,1.0,266,248,0.007036459072208824,61,0.22932330827067668,1.8646616541353382,79,0.006862122563968498,0.08887360414854518,96,0.04773979200000156
t=0.15|d=0.85|tol=1e-08|iter=1000|words=100|mmr=0.70,train,d106g,converged,0.15,0.85,1e-08,1000,100,True,0.7,0,5,0,0.0,0.0,0.0,0,0,0,100,1.0,237,321,0.011478223557176571,55,0.2320675105485232,2.7088607594936707,61,0.10024871954872942,0.2437271858272158,88,0.03302699999999703
t=0.15|d=0.85|tol=1e-08|iter=1000|words=100|mmr=0.70,train,d107g,converged,0.15,0.85,1e-08,1000,100,True,0.7,1,21,12,0.047619047619047616,0.08333333333333333,0.060606060606060615,1,1,1,100,1.0,271,365,0.00997676643433101,48,0.17712177121771217,2.6937269372693726,53,0.013220817095205489,1.0,87,0.04680375000000225
t=0.15|d=0.85|tol=1e-08|iter=1000|words=100|mmr=0.70,train,d108g,converged,0.15,0.85,1e-08,1000,100,True,0.7,0,9,0,0.0,0.0,0.0,0,0,0,100,1.0,216,426,0.01834625322997416,36,0.16666666666666666,3.9444444444444446,39,0.05737072507064936,0.9999999999999998,63,0.031302042000000085
t=0.15|d=0.85|tol=1e-08|iter=1000|words=100|mmr=0.70,train,d109h,converged,0.15,0.85,1e-08,1000,100,True,0.7,0,2,20,0.0,0.0,0.0,0,0,0,100,1.0,143,316,0.031123805771693096,12,0.08391608391608392,4.419580419580419,14,0.028258837928147887,0.028258837928147887,66,0.018849916999997163
t=0.15|d=0.85|tol=1e-08|iter=1000|words=100|mmr=0.70,train,d110h,converged,0.15,0.85,1e-08,1000,100,True,0.7,0,8,20,0.0,0.0,0.0,0,0,0,100,1.0,453,1533,0.014973920178163277,34,0.07505518763796909,6.768211920529802,44,0.03808850308768832,0.31457271735503556,62,0.11285479200000026
t=0.15|d=0.85|tol=1e-08|iter=1000|words=100|mmr=0.70,train,d111h,converged,0.15,0.85,1e-08,1000,100,True,0.7,1,8,14,0.125,0.07142857142857142,0.09090909090909091,0,1,1,100,1.0,214,191,0.00838050107498574,60,0.2803738317757009,1.7850467289719627,79,0.009996649387813403,0.19831854620547942,95,0.029693209000001275
t=0.20|d=0.85|tol=1e-08|iter=1000|words=100|mmr=0.70,train,d061j,converged,0.2,0.85,1e-08,1000,100,True,0.7,2,5,18,0.4,0.1111111111111111,0.1739130434782609,0,1,1,99,0.99,186,161,0.00935774484161581,58,0.3118279569892473,1.7311827956989247,76,0.030532448973507858,0.16756692689504302,96,0.02388912500000373
t=0.20|d=0.85|tol=1e-08|iter=1000|words=100|mmr=0.70,train,d062j,converged,0.2,0.85,1e-08,1000,100,True,0.7,0,7,0,0.0,0.0,0.0,0,0,0,99,0.99,120,22,0.0030812324929971988,87,0.725,0.36666666666666664,100,0.017080742858217306,0.23579238718997453,90,0.011737166999999715
t=0.20|d=0.85|tol=1e-08|iter=1000|words=100|mmr=0.70,train,d063j,converged,0.2,0.85,1e-08,1000,100,True,0.7,1,7,18,0.14285714285714285,0.05555555555555555,0.08,0,1,1,100,1.0,253,243,0.007622811970638058,74,0.2924901185770751,1.9209486166007905,102,0.003550478831657127,0.044582219490043436,91,0.03792620800000179
t=0.20|d=0.85|tol=1e-08|iter=1000|words=100|mmr=0.70,train,d064j,converged,0.2,0.85,1e-08,1000,100,True,0.7,2,7,19,0.2857142857142857,0.10526315789473684,0.15384615384615385,0,1,1,100,1.0,199,77,0.003908431044109436,112,0.5628140703517588,0.7738693467336684,134,0.033225684054134966,0.4207688169246261,91,0.026969416999996554
t=0.20|d=0.85|tol=1e-08|iter=1000|words=100|mmr=0.70,train,d065j,converged,0.2,0.85,1e-08,1000,100,True,0.7,0,9,12,0.0,0.0,0.0,0,0,0,100,1.0,309,204,0.004286975160761568,114,0.36893203883495146,1.3203883495145632,141,0.02798077899606313,0.3908460328866723,91,0.057987791999998706
t=0.20|d=0.85|tol=1e-08|iter=1000|words=100|mmr=0.70,train,d066j,converged,0.2,0.85,1e-08,1000,100,True,0.7,1,10,19,0.1,0.05263157894736842,0.06896551724137931,1,1,1,100,1.0,204,51,0.0024630541871921183,136,0.6666666666666666,0.5,160,0.008869161779354267,0.1487804502531181,82,0.030210584000002427
t=0.20|d=0.85|tol=1e-08|iter=1000|words=100|mmr=0.70,train,d067f,converged,0.2,0.85,1e-08,1000,100,True,0.7,0,7,0,0.0,0.0,0.0,0,0,0,100,1.0,134,116,0.013017618673549546,64,0.47761194029850745,1.7313432835820894,74,0.012599840991334356,0.1523192074638568,90,0.016332208000001458
t=0.20|d=0.85|tol=1e-08|iter=1000|words=100|mmr=0.70,train,d068f,converged,0.2,0.85,1e-08,1000,100,True,0.7,0,9,0,0.0,0.0,0.0,0,0,0,100,1.0,136,169,0.018409586056644882,30,0.22058823529411764,2.485294117647059,38,0.048418761665385814,0.9999999999999999,71,0.01403774999999996
t=0.20|d=0.85|tol=1e-08|iter=1000|words=100|mmr=0.70,train,d069f,converged,0.2,0.85,1e-08,1000,100,True,0.7,2,4,14,0.5,0.14285714285714285,0.22222222222222224,1,1,1,99,0.99,331,147,0.002691568250480637,179,0.540785498489426,0.8882175226586103,215,0.030914088114929683,0.07641685701011393,95,0.06932541599999809
t=0.20|d=0.85|tol=1e-08|iter=1000|words=100|mmr=0.70,train,d070f,converged,0.2,0.85,1e-08,1000,100,True,0.7,1,9,16,0.1111111111111111,0.0625,0.08,0,1,1,100,1.0,167,125,0.009018108361590072,56,0.33532934131736525,1.4970059880239521,70,0.043394946622223034,0.3326318545029029,86,0.02518187500000124
t=0.20|d=0.85|tol=1e-08|iter=1000|words=100|mmr=0.70,train,d071f,converged,0.2,0.85,1e-08,1000,100,True,0.7,0,10,0,0.0,0.0,0.0,0,0,0,100,1.0,155,88,0.007373271889400922,85,0.5483870967741935,1.135483870967742,103,0.011920682896640599,0.31814969906231855,91,0.014455625000003636
t=0.20|d=0.85|tol=1e-08|iter=1000|words=100|mmr=0.70,train,d072f,converged,0.2,0.85,1e-08,1000,100,True,0.7,0,8,0,0.0,0.0,0.0,0,0,0,100,1.0,378,210,0.0029472443265546712,183,0.48412698412698413,1.1111111111111112,219,0.029304917209246634,0.6401152146171181,90,0.0852501669999981
t=0.20|d=0.85|tol=1e-08|iter=1000|words=100|mmr=0.70,train,d073b,converged,0.2,0.85,1e-08,1000,100,True,0.7,0,6,12,0.0,0.0,0.0,0,0,0,100,1.0,253,494,0.015496580713972018,79,0.31225296442687744,3.9051383399209487,97,0.046052506396590434,0.4695535924901942,76,0.034806375000002276
t=0.20|d=0.85|tol=1e-08|iter=1000|words=100|mmr=0.70,train,d074b,converged,0.2,0.85,1e-08,1000,100,True,0.7,0,8,0,0.0,0.0,0.0,0,0,0,100,1.0,256,645,0.019761029411764705,44,0.171875,5.0390625,81,0.023191888225347825,0.3385448978248558,69,0.034317167000004645
t=0.20|d=0.85|tol=1e-08|iter=1000|words=100|mmr=0.70,train,d075b,converged,0.2,0.85,1e-08,1000,100,True,0.7,0,7,13,0.0,0.0,0.0,0,0,0,100,1.0,277,244,0.00638309004342594,78,0.2815884476534296,1.7617328519855595,104,0.03693892997844764,0.34551764815242225,93,0.04938333300000153
t=0.20|d=0.85|tol=1e-08|iter=1000|words=100|mmr=0.70,train,d076b,converged,0.2,0.85,1e-08,1000,100,True,0.7,0,11,13,0.0,0.0,0.0,0,0,0,100,1.0,323,141,0.0027113820356517893,160,0.4953560371517028,0.8730650154798761,196,0.004097301364287331,0.10712622290817936,96,0.055965458000002855
t=0.20|d=0.85|tol=1e-08|iter=1000|words=100|mmr=0.70,train,d077b,converged,0.2,0.85,1e-08,1000,100,True,0.7,0,10,14,0.0,0.0,0.0,0,0,0,99,0.99,340,337,0.005847648794030887,98,0.28823529411764703,1.9823529411764707,127,0.02131972774918558,0.31640042776132965,91,0.06478624999999738
t=0.20|d=0.85|tol=1e-08|iter=1000|words=100|mmr=0.70,train,d078b,converged,0.2,0.85,1e-08,1000,100,True,0.7,0,11,0,0.0,0.0,0.0,0,0,0,99,0.99,276,133,0.0035046113306982873,137,0.4963768115942029,0.9637681159420289,166,0.007655565863496241,0.25194757211771057,91,0.04198433300000204
t=0.20|d=0.85|tol=1e-08|iter=1000|words=100|mmr=0.70,train,d079a,converged,0.2,0.85,1e-08,1000,100,True,0.7,0,7,14,0.0,0.0,0.0,0,0,0,99,0.99,316,465,0.009342977697408076,70,0.22151898734177214,2.9430379746835444,88,0.015492124706624599,0.14545305096125355,90,0.06103820799999937
t=0.20|d=0.85|tol=1e-08|iter=1000|words=100|mmr=0.70,train,d080a,converged,0.2,0.85,1e-08,1000,100,True,0.7,0,10,10,0.0,0.0,0.0,0,0,0,100,1.0,557,1044,0.006742182555571342,125,0.2244165170556553,3.748653500897666,142,0.024660712962921518,0.44325961017662285,82,0.1500332499999999
t=0.20|d=0.85|tol=1e-08|iter=1000|words=100|mmr=0.70,train,d081a,converged,0.2,0.85,1e-08,1000,100,True,0.7,0,7,17,0.0,0.0,0.0,0,0,0,100,1.0,299,223,0.005005499315391349,103,0.34448160535117056,1.491638795986622,130,0.01498780043200466,0.23481692216090375,91,0.050772790999999984
t=0.20|d=0.85|tol=1e-08|iter=1000|words=100|mmr=0.70,train,d082a,converged,0.2,0.85,1e-08,1000,100,True,0.7,1,8,12,0.125,0.08333333333333333,0.1,0,0,0,100,1.0,209,109,0.005014722119985278,107,0.5119617224880383,1.0430622009569377,127,0.02905714944106343,0.28305723685974515,92,0.03041537500000402
t=0.20|d=0.85|tol=1e-08|iter=1000|words=100|mmr=0.70,train,d083a,converged,0.2,0.85,1e-08,1000,100,True,0.7,2,7,17,0.2857142857142857,0.11764705882352941,0.16666666666666666,0,1,1,100,1.0,224,277,0.011090647021140295,41,0.18303571428571427,2.4732142857142856,61,0.022276543992185902,0.1358344245792968,85,0.032874040999999465
t=0.20|d=0.85|tol=1e-08|iter=1000|words=100|mmr=0.70,train,d084a,converged,0.2,0.85,1e-08,1000,100,True,0.7,0,6,0,0.0,0.0,0.0,0,0,0,100,1.0,366,543,0.008129350999326298,67,0.1830601092896175,2.9672131147540983,93,0.02665841303085034,0.2628999387679578,82,0.07481112500000364
t=0.20|d=0.85|tol=1e-08|iter=1000|words=100|mmr=0.70,train,d085d,converged,0.2,0.85,1e-08,1000,100,True,0.7,0,8,0,0.0,0.0,0.0,0,0,0,97,0.97,224,146,0.005845611787315823,90,0.4017857142857143,1.3035714285714286,115,0.023995406482381847,0.5758265182499325,90,0.03297687499999569
t=0.20|d=0.85|tol=1e-08|iter=1000|words=100|mmr=0.70,train,d086d,converged,0.2,0.85,1e-08,1000,100,True,0.7,0,7,0,0.0,0.0,0.0,0,0,0,100,1.0,416,560,0.006487488415199258,98,0.23557692307692307,2.6923076923076925,120,0.013575002322077204,0.20463786250885385,84,0.09617116700000139
t=0.20|d=0.85|tol=1e-08|iter=1000|words=100|mmr=0.70,train,d087d,converged,0.2,0.85,1e-08,1000,100,True,0.7,1,6,17,0.16666666666666666,0.058823529411764705,0.08695652173913045,0,0,1,99,0.99,292,183,0.004307301228640022,141,0.4828767123287671,1.2534246575342465,155,0.07313651130691956,0.43785420698193106,90,0.051166416000000936
t=0.20|d=0.85|tol=1e-08|iter=1000|words=100|mmr=0.70,train,d089d,converged,0.2,0.85,1e-08,1000,100,True,0.7,0,6,18,0.0,0.0,0.0,0,0,0,100,1.0,386,529,0.00711930556490142,80,0.20725388601036268,2.7409326424870466,100,0.09424972638421589,1.0,87,0.08281316699999763
t=0.20|d=0.85|tol=1e-08|iter=1000|words=100|mmr=0.70,train,d090d,converged,0.2,0.85,1e-08,1000,100,True,0.7,0,11,0,0.0,0.0,0.0,0,0,0,100,1.0,261,231,0.006808134394341291,106,0.4061302681992337,1.7701149425287357,127,0.05914152914146667,1.0,89,0.04304512499999902
t=0.20|d=0.85|tol=1e-08|iter=1000|words=100|mmr=0.70,train,d091c,converged,0.2,0.85,1e-08,1000,100,True,0.7,0,8,13,0.0,0.0,0.0,0,0,0,100,1.0,280,459,0.011751152073732719,46,0.16428571428571428,3.2785714285714285,66,0.009388150360046824,0.17015414475895108,69,0.044890082999998526
t=0.20|d=0.85|tol=1e-08|iter=1000|words=100|mmr=0.70,train,d092c,converged,0.2,0.85,1e-08,1000,100,True,0.7,0,7,19,0.0,0.0,0.0,0,0,0,100,1.0,291,329,0.007797132361654225,101,0.3470790378006873,2.261168384879725,124,0.16377141526852096,0.7560855551925458,90,0.04627387500000424
t=0.20|d=0.85|tol=1e-08|iter=1000|words=100|mmr=0.70,train,d093c,converged,0.2,0.85,1e-08,1000,100,True,0.7,1,6,18,0.16666666666666666,0.05555555555555555,0.08333333333333333,0,1,1,100,1.0,264,252,0.007258900795022468,72,0.2727272727272727,1.9090909090909092,121,0.013882812545302466,0.07821903411086727,95,0.035991416999998194
t=0.20|d=0.85|tol=1e-08|iter=1000|words=100|mmr=0.70,train,d094c,converged,0.2,0.85,1e-08,1000,100,True,0.7,0,7,10,0.0,0.0,0.0,0,0,0,100,1.0,185,64,0.0037602820211515863,100,0.5405405405405406,0.6918918918918919,127,0.0005115933100544488,0.010743459511143423,95,0.023476999999999748
t=0.20|d=0.85|tol=1e-08|iter=1000|words=100|mmr=0.70,train,d095c,converged,0.2,0.85,1e-08,1000,100,True,0.7,0,8,13,0.0,0.0,0.0,0,0,0,100,1.0,240,165,0.005753138075313808,96,0.4,1.375,118,0.0037431326113412503,0.104807713117555,87,0.033237790999997685
t=0.20|d=0.85|tol=1e-08|iter=1000|words=100|mmr=0.70,train,d096c,converged,0.2,0.85,1e-08,1000,100,True,0.7,1,12,15,0.08333333333333333,0.06666666666666667,0.07407407407407407,0,1,1,100,1.0,274,273,0.0072992700729927005,90,0.3284671532846715,1.9927007299270072,115,0.030132375222275763,0.540754116624691,93,0.04020016700000184
t=0.20|d=0.85|tol=1e-08|iter=1000|words=100|mmr=0.70,train,d097e,converged,0.2,0.85,1e-08,1000,100,True,0.7,0,5,0,0.0,0.0,0.0,0,0,0,100,1.0,225,141,0.005595238095238095,88,0.39111111111111113,1.2533333333333334,114,0.016961626042289592,0.16961626042289593,91,0.03243070899999623
t=0.20|d=0.85|tol=1e-08|iter=1000|words=100|mmr=0.70,train,d098e,converged,0.2,0.85,1e-08,1000,100,True,0.7,0,6,0,0.0,0.0,0.0,0,0,0,100,1.0,454,867,0.008431309624529568,76,0.16740088105726872,3.8193832599118944,99,0.023572430986050587,0.1008187728559029,74,0.10815275000000213
t=0.20|d=0.85|tol=1e-08|iter=1000|words=100|mmr=0.70,train,d099e,converged,0.2,0.85,1e-08,1000,100,True,0.7,0,17,20,0.0,0.0,0.0,0,0,0,100,1.0,469,399,0.0036356678147722926,187,0.39872068230277186,1.7014925373134329,223,0.019266608159411797,0.3390043232463366,93,0.10805491700000402
t=0.20|d=0.85|tol=1e-08|iter=1000|words=100|mmr=0.70,train,d100e,converged,0.2,0.85,1e-08,1000,100,True,0.7,0,13,10,0.0,0.0,0.0,0,0,0,100,1.0,592,660,0.00377280834133626,161,0.2719594594594595,2.22972972972973,188,0.03194222371740311,0.2874057683922393,84,0.21832633300000026
t=0.20|d=0.85|tol=1e-08|iter=1000|words=100|mmr=0.70,train,d101e,converged,0.2,0.85,1e-08,1000,100,True,0.7,0,8,10,0.0,0.0,0.0,0,0,0,100,1.0,514,1681,0.012750206688359463,122,0.23735408560311283,6.5408560311284045,177,0.006459430763767428,0.10172121310991998,89,0.12470337500000284
t=0.20|d=0.85|tol=1e-08|iter=1000|words=100|mmr=0.70,train,d102e,converged,0.2,0.85,1e-08,1000,100,True,0.7,0,7,16,0.0,0.0,0.0,0,0,0,100,1.0,678,926,0.00403480564524211,141,0.2079646017699115,2.7315634218289087,175,0.024591652453972983,0.21721625862707838,82,0.20325254099999768
t=0.20|d=0.85|tol=1e-08|iter=1000|words=100|mmr=0.70,train,d103g,converged,0.2,0.85,1e-08,1000,100,True,0.7,0,8,18,0.0,0.0,0.0,0,0,0,100,1.0,219,230,0.009635122114699845,72,0.3287671232876712,2.1004566210045663,90,0.06726397434797585,0.5016969909098471,92,0.03180766700000248
t=0.20|d=0.85|tol=1e-08|iter=1000|words=100|mmr=0.70,train,d104g,converged,0.2,0.85,1e-08,1000,100,True,0.7,0,12,0,0.0,0.0,0.0,0,0,0,100,1.0,352,633,0.010246697746697746,62,0.17613636363636365,3.596590909090909,101,0.030317522329193644,0.5002637897511086,82,0.06909683300000324
t=0.20|d=0.85|tol=1e-08|iter=1000|words=100|mmr=0.70,train,d105g,converged,0.2,0.85,1e-08,1000,100,True,0.7,0,7,11,0.0,0.0,0.0,0,0,0,100,1.0,266,114,0.003234501347708895,135,0.5075187969924813,0.8571428571428571,175,0.004164610225878854,0.04999395912472817,95,0.04321662499999945
t=0.20|d=0.85|tol=1e-08|iter=1000|words=100|mmr=0.70,train,d106g,converged,0.2,0.85,1e-08,1000,100,True,0.7,0,8,0,0.0,0.0,0.0,0,0,0,100,1.0,237,152,0.005435171279410713,103,0.4345991561181435,1.2827004219409284,119,0.01397906575081088,0.23708289736651472,93,0.03143729199999967
t=0.20|d=0.85|tol=1e-08|iter=1000|words=100|mmr=0.70,train,d107g,converged,0.2,0.85,1e-08,1000,100,True,0.7,0,14,12,0.0,0.0,0.0,0,0,0,100,1.0,271,204,0.0055760557605576055,88,0.3247232472324723,1.5055350553505535,122,0.00593788006849237,0.4994165957382576,93,0.04281300000000243
t=0.20|d=0.85|tol=1e-08|iter=1000|words=100|mmr=0.70,train,d108g,converged,0.2,0.85,1e-08,1000,100,True,0.7,0,11,0,0.0,0.0,0.0,0,0,0,100,1.0,216,222,0.009560723514211887,72,0.3333333333333333,2.0555555555555554,84,0.0309178375883608,0.9999999999999998,92,0.029861457999999175
t=0.20|d=0.85|tol=1e-08|iter=1000|words=100|mmr=0.70,train,d109h,converged,0.2,0.85,1e-08,1000,100,True,0.7,1,4,20,0.25,0.05,0.08333333333333334,0,1,1,100,1.0,143,159,0.015660395942086083,37,0.25874125874125875,2.2237762237762237,48,0.11067412345316031,0.2240056771400772,93,0.017671583000002045
t=0.20|d=0.85|tol=1e-08|iter=1000|words=100|mmr=0.70,train,d110h,converged,0.2,0.85,1e-08,1000,100,True,0.7,1,11,20,0.09090909090909091,0.05,0.06451612903225806,0,0,0,100,1.0,453,742,0.007247650862489988,100,0.22075055187637968,3.2759381898454745,119,0.1362603629231665,0.9999999999999998,73,0.10799841699999746
t=0.20|d=0.85|tol=1e-08|iter=1000|words=100|mmr=0.70,train,d111h,converged,0.2,0.85,1e-08,1000,100,True,0.7,1,9,14,0.1111111111111111,0.07142857142857142,0.08695652173913043,1,1,1,100,1.0,214,94,0.004124435084024396,111,0.5186915887850467,0.8785046728971962,136,0.021292554573640793,0.6849443279977727,89,0.028333250000002863
t=0.25|d=0.85|tol=1e-08|iter=1000|words=100|mmr=0.70,train,d061j,converged,0.25,0.85,1e-08,1000,100,True,0.7,1,4,18,0.25,0.05555555555555555,0.0909090909090909,0,1,1,99,0.99,186,86,0.004998546934030805,93,0.5,0.9247311827956989,119,0.036607212075938624,0.12997996747007368,92,0.02225195899999477
t=0.25|d=0.85|tol=1e-08|iter=1000|words=100|mmr=0.70,train,d062j,converged,0.25,0.85,1e-08,1000,100,True,0.7,0,7,0,0.0,0.0,0.0,0,0,0,99,0.99,120,11,0.0015406162464985994,99,0.825,0.18333333333333332,109,0.0032451922507943385,0.0681490372666811,85,0.011469750000003387
t=0.25|d=0.85|tol=1e-08|iter=1000|words=100|mmr=0.70,train,d063j,converged,0.25,0.85,1e-08,1000,100,True,0.7,2,5,18,0.4,0.1111111111111111,0.1739130434782609,1,1,1,99,0.99,253,154,0.004830917874396135,108,0.4268774703557312,1.2173913043478262,144,0.016564389738516393,0.07971763685437941,94,0.036301833000003114
t=0.25|d=0.85|tol=1e-08|iter=1000|words=100|mmr=0.70,train,d064j,converged,0.25,0.85,1e-08,1000,100,True,0.7,1,9,19,0.1111111111111111,0.05263157894736842,0.07142857142857142,0,1,1,100,1.0,199,35,0.001776559565504289,150,0.7537688442211056,0.35175879396984927,166,0.012982392351525561,0.2534213356272127,91,0.026212958999998648
t=0.25|d=0.85|tol=1e-08|iter=1000|words=100|mmr=0.70,train,d065j,converged,0.25,0.85,1e-08,1000,100,True,0.7,0,13,12,0.0,0.0,0.0,0,0,0,100,1.0,309,86,0.0018072542344387005,186,0.6019417475728155,0.5566343042071198,227,0.004272554960513464,0.2047188268814853,94,0.0490723750000015
t=0.25|d=0.85|tol=1e-08|iter=1000|words=100|mmr=0.70,train,d066j,converged,0.25,0.85,1e-08,1000,100,True,0.7,0,11,19,0.0,0.0,0.0,0,0,0,100,1.0,204,26,0.00125567468366657,171,0.8382352941176471,0.2549019607843137,183,0.003414162538669559,0.07946680565840497,53,0.02401875000000331
t=0.25|d=0.85|tol=1e-08|iter=1000|words=100|mmr=0.70,train,d067f,converged,0.25,0.85,1e-08,1000,100,True,0.7,0,6,0,0.0,0.0,0.0,0,0,0,100,1.0,134,79,0.008865447200089777,84,0.6268656716417911,1.1791044776119404,96,0.03492192866648518,0.4284941404295049,89,0.01391704199999566
t=0.25|d=0.85|tol=1e-08|iter=1000|words=100|mmr=0.70,train,d068f,converged,0.25,0.85,1e-08,1000,100,True,0.7,0,9,0,0.0,0.0,0.0,0,0,0,100,1.0,136,93,0.010130718954248366,62,0.45588235294117646,1.3676470588235294,77,0.040952843376764254,0.9999999999999999,90,0.014119874999998672
t=0.25|d=0.85|tol=1e-08|iter=1000|words=100|mmr=0.70,train,d069f,converged,0.25,0.85,1e-08,1000,100,True,0.7,0,6,14,0.0,0.0,0.0,0,0,0,100,1.0,331,50,0.0009154994049253868,257,0.7764350453172205,0.3021148036253776,284,0.03588784585938463,0.20863736420928664,87,0.06400691700000039
t=0.25|d=0.85|tol=1e-08|iter=1000|words=100|mmr=0.70,train,d070f,converged,0.25,0.85,1e-08,1000,100,True,0.7,1,8,16,0.125,0.0625,0.08333333333333333,0,1,1,100,1.0,167,56,0.004040112545992352,102,0.6107784431137725,0.6706586826347305,121,0.031188919531567567,0.18400632994732116,92,0.0187101660000053
t=0.25|d=0.85|tol=1e-08|iter=1000|words=100|mmr=0.70,train,d071f,converged,0.25,0.85,1e-08,1000,100,True,0.7,0,17,0,0.0,0.0,0.0,0,0,0,100,1.0,155,68,0.0056975282781734395,105,0.6774193548387096,0.8774193548387097,120,0.011453654814920817,0.6086420297263238,84,0.01551404099999587
t=0.25|d=0.85|tol=1e-08|iter=1000|words=100|mmr=0.70,train,d072f,converged,0.25,0.85,1e-08,1000,100,True,0.7,0,7,0,0.0,0.0,0.0,0,0,0,100,1.0,378,97,0.0013613461889323958,254,0.671957671957672,0.5132275132275133,292,0.0397559329438146,0.6401152146171181,92,0.07559324999999717
t=0.25|d=0.85|tol=1e-08|iter=1000|words=100|mmr=0.70,train,d073b,converged,0.25,0.85,1e-08,1000,100,True,0.7,0,13,12,0.0,0.0,0.0,0,0,0,100,1.0,253,417,0.01308112177677395,106,0.4189723320158103,3.2964426877470356,130,0.03715411837986298,0.4695535924901942,61,0.03409608300000144
t=0.25|d=0.85|tol=1e-08|iter=1000|words=100|mmr=0.70,train,d074b,converged,0.25,0.85,1e-08,1000,100,True,0.7,0,5,0,0.0,0.0,0.0,0,0,0,100,1.0,256,582,0.017830882352941176,56,0.21875,4.546875,102,0.017932739158064814,0.07861463919290274,87,0.035463457999995285
t=0.25|d=0.85|tol=1e-08|iter=1000|words=100|mmr=0.70,train,d075b,converged,0.25,0.85,1e-08,1000,100,True,0.7,0,6,13,0.0,0.0,0.0,0,0,0,100,1.0,277,119,0.0031130644064249462,143,0.516245487364621,0.8592057761732852,179,0.04065915794744268,0.3221538018264097,92,0.04553683299999989
t=0.25|d=0.85|tol=1e-08|iter=1000|words=100|mmr=0.70,train,d076b,converged,0.25,0.85,1e-08,1000,100,True,0.7,0,11,13,0.0,0.0,0.0,0,0,0,100,1.0,323,66,0.0012691575486029653,229,0.7089783281733746,0.4086687306501548,262,0.004569571911520403,0.10792440098558934,95,0.0537883340000036
t=0.25|d=0.85|tol=1e-08|iter=1000|words=100|mmr=0.70,train,d077b,converged,0.25,0.85,1e-08,1000,100,True,0.7,0,9,14,0.0,0.0,0.0,0,0,0,99,0.99,340,157,0.002724275550928336,187,0.55,0.9235294117647059,220,0.02278221111851137,0.14829798173955056,90,0.0630788750000022
t=0.25|d=0.85|tol=1e-08|iter=1000|words=100|mmr=0.70,train,d078b,converged,0.25,0.85,1e-08,1000,100,True,0.7,0,10,0,0.0,0.0,0.0,0,0,0,100,1.0,276,66,0.0017391304347826088,185,0.6702898550724637,0.4782608695652174,217,0.006200665822920468,0.25194757211771057,90,0.04263920900000073
t=0.25|d=0.85|tol=1e-08|iter=1000|words=100|mmr=0.70,train,d079a,converged,0.25,0.85,1e-08,1000,100,True,0.7,0,9,14,0.0,0.0,0.0,0,0,0,99,0.99,316,253,0.005083383564396223,129,0.40822784810126583,1.6012658227848102,162,0.028808974458690233,0.27395337077631554,85,0.06078529100000196
t=0.25|d=0.85|tol=1e-08|iter=1000|words=100|mmr=0.70,train,d080a,converged,0.25,0.85,1e-08,1000,100,True,0.7,0,12,10,0.0,0.0,0.0,0,0,0,100,1.0,557,531,0.0034292135411957687,229,0.4111310592459605,1.9066427289048473,264,0.01255274115923184,0.44325961017662285,89,0.15105862499999745
t=0.25|d=0.85|tol=1e-08|iter=1000|words=100|mmr=0.70,train,d081a,converged,0.25,0.85,1e-08,1000,100,True,0.7,1,9,17,0.1111111111111111,0.058823529411764705,0.07692307692307691,0,1,1,100,1.0,299,109,0.0024466341945186417,163,0.5451505016722408,0.7290969899665551,196,0.028040513505120164,0.3755669024358432,93,0.049999415999998575
t=0.25|d=0.85|tol=1e-08|iter=1000|words=100|mmr=0.70,train,d082a,converged,0.25,0.85,1e-08,1000,100,True,0.7,0,6,12,0.0,0.0,0.0,0,0,0,100,1.0,209,51,0.002346337872653662,147,0.7033492822966507,0.4880382775119617,166,0.0022357143835795346,0.023605118714362543,86,0.028175707999999133
t=0.25|d=0.85|tol=1e-08|iter=1000|words=100|mmr=0.70,train,d083a,converged,0.25,0.85,1e-08,1000,100,True,0.7,1,9,17,0.1111111111111111,0.058823529411764705,0.07692307692307691,0,1,1,100,1.0,224,150,0.006005765534913517,78,0.3482142857142857,1.3392857142857142,115,0.00980926179606549,0.24159616911320736,93,0.03201008299999586
t=0.25|d=0.85|tol=1e-08|iter=1000|words=100|mmr=0.70,train,d084a,converged,0.25,0.85,1e-08,1000,100,True,0.7,0,8,0,0.0,0.0,0.0,0,0,0,100,1.0,366,304,0.0045512388651845195,119,0.3251366120218579,1.6612021857923498,172,0.0157077400429548,0.2628999387679578,87,0.07167437499999352
t=0.25|d=0.85|tol=1e-08|iter=1000|words=100|mmr=0.70,train,d085d,converged,0.25,0.85,1e-08,1000,100,True,0.7,0,7,0,0.0,0.0,0.0,0,0,0,97,0.97,224,70,0.002802690582959641,132,0.5892857142857143,0.625,160,0.0028750555948816774,0.060376167492515224,95,0.030848916000003612
t=0.25|d=0.85|tol=1e-08|iter=1000|words=100|mmr=0.70,train,d086d,converged,0.25,0.85,1e-08,1000,100,True,0.7,0,9,0,0.0,0.0,0.0,0,0,0,100,1.0,416,295,0.003417516218721038,164,0.3942307692307692,1.4182692307692308,218,0.008608291558663063,0.20463786250885385,91,0.09043687499999464
t=0.25|d=0.85|tol=1e-08|iter=1000|words=100|mmr=0.70,train,d087d,converged,0.25,0.85,1e-08,1000,100,True,0.7,1,10,17,0.1,0.058823529411764705,0.07407407407407408,0,0,0,100,1.0,292,85,0.002000659040625147,199,0.6815068493150684,0.5821917808219178,221,0.047900183630544046,0.48885762200587296,90,0.04919358299999743
t=0.25|d=0.85|tol=1e-08|iter=1000|words=100|mmr=0.70,train,d089d,converged,0.25,0.85,1e-08,1000,100,True,0.7,1,8,18,0.125,0.05555555555555555,0.07692307692307691,0,0,0,100,1.0,386,303,0.004077787497476617,142,0.36787564766839376,1.5699481865284974,189,0.019507007924517653,0.14726361942602045,93,0.07988366700000427
t=0.25|d=0.85|tol=1e-08|iter=1000|words=100|mmr=0.70,train,d090d,converged,0.25,0.85,1e-08,1000,100,True,0.7,0,8,0,0.0,0.0,0.0,0,0,0,100,1.0,261,117,0.0034482758620689655,154,0.5900383141762452,0.896551724137931,179,0.061851315362267525,1.0,90,0.03869687499999941
t=0.25|d=0.85|tol=1e-08|iter=1000|words=100|mmr=0.70,train,d091c,converged,0.25,0.85,1e-08,1000,100,True,0.7,1,8,13,0.125,0.07692307692307693,0.09523809523809525,1,1,1,100,1.0,280,292,0.007475678443420379,77,0.275,2.085714285714286,115,0.04572458034031992,1.0,64,0.04248199999999969
t=0.25|d=0.85|tol=1e-08|iter=1000|words=100|mmr=0.70,train,d092c,converged,0.25,0.85,1e-08,1000,100,True,0.7,0,15,19,0.0,0.0,0.0,0,0,0,100,1.0,291,190,0.004502903187581467,145,0.49828178694158076,1.3058419243986255,174,0.016117092568244444,0.7778343669198295,88,0.04756225000000569
t=0.25|d=0.85|tol=1e-08|iter=1000|words=100|mmr=0.70,train,d093c,converged,0.25,0.85,1e-08,1000,100,True,0.7,0,6,18,0.0,0.0,0.0,0,0,0,100,1.0,264,188,0.005415370434381841,125,0.4734848484848485,1.4242424242424243,166,0.001154482523910494,0.017317237858657412,91,0.03528420900000384
t=0.25|d=0.85|tol=1e-08|iter=1000|words=100|mmr=0.70,train,d094c,converged,0.25,0.85,1e-08,1000,100,True,0.7,0,4,10,0.0,0.0,0.0,0,0,0,100,1.0,185,33,0.0019388954171562867,127,0.6864864864864865,0.3567567567567568,152,0.0112886864501848,0.060343910161806895,91,0.021837750000003098
t=0.25|d=0.85|tol=1e-08|iter=1000|words=100|mmr=0.70,train,d095c,converged,0.25,0.85,1e-08,1000,100,True,0.7,1,9,13,0.1111111111111111,0.07692307692307693,0.09090909090909093,0,0,0,99,0.99,240,98,0.003417015341701534,137,0.5708333333333333,0.8166666666666667,162,0.002911325364376528,0.104807713117555,86,0.03418933300000049
t=0.25|d=0.85|tol=1e-08|iter=1000|words=100|mmr=0.70,train,d096c,converged,0.25,0.85,1e-08,1000,100,True,0.7,0,9,15,0.0,0.0,0.0,0,0,0,100,1.0,274,190,0.005080078072778803,126,0.45985401459854014,1.3868613138686132,160,0.0039575855473102835,0.10483025160929081,95,0.04567508400000264
t=0.25|d=0.85|tol=1e-08|iter=1000|words=100|mmr=0.70,train,d097e,converged,0.25,0.85,1e-08,1000,100,True,0.7,0,6,0,0.0,0.0,0.0,0,0,0,100,1.0,225,73,0.0028968253968253968,126,0.56,0.6488888888888888,158,0.004592341453522195,0.06888512180283293,95,0.032025375000003464
t=0.25|d=0.85|tol=1e-08|iter=1000|words=100|mmr=0.70,train,d098e,converged,0.25,0.85,1e-08,1000,100,True,0.7,0,7,0,0.0,0.0,0.0,0,0,0,100,1.0,454,559,0.005436103898629791,134,0.29515418502202645,2.462555066079295,190,0.00913459114173279,0.09209745740064716,91,0.11727929200000631
t=0.25|d=0.85|tol=1e-08|iter=1000|words=100|mmr=0.70,train,d099e,converged,0.25,0.85,1e-08,1000,100,True,0.7,1,13,20,0.07692307692307693,0.05,0.060606060606060615,0,0,0,100,1.0,469,212,0.001931733275016857,300,0.6396588486140725,0.9040511727078892,337,0.031784088532438734,0.5488055282291721,92,0.09843074999999857
t=0.25|d=0.85|tol=1e-08|iter=1000|words=100|mmr=0.70,train,d100e,converged,0.25,0.85,1e-08,1000,100,True,0.7,0,13,10,0.0,0.0,0.0,0,0,0,100,1.0,592,294,0.0016806146247770612,301,0.5084459459459459,0.9932432432432432,360,0.025382016303422843,0.40973249987572385,92,0.1483431250000038
t=0.25|d=0.85|tol=1e-08|iter=1000|words=100|mmr=0.70,train,d101e,converged,0.25,0.85,1e-08,1000,100,True,0.7,0,9,10,0.0,0.0,0.0,0,0,0,100,1.0,514,1492,0.011316661736485616,173,0.33657587548638135,5.80544747081712,249,0.0,0.0,91,0.12068887500000613
t=0.25|d=0.85|tol=1e-08|iter=1000|words=100|mmr=0.70,train,d102e,converged,0.25,0.85,1e-08,1000,100,True,0.7,0,10,16,0.0,0.0,0.0,0,0,0,100,1.0,678,522,0.0022744800721559194,251,0.3702064896755162,1.5398230088495575,327,0.009135262125471508,0.2781042822864125,88,0.20236079100000381
t=0.25|d=0.85|tol=1e-08|iter=1000|words=100|mmr=0.70,train,d103g,converged,0.25,0.85,1e-08,1000,100,True,0.7,0,10,18,0.0,0.0,0.0,0,0,0,100,1.0,219,132,0.005529722257132085,99,0.4520547945205479,1.2054794520547945,129,0.01005743530783215,0.15909211978238955,95,0.03663008399999512
t=0.25|d=0.85|tol=1e-08|iter=1000|words=100|mmr=0.70,train,d104g,converged,0.25,0.85,1e-08,1000,100,True,0.7,0,12,0,0.0,0.0,0.0,0,0,0,99,0.99,352,428,0.006928256928256929,94,0.26704545454545453,2.4318181818181817,155,0.05197484625435727,0.776510756784216,92,0.06877675000000494
t=0.25|d=0.85|tol=1e-08|iter=1000|words=100|mmr=0.70,train,d105g,converged,0.25,0.85,1e-08,1000,100,True,0.7,0,8,11,0.0,0.0,0.0,0,0,0,100,1.0,266,54,0.0015321322173357922,197,0.7406015037593985,0.40601503759398494,224,0.01546092817766069,0.1954392886094961,92,0.042216375000002415
t=0.25|d=0.85|tol=1e-08|iter=1000|words=100|mmr=0.70,train,d106g,converged,0.25,0.85,1e-08,1000,100,True,0.7,0,11,0,0.0,0.0,0.0,0,0,0,100,1.0,237,79,0.002824858757062147,131,0.5527426160337553,0.6666666666666666,163,0.011099018310939955,0.327052130451963,95,0.03513091699999649
t=0.25|d=0.85|tol=1e-08|iter=1000|words=100|mmr=0.70,train,d107g,converged,0.25,0.85,1e-08,1000,100,True,0.7,0,9,12,0.0,0.0,0.0,0,0,0,100,1.0,271,122,0.0033347000136668033,136,0.5018450184501845,0.9003690036900369,179,0.0,0.0,95,0.046902417000005414
t=0.25|d=0.85|tol=1e-08|iter=1000|words=100|mmr=0.70,train,d108g,converged,0.25,0.85,1e-08,1000,100,True,0.7,0,11,0,0.0,0.0,0.0,0,0,0,100,1.0,216,124,0.005340223944875108,102,0.4722222222222222,1.1481481481481481,129,0.03260277506076289,0.9999999999999998,91,0.031420666999999014
t=0.25|d=0.85|tol=1e-08|iter=1000|words=100|mmr=0.70,train,d109h,converged,0.25,0.85,1e-08,1000,100,True,0.7,0,5,20,0.0,0.0,0.0,0,0,0,98,0.98,143,82,0.008076430611641879,73,0.5104895104895105,1.1468531468531469,88,0.012826398299505038,0.07387667006717222,89,0.019072624999999732
t=0.25|d=0.85|tol=1e-08|iter=1000|words=100|mmr=0.70,train,d110h,converged,0.25,0.85,1e-08,1000,100,True,0.7,1,13,20,0.07692307692307693,0.05,0.060606060606060615,0,0,0,100,1.0,453,421,0.004112211607962648,162,0.3576158940397351,1.858719646799117,212,0.10379367690626559,0.9999999999999998,87,0.11365858299999587
t=0.25|d=0.85|tol=1e-08|iter=1000|words=100|mmr=0.70,train,d111h,converged,0.25,0.85,1e-08,1000,100,True,0.7,1,8,14,0.125,0.07142857142857142,0.09090909090909091,1,1,1,100,1.0,214,48,0.0021060945109911806,146,0.6822429906542056,0.4485981308411215,170,0.0301002040827752,0.6849443279977727,94,0.029881082999999364
t=0.30|d=0.85|tol=1e-08|iter=1000|words=100|mmr=0.70,train,d061j,converged,0.3,0.85,1e-08,1000,100,True,0.7,1,7,18,0.14285714285714285,0.05555555555555555,0.08,0,0,1,97,0.97,186,53,0.0030804998546934033,117,0.6290322580645161,0.5698924731182796,140,0.0026044493588534496,0.020030991860621565,90,0.022552750000002675
t=0.30|d=0.85|tol=1e-08|iter=1000|words=100|mmr=0.70,train,d062j,converged,0.3,0.85,1e-08,1000,100,True,0.7,0,7,0,0.0,0.0,0.0,0,0,0,100,1.0,120,6,0.0008403361344537816,109,0.9083333333333333,0.1,114,0.01790203389721592,0.3326240264078649,85,0.011496499999999799
t=0.30|d=0.85|tol=1e-08|iter=1000|words=100|mmr=0.70,train,d063j,converged,0.3,0.85,1e-08,1000,100,True,0.7,2,6,18,0.3333333333333333,0.1111111111111111,0.16666666666666666,1,1,1,100,1.0,253,109,0.00341928602798168,136,0.5375494071146245,0.8616600790513834,171,0.010117399563896273,0.07971763685437941,88,0.03540658299999677
t=0.30|d=0.85|tol=1e-08|iter=1000|words=100|mmr=0.70,train,d064j,converged,0.3,0.85,1e-08,1000,100,True,0.7,0,11,19,0.0,0.0,0.0,0,0,0,100,1.0,199,17,0.0008629003603877976,169,0.8492462311557789,0.1708542713567839,182,0.01508628746408377,0.33172481163021783,86,0.025118249999998454
t=0.30|d=0.85|tol=1e-08|iter=1000|words=100|mmr=0.70,train,d065j,converged,0.3,0.85,1e-08,1000,100,True,0.7,0,11,12,0.0,0.0,0.0,0,0,0,100,1.0,309,45,0.0009456562854621107,242,0.7831715210355987,0.2912621359223301,264,0.0032185816570025464,0.14812107535176047,93,0.04789266699999928
t=0.30|d=0.85|tol=1e-08|iter=1000|words=100|mmr=0.70,train,d066j,converged,0.3,0.85,1e-08,1000,100,True,0.7,0,10,19,0.0,0.0,0.0,0,0,0,100,1.0,204,13,0.000627837341833285,187,0.9166666666666666,0.12745098039215685,193,0.08154595072687822,1.0000000000000002,82,0.024512125000001106
t=0.30|d=0.85|tol=1e-08|iter=1000|words=100|mmr=0.70,train,d067f,converged,0.3,0.85,1e-08,1000,100,True,0.7,0,5,0,0.0,0.0,0.0,0,0,0,100,1.0,134,60,0.006733251038042868,97,0.7238805970149254,0.8955223880597015,105,0.02617926846502231,0.12737860029124448,89,0.014118500000002143
t=0.30|d=0.85|tol=1e-08|iter=1000|words=100|mmr=0.70,train,d068f,converged,0.3,0.85,1e-08,1000,100,True,0.7,0,9,0,0.0,0.0,0.0,0,0,0,100,1.0,136,54,0.0058823529411764705,74,0.5441176470588235,0.7941176470588235,96,0.029402838939713367,0.9999999999999999,89,0.013804084000000216
t=0.30|d=0.85|tol=1e-08|iter=1000|words=100|mmr=0.70,train,d069f,converged,0.3,0.85,1e-08,1000,100,True,0.7,0,6,14,0.0,0.0,0.0,0,0,0,98,0.98,331,25,0.0004577497024626934,286,0.8640483383685801,0.1510574018126888,306,0.03242390997135059,0.20863736420928664,88,0.06305537500000469
t=0.30|d=0.85|tol=1e-08|iter=1000|words=100|mmr=0.70,train,d070f,converged,0.3,0.85,1e-08,1000,100,True,0.7,0,7,16,0.0,0.0,0.0,0,0,0,100,1.0,167,40,0.002885794675708823,117,0.7005988023952096,0.47904191616766467,134,0.021524530455932722,0.14888390713192817,94,0.018691249999996273
t=0.30|d=0.85|tol=1e-08|iter=1000|words=100|mmr=0.70,train,d071f,converged,0.3,0.85,1e-08,1000,100,True,0.7,0,16,0,0.0,0.0,0.0,0,0,0,100,1.0,155,60,0.005027230833682447,111,0.7161290322580646,0.7741935483870968,124,0.01715309334250578,0.6086420297263238,52,0.013796333000001937
t=0.30|d=0.85|tol=1e-08|iter=1000|words=100|mmr=0.70,train,d072f,converged,0.3,0.85,1e-08,1000,100,True,0.7,0,8,0,0.0,0.0,0.0,0,0,0,100,1.0,378,50,0.0007017248396558742,300,0.7936507936507936,0.26455026455026454,330,0.026786143691666014,0.6401152146171181,85,0.07593762500000167
t=0.30|d=0.85|tol=1e-08|iter=1000|words=100|mmr=0.70,train,d073b,converged,0.3,0.85,1e-08,1000,100,True,0.7,0,19,12,0.0,0.0,0.0,0,0,0,100,1.0,253,349,0.010947989208858774,142,0.5612648221343873,2.758893280632411,159,0.037358363888824,0.44999408702453453,81,0.035906166000003736
t=0.30|d=0.85|tol=1e-08|iter=1000|words=100|mmr=0.70,train,d074b,converged,0.3,0.85,1e-08,1000,100,True,0.7,0,13,0,0.0,0.0,0.0,0,0,0,100,1.0,256,536,0.01642156862745098,62,0.2421875,4.1875,112,0.05038083930608628,0.747090738596961,60,0.03302899999999909
t=0.30|d=0.85|tol=1e-08|iter=1000|words=100|mmr=0.70,train,d075b,converged,0.3,0.85,1e-08,1000,100,True,0.7,0,6,13,0.0,0.0,0.0,0,0,0,100,1.0,277,58,0.0015172918955684612,204,0.7364620938628159,0.4187725631768953,228,0.01654490922184332,0.0706909748156817,92,0.04412804100000045
t=0.30|d=0.85|tol=1e-08|iter=1000|words=100|mmr=0.70,train,d076b,converged,0.3,0.85,1e-08,1000,100,True,0.7,0,12,13,0.0,0.0,0.0,0,0,0,100,1.0,323,37,0.0007114974136107532,268,0.8297213622291022,0.22910216718266255,289,0.015417540072282432,0.5299745414190847,83,0.054706791999997506
t=0.30|d=0.85|tol=1e-08|iter=1000|words=100|mmr=0.70,train,d077b,converged,0.3,0.85,1e-08,1000,100,True,0.7,0,9,14,0.0,0.0,0.0,0,0,0,99,0.99,340,100,0.0017352073572791948,230,0.6764705882352942,0.5882352941176471,266,0.009634124572830206,0.12723380409676288,90,0.05936095799999919
t=0.30|d=0.85|tol=1e-08|iter=1000|words=100|mmr=0.70,train,d078b,converged,0.3,0.85,1e-08,1000,100,True,0.7,0,13,0,0.0,0.0,0.0,0,0,0,100,1.0,276,41,0.001080368906455863,214,0.7753623188405797,0.2971014492753623,239,0.0038057356964867318,0.2968473843259651,90,0.04108049999999963
t=0.30|d=0.85|tol=1e-08|iter=1000|words=100|mmr=0.70,train,d079a,converged,0.3,0.85,1e-08,1000,100,True,0.7,0,5,14,0.0,0.0,0.0,0,0,0,100,1.0,316,161,0.0032348804500703233,164,0.5189873417721519,1.018987341772152,204,0.030360250240032305,0.11012414254124168,87,0.055233459000000096
t=0.30|d=0.85|tol=1e-08|iter=1000|words=100|mmr=0.70,train,d080a,converged,0.3,0.85,1e-08,1000,100,True,0.7,0,9,10,0.0,0.0,0.0,0,0,0,100,1.0,557,330,0.0021311496583702517,303,0.5439856373429084,1.18491921005386,348,0.017571022016504376,0.24123822499811487,89,0.14199966700000033
t=0.30|d=0.85|tol=1e-08|iter=1000|words=100|mmr=0.70,train,d081a,converged,0.3,0.85,1e-08,1000,100,True,0.7,0,10,17,0.0,0.0,0.0,0,0,0,100,1.0,299,56,0.0012569863751655406,215,0.7190635451505016,0.3745819397993311,245,0.01336755657253294,0.3755669024358432,90,0.04950274999999493
t=0.30|d=0.85|tol=1e-08|iter=1000|words=100|mmr=0.70,train,d082a,converged,0.3,0.85,1e-08,1000,100,True,0.7,1,9,12,0.1111111111111111,0.08333333333333333,0.09523809523809525,0,0,0,100,1.0,209,32,0.001472211998527788,165,0.7894736842105263,0.3062200956937799,182,0.0028432646202343663,0.03740832795660151,92,0.02870433400000394
t=0.30|d=0.85|tol=1e-08|iter=1000|words=100|mmr=0.70,train,d083a,converged,0.3,0.85,1e-08,1000,100,True,0.7,2,7,17,0.2857142857142857,0.11764705882352941,0.16666666666666666,0,1,1,100,1.0,224,102,0.004083920563741191,105,0.46875,0.9107142857142857,146,0.05801266963981181,1.0,89,0.03127104099999656
t=0.30|d=0.85|tol=1e-08|iter=1000|words=100|mmr=0.70,train,d084a,converged,0.3,0.85,1e-08,1000,100,True,0.7,0,8,0,0.0,0.0,0.0,0,0,0,100,1.0,366,199,0.0029792649150385507,164,0.44808743169398907,1.0874316939890711,224,0.017980952689462138,0.19224598182884806,86,0.0694591670000051
t=0.30|d=0.85|tol=1e-08|iter=1000|words=100|mmr=0.70,train,d085d,converged,0.3,0.85,1e-08,1000,100,True,0.7,0,7,0,0.0,0.0,0.0,0,0,0,100,1.0,224,37,0.0014814221652786675,167,0.7455357142857143,0.33035714285714285,188,0.0,0.0,95,0.031219999999997583
t=0.30|d=0.85|tol=1e-08|iter=1000|words=100|mmr=0.70,train,d086d,converged,0.3,0.85,1e-08,1000,100,True,0.7,0,8,0,0.0,0.0,0.0,0,0,0,100,1.0,416,177,0.002050509731232623,228,0.5480769230769231,0.8509615384615384,287,0.00417560852491315,0.05008474585751468,87,0.08864895899999681
t=0.30|d=0.85|tol=1e-08|iter=1000|words=100|mmr=0.70,train,d087d,converged,0.3,0.85,1e-08,1000,100,True,0.7,1,11,17,0.09090909090909091,0.058823529411764705,0.07142857142857142,0,0,1,100,1.0,292,46,0.001082709598455962,227,0.7773972602739726,0.3150684931506849,251,0.02434598340772591,0.816496580927726,88,0.049391333999999176
t=0.30|d=0.85|tol=1e-08|iter=1000|words=100|mmr=0.70,train,d089d,converged,0.3,0.85,1e-08,1000,100,True,0.7,0,8,18,0.0,0.0,0.0,0,0,0,100,1.0,386,198,0.0026646928201332345,187,0.4844559585492228,1.0259067357512954,244,0.007650644549621638,0.11462757655193233,91,0.08838787500000223
t=0.30|d=0.85|tol=1e-08|iter=1000|words=100|mmr=0.70,train,d090d,converged,0.3,0.85,1e-08,1000,100,True,0.7,0,7,0,0.0,0.0,0.0,0,0,0,100,1.0,261,73,0.0021514883583849103,179,0.685823754789272,0.5593869731800766,203,0.04249957082723522,0.2222205880484648,85,0.03838608300000601
t=0.30|d=0.85|tol=1e-08|iter=1000|words=100|mmr=0.70,train,d091c,converged,0.3,0.85,1e-08,1000,100,True,0.7,0,7,13,0.0,0.0,0.0,0,0,0,100,1.0,280,201,0.005145929339477727,109,0.3892857142857143,1.4357142857142857,152,0.0326317641241974,0.30836837651484184,56,0.04033316600000347
t=0.30|d=0.85|tol=1e-08|iter=1000|words=100|mmr=0.70,train,d092c,converged,0.3,0.85,1e-08,1000,100,True,0.7,0,13,19,0.0,0.0,0.0,0,0,0,100,1.0,291,112,0.00265434293162697,176,0.6048109965635738,0.7697594501718213,207,0.001517366528024681,0.05744870505337812,90,0.04434837499999844
t=0.30|d=0.85|tol=1e-08|iter=1000|words=100|mmr=0.70,train,d093c,converged,0.3,0.85,1e-08,1000,100,True,0.7,0,9,18,0.0,0.0,0.0,0,0,0,100,1.0,264,155,0.004464800092176518,154,0.5833333333333334,1.1742424242424243,190,0.05762170755407782,0.7836919195678098,85,0.03508841700000431
t=0.30|d=0.85|tol=1e-08|iter=1000|words=100|mmr=0.70,train,d094c,converged,0.3,0.85,1e-08,1000,100,True,0.7,1,7,10,0.14285714285714285,0.1,0.11764705882352941,0,1,1,100,1.0,185,18,0.0010575793184488837,150,0.8108108108108109,0.1945945945945946,167,0.0026428680387165643,0.038413758643979584,82,0.022276624999996386
t=0.30|d=0.85|tol=1e-08|iter=1000|words=100|mmr=0.70,train,d095c,converged,0.3,0.85,1e-08,1000,100,True,0.7,1,7,13,0.14285714285714285,0.07692307692307693,0.1,0,0,0,99,0.99,240,53,0.0018479776847977684,170,0.7083333333333334,0.44166666666666665,190,0.018720356669133086,0.35934724648840083,93,0.038572750000000156
t=0.30|d=0.85|tol=1e-08|iter=1000|words=100|mmr=0.70,train,d096c,converged,0.3,0.85,1e-08,1000,100,True,0.7,2,11,15,0.18181818181818182,0.13333333333333333,0.15384615384615383,1,1,1,100,1.0,274,122,0.003261944867784284,164,0.5985401459854015,0.8905109489051095,194,0.012987531341936098,0.15971372060740316,93,0.042671416999993994
t=0.30|d=0.85|tol=1e-08|iter=1000|words=100|mmr=0.70,train,d097e,converged,0.3,0.85,1e-08,1000,100,True,0.7,0,6,0,0.0,0.0,0.0,0,0,0,100,1.0,225,38,0.001507936507936508,163,0.7244444444444444,0.3377777777777778,187,0.002707549513062074,0.040613242695931105,97,0.03150187499999646
t=0.30|d=0.85|tol=1e-08|iter=1000|words=100|mmr=0.70,train,d098e,converged,0.3,0.85,1e-08,1000,100,True,0.7,0,5,0,0.0,0.0,0.0,0,0,0,100,1.0,454,415,0.004035747974832492,197,0.43392070484581496,1.828193832599119,254,0.02004367935005356,0.14026367794351435,93,0.10737249999999676
t=0.30|d=0.85|tol=1e-08|iter=1000|words=100|mmr=0.70,train,d099e,converged,0.3,0.85,1e-08,1000,100,True,0.7,0,13,20,0.0,0.0,0.0,0,0,0,100,1.0,469,141,0.001284784866874419,368,0.7846481876332623,0.6012793176972282,393,0.035836241855763,0.3390043232463366,85,0.0972701669999978
t=0.30|d=0.85|tol=1e-08|iter=1000|words=100|mmr=0.70,train,d100e,converged,0.3,0.85,1e-08,1000,100,True,0.7,0,15,10,0.0,0.0,0.0,0,0,0,100,1.0,592,167,0.0009546348378835688,388,0.6554054054054054,0.5641891891891891,450,0.02878268055140221,0.40973249987572385,86,0.14891491699999904
t=0.30|d=0.85|tol=1e-08|iter=1000|words=100|mmr=0.70,train,d101e,converged,0.3,0.85,1e-08,1000,100,True,0.7,0,16,10,0.0,0.0,0.0,0,0,0,100,1.0,514,1209,0.009170136755637472,210,0.4085603112840467,4.7042801556420235,282,0.024103981831877133,0.3866092722540908,50,0.1090454579999971
t=0.30|d=0.85|tol=1e-08|iter=1000|words=100|mmr=0.70,train,d102e,converged,0.3,0.85,1e-08,1000,100,True,0.7,0,9,16,0.0,0.0,0.0,0,0,0,100,1.0,678,344,0.001498891082033786,335,0.4941002949852507,1.0147492625368733,438,0.002931693274887692,0.10554095789595691,88,0.19630137500000444
t=0.30|d=0.85|tol=1e-08|iter=1000|words=100|mmr=0.70,train,d103g,converged,0.3,0.85,1e-08,1000,100,True,0.7,0,10,18,0.0,0.0,0.0,0,0,0,100,1.0,219,87,0.0036445896694734196,129,0.589041095890411,0.7945205479452054,159,0.015287710839429772,0.6599524837598003,94,0.030694708999995157
t=0.30|d=0.85|tol=1e-08|iter=1000|words=100|mmr=0.70,train,d104g,converged,0.3,0.85,1e-08,1000,100,True,0.7,0,11,0,0.0,0.0,0.0,0,0,0,100,1.0,352,339,0.005487567987567988,112,0.3181818181818182,1.9261363636363635,180,0.028216598084764764,0.6297147388264468,90,0.06638825000000281
t=0.30|d=0.85|tol=1e-08|iter=1000|words=100|mmr=0.70,train,d105g,converged,0.3,0.85,1e-08,1000,100,True,0.7,0,12,11,0.0,0.0,0.0,0,0,0,100,1.0,266,35,0.0009930486593843098,228,0.8571428571428571,0.2631578947368421,243,0.010414972741629416,0.32178982146377444,84,0.04203362500000196
t=0.30|d=0.85|tol=1e-08|iter=1000|words=100|mmr=0.70,train,d106g,converged,0.3,0.85,1e-08,1000,100,True,0.7,0,10,0,0.0,0.0,0.0,0,0,0,100,1.0,237,45,0.0016090967603518559,169,0.7130801687763713,0.379746835443038,194,0.006731914882914705,0.15151998099506628,91,0.029624249999997687
t=0.30|d=0.85|tol=1e-08|iter=1000|words=100|mmr=0.70,train,d107g,converged,0.3,0.85,1e-08,1000,100,True,0.7,0,10,12,0.0,0.0,0.0,0,0,0,100,1.0,271,75,0.002050020500205002,168,0.6199261992619927,0.5535055350553506,210,0.0,0.0,89,0.03970566699999978
t=0.30|d=0.85|tol=1e-08|iter=1000|words=100|mmr=0.70,train,d108g,converged,0.3,0.85,1e-08,1000,100,True,0.7,0,11,0,0.0,0.0,0.0,0,0,0,100,1.0,216,70,0.0030146425495262705,135,0.625,0.6481481481481481,161,0.0465852936765511,1.0,86,0.027189083000003222
t=0.30|d=0.85|tol=1e-08|iter=1000|words=100|mmr=0.70,train,d109h,converged,0.3,0.85,1e-08,1000,100,True,0.7,1,4,20,0.25,0.05,0.08333333333333334,0,0,1,100,1.0,143,48,0.004727666699497686,90,0.6293706293706294,0.6713286713286714,105,0.006663791529270627,0.039982749175623764,85,0.016125000000002387
t=0.30|d=0.85|tol=1e-08|iter=1000|words=100|mmr=0.70,train,d110h,converged,0.3,0.85,1e-08,1000,100,True,0.7,0,8,20,0.0,0.0,0.0,0,0,0,100,1.0,453,269,0.0026275176307409796,214,0.47240618101545256,1.1876379690949228,280,0.019428903441092906,0.31457271735503556,85,0.10579283300000242
t=0.30|d=0.85|tol=1e-08|iter=1000|words=100|mmr=0.70,train,d111h,converged,0.3,0.85,1e-08,1000,100,True,0.7,1,7,14,0.14285714285714285,0.07142857142857142,0.09523809523809523,1,1,1,100,1.0,214,22,0.0009652933175376245,178,0.8317757009345794,0.205607476635514,193,0.03873436763121887,0.6849443279977727,86,0.02655895899999905
