config_id,split,topic,status,similarity_threshold,pagerank_damping,pagerank_tolerance,pagerank_max_iterations,max_summary_words,use_mmr,mmr_lambda,true_positive,predicted,reference,precision,recall,f1,hit_at_1,hit_at_3,hit_at_5,word_count,budget_utilization,nodes,edges,density,isolated_nodes,isolated_ratio,average_degree,connected_components,mean_redundancy,max_redundancy,pagerank_iterations,runtime_seconds
t=0.02|d=0.70|tol=1e-04|iter=100|words=100|mmr=0.70,train,d061j,converged,0.02,0.7,0.0001,100,100,True,0.7,2,5,18,0.4,0.1111111111111111,0.1739130434782609,0,1,1,99,0.99,186,4037,0.23464109270560884,1,0.005376344086021506,43.40860215053763,2,0.13429842620730287,0.45430454776676077,9,0.024992750000000008
t=0.02|d=0.70|tol=1e-04|iter=100|words=100|mmr=0.70,train,d062j,converged,0.02,0.7,0.0001,100,100,True,0.7,0,6,0,0.0,0.0,0.0,0,0,0,98,0.98,120,1653,0.23151260504201682,2,0.016666666666666666,27.55,3,0.07196848072945318,0.24710351783829648,8,0.012552791999999924
t=0.02|d=0.70|tol=1e-04|iter=100|words=100|mmr=0.70,train,d063j,converged,0.02,0.7,0.0001,100,100,True,0.7,0,3,18,0.0,0.0,0.0,0,0,0,100,1.0,253,4848,0.1520798042537173,3,0.011857707509881422,38.32411067193676,4,0.22152607046561681,0.3530378592180876,9,0.03603474999999989
t=0.02|d=0.70|tol=1e-04|iter=100|words=100|mmr=0.70,train,d064j,converged,0.02,0.7,0.0001,100,100,True,0.7,1,8,19,0.125,0.05263157894736842,0.07407407407407407,0,1,1,100,1.0,199,3319,0.1684686056545353,2,0.010050251256281407,33.35678391959799,3,0.045155395515103273,0.2988174289990459,8,0.02623433300000011
t=0.02|d=0.70|tol=1e-04|iter=100|words=100|mmr=0.70,train,d065j,converged,0.02,0.7,0.0001,100,100,True,0.7,1,6,12,0.16666666666666666,0.08333333333333333,0.1111111111111111,1,1,1,100,1.0,309,6864,0.14424410540915394,13,0.042071197411003236,44.42718446601942,15,0.043898434478402,0.2047188268814853,9,0.0500470420000001
t=0.02|d=0.70|tol=1e-04|iter=100|words=100|mmr=0.70,train,d066j,converged,0.02,0.7,0.0001,100,100,True,0.7,0,7,19,0.0,0.0,0.0,0,0,0,100,1.0,204,3853,0.18608132908335748,5,0.024509803921568627,37.77450980392157,6,0.01106770126642193,0.12123001481956638,8,0.0256073750000001
t=0.02|d=0.70|tol=1e-04|iter=100|words=100|mmr=0.70,train,d067f,converged,0.02,0.7,0.0001,100,100,True,0.7,0,3,0,0.0,0.0,0.0,0,0,0,99,0.99,134,2185,0.24520255863539445,3,0.022388059701492536,32.61194029850746,4,0.1033119210570852,0.1670610438990799,10,0.014297333000000023
t=0.02|d=0.70|tol=1e-04|iter=100|words=100|mmr=0.70,train,d068f,converged,0.02,0.7,0.0001,100,100,True,0.7,0,7,0,0.0,0.0,0.0,0,0,0,100,1.0,136,2364,0.257516339869281,4,0.029411764705882353,34.76470588235294,5,0.1277819010135278,0.9999999999999999,10,0.014381458999999985
t=0.02|d=0.70|tol=1e-04|iter=100|words=100|mmr=0.70,train,d069f,converged,0.02,0.7,0.0001,100,100,True,0.7,0,4,14,0.0,0.0,0.0,0,0,0,100,1.0,331,13715,0.2511214867710336,1,0.0030211480362537764,82.87009063444108,2,0.10646968269015883,0.14942039715156336,7,0.07235737500000017
t=0.02|d=0.70|tol=1e-04|iter=100|words=100|mmr=0.70,train,d070f,converged,0.02,0.7,0.0001,100,100,True,0.7,1,8,16,0.125,0.0625,0.08333333333333333,0,1,1,100,1.0,167,3139,0.2264627371762499,8,0.04790419161676647,37.59281437125748,9,0.021532164536156966,0.18400632994732116,10,0.020206166999999997
t=0.02|d=0.70|tol=1e-04|iter=100|words=100|mmr=0.70,train,d071f,converged,0.02,0.7,0.0001,100,100,True,0.7,0,6,0,0.0,0.0,0.0,0,0,0,100,1.0,155,1238,0.10372852953498114,17,0.10967741935483871,15.974193548387097,22,0.08126598001961324,0.6086420297263238,12,0.013149207999999968
t=0.02|d=0.70|tol=1e-04|iter=100|words=100|mmr=0.70,train,d072f,converged,0.02,0.7,0.0001,100,100,True,0.7,0,7,0,0.0,0.0,0.0,0,0,0,100,1.0,378,10214,0.14334835024490197,5,0.013227513227513227,54.042328042328045,7,0.10569254796305809,0.6401152146171181,8,0.08064379200000005
t=0.02|d=0.70|tol=1e-04|iter=100|words=100|mmr=0.70,train,d073b,converged,0.02,0.7,0.0001,100,100,True,0.7,1,5,12,0.2,0.08333333333333333,0.11764705882352941,0,0,1,100,1.0,253,3704,0.11619298575820315,12,0.04743083003952569,29.280632411067195,18,0.04540607248173141,0.11981376361872152,13,0.032892750000000026
t=0.02|d=0.70|tol=1e-04|iter=100|words=100|mmr=0.70,train,d074b,converged,0.02,0.7,0.0001,100,100,True,0.7,0,5,0,0.0,0.0,0.0,0,0,0,100,1.0,256,2940,0.0900735294117647,10,0.0390625,22.96875,22,0.006280498023573125,0.06280498023573125,13,0.02952237499999999
t=0.02|d=0.70|tol=1e-04|iter=100|words=100|mmr=0.70,train,d075b,converged,0.02,0.7,0.0001,100,100,True,0.7,1,5,13,0.2,0.07692307692307693,0.1111111111111111,1,1,1,100,1.0,277,10963,0.28679432846753516,1,0.0036101083032490976,79.15523465703971,2,0.15113572749800028,0.39359678862129244,7,0.050205375
t=0.02|d=0.70|tol=1e-04|iter=100|words=100|mmr=0.70,train,d076b,converged,0.02,0.7,0.0001,100,100,True,0.7,0,9,13,0.0,0.0,0.0,0,0,0,100,1.0,323,8152,0.15676018691229351,4,0.01238390092879257,50.476780185758514,5,0.058077091604629455,0.21313451712747633,9,0.06033199999999983
t=0.02|d=0.70|tol=1e-04|iter=100|words=100|mmr=0.70,train,d077b,converged,0.02,0.7,0.0001,100,100,True,0.7,1,5,14,0.2,0.07142857142857142,0.10526315789473682,0,1,1,100,1.0,340,10608,0.184070796460177,1,0.0029411764705882353,62.4,2,0.1216978834418985,0.25049967829158,9,0.06711499999999981
t=0.02|d=0.70|tol=1e-04|iter=100|words=100|mmr=0.70,train,d078b,converged,0.02,0.7,0.0001,100,100,True,0.7,0,5,0,0.0,0.0,0.0,0,0,0,100,1.0,276,5670,0.14940711462450593,1,0.0036231884057971015,41.08695652173913,2,0.09162436232222049,0.17916059524736813,8,0.04185445799999998
t=0.02|d=0.70|tol=1e-04|iter=100|words=100|mmr=0.70,train,d079a,converged,0.02,0.7,0.0001,100,100,True,0.7,1,4,14,0.25,0.07142857142857142,0.11111111111111112,1,1,1,99,0.99,316,11902,0.23914004420333534,1,0.0031645569620253164,75.32911392405063,2,0.08253917533593627,0.2305527285940876,8,0.06387058299999993
t=0.02|d=0.70|tol=1e-04|iter=100|words=100|mmr=0.70,train,d080a,converged,0.02,0.7,0.0001,100,100,True,0.7,1,5,10,0.2,0.1,0.13333333333333333,0,1,1,100,1.0,557,23902,0.1543598155586841,3,0.005385996409335727,85.82405745062836,4,0.17500286322707675,0.44325961017662285,9,0.1628674160000001
t=0.02|d=0.70|tol=1e-04|iter=100|words=100|mmr=0.70,train,d081a,converged,0.02,0.7,0.0001,100,100,True,0.7,0,5,17,0.0,0.0,0.0,0,0,0,100,1.0,299,9891,0.2220152185136136,8,0.026755852842809364,66.16053511705685,9,0.04557219265185699,0.17295440833658976,8,0.05505633300000001
t=0.02|d=0.70|tol=1e-04|iter=100|words=100|mmr=0.70,train,d082a,converged,0.02,0.7,0.0001,100,100,True,0.7,2,4,12,0.5,0.16666666666666666,0.25,1,1,1,100,1.0,209,4162,0.19147957305852042,0,0.0,39.82775119617225,2,0.06259706221261174,0.16886778933960314,8,0.02962858300000004
t=0.02|d=0.70|tol=1e-04|iter=100|words=100|mmr=0.70,train,d083a,converged,0.02,0.7,0.0001,100,100,True,0.7,0,5,17,0.0,0.0,0.0,0,0,0,100,1.0,224,5878,0.23534593209481103,1,0.004464285714285714,52.482142857142854,2,0.02546668454274199,0.11614998424287631,10,0.03435833300000013
t=0.02|d=0.70|tol=1e-04|iter=100|words=100|mmr=0.70,train,d084a,converged,0.02,0.7,0.0001,100,100,True,0.7,0,7,0,0.0,0.0,0.0,0,0,0,100,1.0,366,14382,0.21531551762856502,2,0.00546448087431694,78.59016393442623,5,0.1015663924408795,0.26512441540086007,9,0.08318604200000013
t=0.02|d=0.70|tol=1e-04|iter=100|words=100|mmr=0.70,train,d085d,converged,0.02,0.7,0.0001,100,100,True,0.7,0,5,0,0.0,0.0,0.0,0,0,0,100,1.0,224,4446,0.17801089045483665,1,0.004464285714285714,39.69642857142857,2,0.14240203021260536,0.5758265182499325,9,0.03987425
t=0.02|d=0.70|tol=1e-04|iter=100|words=100|mmr=0.70,train,d086d,converged,0.02,0.7,0.0001,100,100,True,0.7,0,3,0,0.0,0.0,0.0,0,0,0,100,1.0,416,18314,0.2121640407784986,0,0.0,88.04807692307692,2,0.00267820437815618,0.00803461313446854,8,0.09978312500000008
t=0.02|d=0.70|tol=1e-04|iter=100|words=100|mmr=0.70,train,d087d,converged,0.02,0.7,0.0001,100,100,True,0.7,1,7,17,0.14285714285714285,0.058823529411764705,0.08333333333333333,0,1,1,100,1.0,292,7045,0.16581932872004895,4,0.0136986301369863,48.25342465753425,6,0.045442138418619646,0.22427752557709513,12,0.055284791000000055
t=0.02|d=0.70|tol=1e-04|iter=100|words=100|mmr=0.70,train,d089d,converged,0.02,0.7,0.0001,100,100,True,0.7,0,5,18,0.0,0.0,0.0,0,0,0,100,1.0,386,12656,0.170325011775789,2,0.0051813471502590676,65.57512953367876,3,0.034443153338645935,0.11375478313864343,9,0.08365662500000015
t=0.02|d=0.70|tol=1e-04|iter=100|words=100|mmr=0.70,train,d090d,converged,0.02,0.7,0.0001,100,100,True,0.7,0,9,0,0.0,0.0,0.0,0,0,0,100,1.0,261,6833,0.20138520483348069,5,0.019157088122605363,52.36015325670498,6,0.16312873338727557,1.0,9,0.0570356249999997
t=0.02|d=0.70|tol=1e-04|iter=100|words=100|mmr=0.70,train,d091c,converged,0.02,0.7,0.0001,100,100,True,0.7,1,6,13,0.16666666666666666,0.07692307692307693,0.10526315789473684,0,1,1,100,1.0,280,7766,0.19882232462877625,1,0.0035714285714285713,55.47142857142857,3,0.1096840378732262,1.0,9,0.047216166000000115
t=0.02|d=0.70|tol=1e-04|iter=100|words=100|mmr=0.70,train,d092c,converged,0.02,0.7,0.0001,100,100,True,0.7,0,5,19,0.0,0.0,0.0,0,0,0,100,1.0,291,5913,0.14013508709562744,11,0.037800687285223365,40.63917525773196,13,0.16519167737035517,0.4173701494751245,11,0.04826954199999989
t=0.02|d=0.70|tol=1e-04|iter=100|words=100|mmr=0.70,train,d093c,converged,0.02,0.7,0.0001,100,100,True,0.7,1,7,18,0.14285714285714285,0.05555555555555555,0.08,1,1,1,100,1.0,264,4181,0.12043438184122594,7,0.026515151515151516,31.674242424242426,14,0.05542459467925903,0.45410082900530824,11,0.03584620799999971
t=0.02|d=0.70|tol=1e-04|iter=100|words=100|mmr=0.70,train,d094c,converged,0.02,0.7,0.0001,100,100,True,0.7,2,4,10,0.5,0.2,0.28571428571428575,1,1,1,100,1.0,185,3542,0.20810810810810812,5,0.02702702702702703,38.29189189189189,6,0.06627974988669451,0.12669659804914624,8,0.023334332999999763
t=0.02|d=0.70|tol=1e-04|iter=100|words=100|mmr=0.70,train,d095c,converged,0.02,0.7,0.0001,100,100,True,0.7,0,6,13,0.0,0.0,0.0,0,0,0,100,1.0,240,4223,0.14724546722454673,4,0.016666666666666666,35.19166666666667,5,0.06439180133412785,0.35934724648840083,10,0.03376729200000028
t=0.02|d=0.70|tol=1e-04|iter=100|words=100|mmr=0.70,train,d096c,converged,0.02,0.7,0.0001,100,100,True,0.7,1,12,15,0.08333333333333333,0.06666666666666667,0.07407407407407407,0,0,0,100,1.0,274,5372,0.14363252319456699,11,0.040145985401459854,39.21167883211679,17,0.14437723584712367,1.0,10,0.04207887500000007
t=0.02|d=0.70|tol=1e-04|iter=100|words=100|mmr=0.70,train,d097e,converged,0.02,0.7,0.0001,100,100,True,0.7,0,5,0,0.0,0.0,0.0,0,0,0,100,1.0,225,4651,0.18456349206349207,3,0.013333333333333334,41.34222222222222,4,0.03480704537638372,0.24086354009587335,9,0.03457187500000014
t=0.02|d=0.70|tol=1e-04|iter=100|words=100|mmr=0.70,train,d098e,converged,0.02,0.7,0.0001,100,100,True,0.7,0,4,0,0.0,0.0,0.0,0,0,0,100,1.0,454,19366,0.18832842236290612,1,0.0022026431718061676,85.31277533039648,4,0.04946827207037862,0.11936630012097926,8,0.12019233299999987
t=0.02|d=0.70|tol=1e-04|iter=100|words=100|mmr=0.70,train,d099e,converged,0.02,0.7,0.0001,100,100,True,0.7,1,7,20,0.14285714285714285,0.05,0.07407407407407408,0,0,0,100,1.0,469,12534,0.11420917391066644,12,0.0255863539445629,53.449893390191896,15,0.02293047011185567,0.26359620177873805,8,0.11181816599999994
t=0.02|d=0.70|tol=1e-04|iter=100|words=100|mmr=0.70,train,d100e,converged,0.02,0.7,0.0001,100,100,True,0.7,0,5,10,0.0,0.0,0.0,0,0,0,100,1.0,592,20820,0.11901495404033476,11,0.018581081081081082,70.33783783783784,12,0.05557061006883156,0.2570884255951601,9,0.16398487500000014
t=0.02|d=0.70|tol=1e-04|iter=100|words=100|mmr=0.70,train,d101e,converged,0.02,0.7,0.0001,100,100,True,0.7,1,6,10,0.16666666666666666,0.1,0.125,0,0,0,100,1.0,514,15876,0.12041777595740323,12,0.023346303501945526,61.77431906614786,20,0.016996689236201228,0.0981249372061369,13,0.1284898750000001
t=0.02|d=0.70|tol=1e-04|iter=100|words=100|mmr=0.70,train,d102e,converged,0.02,0.7,0.0001,100,100,True,0.7,0,8,16,0.0,0.0,0.0,0,0,0,100,1.0,678,30836,0.1343598994348658,3,0.004424778761061947,90.96165191740413,5,0.08890516187081181,0.2182847832217777,11,0.23774258300000017
t=0.02|d=0.70|tol=1e-04|iter=100|words=100|mmr=0.70,train,d103g,converged,0.02,0.7,0.0001,100,100,True,0.7,0,9,18,0.0,0.0,0.0,0,0,0,100,1.0,219,4611,0.19316325248209124,8,0.0365296803652968,42.10958904109589,10,0.09878986517077659,1.0,9,0.031986417000000156
t=0.02|d=0.70|tol=1e-04|iter=100|words=100|mmr=0.70,train,d104g,converged,0.02,0.7,0.0001,100,100,True,0.7,0,7,0,0.0,0.0,0.0,0,0,0,99,0.99,352,14370,0.23261460761460762,0,0.0,81.64772727272727,1,0.07778780332050077,0.26471794472401455,9,0.07589720800000022
t=0.02|d=0.70|tol=1e-04|iter=100|words=100|mmr=0.70,train,d105g,converged,0.02,0.7,0.0001,100,100,True,0.7,0,5,11,0.0,0.0,0.0,0,0,0,100,1.0,266,5909,0.16765498652291105,4,0.015037593984962405,44.42857142857143,5,0.024270641107581446,0.08887360414854518,8,0.04871891699999997
t=0.02|d=0.70|tol=1e-04|iter=100|words=100|mmr=0.70,train,d106g,converged,0.02,0.7,0.0001,100,100,True,0.7,0,5,0,0.0,0.0,0.0,0,0,0,100,1.0,237,4067,0.14542658943002218,16,0.06751054852320675,34.32067510548523,17,0.0781676414471939,0.23708289736651472,10,0.03170050000000035
t=0.02|d=0.70|tol=1e-04|iter=100|words=100|mmr=0.70,train,d107g,converged,0.02,0.7,0.0001,100,100,True,0.7,1,5,12,0.2,0.08333333333333333,0.11764705882352941,0,1,1,100,1.0,271,4750,0.12983463167965012,4,0.014760147601476014,35.055350553505534,5,0.0284438621295939,0.14398569394081734,9,0.04046608299999965
t=0.02|d=0.70|tol=1e-04|iter=100|words=100|mmr=0.70,train,d108g,converged,0.02,0.7,0.0001,100,100,True,0.7,0,5,0,0.0,0.0,0.0,0,0,0,100,1.0,216,5330,0.22954349698535745,6,0.027777777777777776,49.351851851851855,7,0.06312044501901114,0.18545858619457245,9,0.029991916999999813
t=0.02|d=0.70|tol=1e-04|iter=100|words=100|mmr=0.70,train,d109h,converged,0.02,0.7,0.0001,100,100,True,0.7,1,5,20,0.2,0.05,0.08000000000000002,0,0,1,99,0.99,143,3351,0.3300502314586822,0,0.0,46.86713286713287,1,0.02721052841462392,0.18993614624064137,8,0.01816566700000033
t=0.02|d=0.70|tol=1e-04|iter=100|words=100|mmr=0.70,train,d110h,converged,0.02,0.7,0.0001,100,100,True,0.7,1,6,20,0.16666666666666666,0.05,0.07692307692307691,0,0,1,100,1.0,453,23110,0.22573209087889975,2,0.004415011037527594,102.03090507726269,4,0.04803720951680733,0.18720551569166563,8,0.12412308299999975
t=0.02|d=0.70|tol=1e-04|iter=100|words=100|mmr=0.70,train,d111h,converged,0.02,0.7,0.0001,100,100,True,0.7,1,5,14,0.2,0.07142857142857142,0.10526315789473682,1,1,1,100,1.0,214,2837,0.12447896099337458,5,0.02336448598130841,26.514018691588785,6,0.0483479830087984,0.205259286881504,9,0.027596582999999786
t=0.02|d=0.70|tol=1e-04|iter=300|words=100|mmr=0.70,train,d061j,converged,0.02,0.7,0.0001,300,100,True,0.7,2,5,18,0.4,0.1111111111111111,0.1739130434782609,0,1,1,99,0.99,186,4037,0.23464109270560884,1,0.005376344086021506,43.40860215053763,2,0.13429842620730287,0.45430454776676077,9,0.024446124999999874
t=0.02|d=0.70|tol=1e-04|iter=300|words=100|mmr=0.70,train,d062j,converged,0.02,0.7,0.0001,300,100,True,0.7,0,6,0,0.0,0.0,0.0,0,0,0,98,0.98,120,1653,0.23151260504201682,2,0.016666666666666666,27.55,3,0.07196848072945318,0.24710351783829648,8,0.011705540999999986
t=0.02|d=0.70|tol=1e-04|iter=300|words=100|mmr=0.70,train,d063j,converged,0.02,0.7,0.0001,300,100,True,0.7,0,3,18,0.0,0.0,0.0,0,0,0,100,1.0,253,4848,0.1520798042537173,3,0.011857707509881422,38.32411067193676,4,0.22152607046561681,0.3530378592180876,9,0.03603279199999987
t=0.02|d=0.70|tol=1e-04|iter=300|words=100|mmr=0.70,train,d064j,converged,0.02,0.7,0.0001,300,100,True,0.7,1,8,19,0.125,0.05263157894736842,0.07407407407407407,0,1,1,100,1.0,199,3319,0.1684686056545353,2,0.010050251256281407,33.35678391959799,3,0.045155395515103273,0.2988174289990459,8,0.025810500000000403
t=0.02|d=0.70|tol=1e-04|iter=300|words=100|mmr=0.70,train,d065j,converged,0.02,0.7,0.0001,300,100,True,0.7,1,6,12,0.16666666666666666,0.08333333333333333,0.1111111111111111,1,1,1,100,1.0,309,6864,0.14424410540915394,13,0.042071197411003236,44.42718446601942,15,0.043898434478402,0.2047188268814853,9,0.05044895900000057
t=0.02|d=0.70|tol=1e-04|iter=300|words=100|mmr=0.70,train,d066j,converged,0.02,0.7,0.0001,300,100,True,0.7,0,7,19,0.0,0.0,0.0,0,0,0,100,1.0,204,3853,0.18608132908335748,5,0.024509803921568627,37.77450980392157,6,0.01106770126642193,0.12123001481956638,8,0.026341416999999367
t=0.02|d=0.70|tol=1e-04|iter=300|words=100|mmr=0.70,train,d067f,converged,0.02,0.7,0.0001,300,100,True,0.7,0,3,0,0.0,0.0,0.0,0,0,0,99,0.99,134,2185,0.24520255863539445,3,0.022388059701492536,32.61194029850746,4,0.1033119210570852,0.1670610438990799,10,0.015061750000000096
t=0.02|d=0.70|tol=1e-04|iter=300|words=100|mmr=0.70,train,d068f,converged,0.02,0.7,0.0001,300,100,True,0.7,0,7,0,0.0,0.0,0.0,0,0,0,100,1.0,136,2364,0.257516339869281,4,0.029411764705882353,34.76470588235294,5,0.1277819010135278,0.9999999999999999,10,0.014164291999999357
t=0.02|d=0.70|tol=1e-04|iter=300|words=100|mmr=0.70,train,d069f,converged,0.02,0.7,0.0001,300,100,True,0.7,0,4,14,0.0,0.0,0.0,0,0,0,100,1.0,331,13715,0.2511214867710336,1,0.0030211480362537764,82.87009063444108,2,0.10646968269015883,0.14942039715156336,7,0.07387266699999984
t=0.02|d=0.70|tol=1e-04|iter=300|words=100|mmr=0.70,train,d070f,converged,0.02,0.7,0.0001,300,100,True,0.7,1,8,16,0.125,0.0625,0.08333333333333333,0,1,1,100,1.0,167,3139,0.2264627371762499,8,0.04790419161676647,37.59281437125748,9,0.021532164536156966,0.18400632994732116,10,0.02060762500000024
t=0.02|d=0.70|tol=1e-04|iter=300|words=100|mmr=0.70,train,d071f,converged,0.02,0.7,0.0001,300,100,True,0.7,0,6,0,0.0,0.0,0.0,0,0,0,100,1.0,155,1238,0.10372852953498114,17,0.10967741935483871,15.974193548387097,22,0.08126598001961324,0.6086420297263238,12,0.01322608399999936
t=0.02|d=0.70|tol=1e-04|iter=300|words=100|mmr=0.70,train,d072f,converged,0.02,0.7,0.0001,300,100,True,0.7,0,7,0,0.0,0.0,0.0,0,0,0,100,1.0,378,10214,0.14334835024490197,5,0.013227513227513227,54.042328042328045,7,0.10569254796305809,0.6401152146171181,8,0.08232070799999924
t=0.02|d=0.70|tol=1e-04|iter=300|words=100|mmr=0.70,train,d073b,converged,0.02,0.7,0.0001,300,100,True,0.7,1,5,12,0.2,0.08333333333333333,0.11764705882352941,0,0,1,100,1.0,253,3704,0.11619298575820315,12,0.04743083003952569,29.280632411067195,18,0.04540607248173141,0.11981376361872152,13,0.035011374999999845
t=0.02|d=0.70|tol=1e-04|iter=300|words=100|mmr=0.70,train,d074b,converged,0.02,0.7,0.0001,300,100,True,0.7,0,5,0,0.0,0.0,0.0,0,0,0,100,1.0,256,2940,0.0900735294117647,10,0.0390625,22.96875,22,0.006280498023573125,0.06280498023573125,13,0.0309799169999998
t=0.02|d=0.70|tol=1e-04|iter=300|words=100|mmr=0.70,train,d075b,converged,0.02,0.7,0.0001,300,100,True,0.7,1,5,13,0.2,0.07692307692307693,0.1111111111111111,1,1,1,100,1.0,277,10963,0.28679432846753516,1,0.0036101083032490976,79.15523465703971,2,0.15113572749800028,0.39359678862129244,7,0.052884625000000796
t=0.02|d=0.70|tol=1e-04|iter=300|words=100|mmr=0.70,train,d076b,converged,0.02,0.7,0.0001,300,100,True,0.7,0,9,13,0.0,0.0,0.0,0,0,0,100,1.0,323,8152,0.15676018691229351,4,0.01238390092879257,50.476780185758514,5,0.058077091604629455,0.21313451712747633,9,0.06296229199999992
t=0.02|d=0.70|tol=1e-04|iter=300|words=100|mmr=0.70,train,d077b,converged,0.02,0.7,0.0001,300,100,True,0.7,1,5,14,0.2,0.07142857142857142,0.10526315789473682,0,1,1,100,1.0,340,10608,0.184070796460177,1,0.0029411764705882353,62.4,2,0.1216978834418985,0.25049967829158,9,0.07043183300000067
t=0.02|d=0.70|tol=1e-04|iter=300|words=100|mmr=0.70,train,d078b,converged,0.02,0.7,0.0001,300,100,True,0.7,0,5,0,0.0,0.0,0.0,0,0,0,100,1.0,276,5670,0.14940711462450593,1,0.0036231884057971015,41.08695652173913,2,0.09162436232222049,0.17916059524736813,8,0.041618834000000327
t=0.02|d=0.70|tol=1e-04|iter=300|words=100|mmr=0.70,train,d079a,converged,0.02,0.7,0.0001,300,100,True,0.7,1,4,14,0.25,0.07142857142857142,0.11111111111111112,1,1,1,99,0.99,316,11902,0.23914004420333534,1,0.0031645569620253164,75.32911392405063,2,0.08253917533593627,0.2305527285940876,8,0.06405870800000013
t=0.02|d=0.70|tol=1e-04|iter=300|words=100|mmr=0.70,train,d080a,converged,0.02,0.7,0.0001,300,100,True,0.7,1,5,10,0.2,0.1,0.13333333333333333,0,1,1,100,1.0,557,23902,0.1543598155586841,3,0.005385996409335727,85.82405745062836,4,0.17500286322707675,0.44325961017662285,9,0.16040691600000034
t=0.02|d=0.70|tol=1e-04|iter=300|words=100|mmr=0.70,train,d081a,converged,0.02,0.7,0.0001,300,100,True,0.7,0,5,17,0.0,0.0,0.0,0,0,0,100,1.0,299,9891,0.2220152185136136,8,0.026755852842809364,66.16053511705685,9,0.04557219265185699,0.17295440833658976,8,0.05478749999999977
t=0.02|d=0.70|tol=1e-04|iter=300|words=100|mmr=0.70,train,d082a,converged,0.02,0.7,0.0001,300,100,True,0.7,2,4,12,0.5,0.16666666666666666,0.25,1,1,1,100,1.0,209,4162,0.19147957305852042,0,0.0,39.82775119617225,2,0.06259706221261174,0.16886778933960314,8,0.029886958999999713
t=0.02|d=0.70|tol=1e-04|iter=300|words=100|mmr=0.70,train,d083a,converged,0.02,0.7,0.0001,300,100,True,0.7,0,5,17,0.0,0.0,0.0,0,0,0,100,1.0,224,5878,0.23534593209481103,1,0.004464285714285714,52.482142857142854,2,0.02546668454274199,0.11614998424287631,10,0.03425104100000009
t=0.02|d=0.70|tol=1e-04|iter=300|words=100|mmr=0.70,train,d084a,converged,0.02,0.7,0.0001,300,100,True,0.7,0,7,0,0.0,0.0,0.0,0,0,0,100,1.0,366,14382,0.21531551762856502,2,0.00546448087431694,78.59016393442623,5,0.1015663924408795,0.26512441540086007,9,0.08336804099999995
t=0.02|d=0.70|tol=1e-04|iter=300|words=100|mmr=0.70,train,d085d,converged,0.02,0.7,0.0001,300,100,True,0.7,0,5,0,0.0,0.0,0.0,0,0,0,100,1.0,224,4446,0.17801089045483665,1,0.004464285714285714,39.69642857142857,2,0.14240203021260536,0.5758265182499325,9,0.03137337499999937
t=0.02|d=0.70|tol=1e-04|iter=300|words=100|mmr=0.70,train,d086d,converged,0.02,0.7,0.0001,300,100,True,0.7,0,3,0,0.0,0.0,0.0,0,0,0,100,1.0,416,18314,0.2121640407784986,0,0.0,88.04807692307692,2,0.00267820437815618,0.00803461313446854,8,0.09974062499999992
t=0.02|d=0.70|tol=1e-04|iter=300|words=100|mmr=0.70,train,d087d,converged,0.02,0.7,0.0001,300,100,True,0.7,1,7,17,0.14285714285714285,0.058823529411764705,0.08333333333333333,0,1,1,100,1.0,292,7045,0.16581932872004895,4,0.0136986301369863,48.25342465753425,6,0.045442138418619646,0.22427752557709513,12,0.05952574999999971
t=0.02|d=0.70|tol=1e-04|iter=300|words=100|mmr=0.70,train,d089d,converged,0.02,0.7,0.0001,300,100,True,0.7,0,5,18,0.0,0.0,0.0,0,0,0,100,1.0,386,12656,0.170325011775789,2,0.0051813471502590676,65.57512953367876,3,0.034443153338645935,0.11375478313864343,9,0.09974479200000008
t=0.02|d=0.70|tol=1e-04|iter=300|words=100|mmr=0.70,train,d090d,converged,0.02,0.7,0.0001,300,100,True,0.7,0,9,0,0.0,0.0,0.0,0,0,0,100,1.0,261,6833,0.20138520483348069,5,0.019157088122605363,52.36015325670498,6,0.16312873338727557,1.0,9,0.04297074999999939
t=0.02|d=0.70|tol=1e-04|iter=300|words=100|mmr=0.70,train,d091c,converged,0.02,0.7,0.0001,300,100,True,0.7,1,6,13,0.16666666666666666,0.07692307692307693,0.10526315789473684,0,1,1,100,1.0,280,7766,0.19882232462877625,1,0.0035714285714285713,55.47142857142857,3,0.1096840378732262,1.0,9,0.04650412499999934
t=0.02|d=0.70|tol=1e-04|iter=300|words=100|mmr=0.70,train,d092c,converged,0.02,0.7,0.0001,300,100,True,0.7,0,5,19,0.0,0.0,0.0,0,0,0,100,1.0,291,5913,0.14013508709562744,11,0.037800687285223365,40.63917525773196,13,0.16519167737035517,0.4173701494751245,11,0.04676499999999972
t=0.02|d=0.70|tol=1e-04|iter=300|words=100|mmr=0.70,train,d093c,converged,0.02,0.7,0.0001,300,100,True,0.7,1,7,18,0.14285714285714285,0.05555555555555555,0.08,1,1,1,100,1.0,264,4181,0.12043438184122594,7,0.026515151515151516,31.674242424242426,14,0.05542459467925903,0.45410082900530824,11,0.035269875000000006
t=0.02|d=0.70|tol=1e-04|iter=300|words=100|mmr=0.70,train,d094c,converged,0.02,0.7,0.0001,300,100,True,0.7,2,4,10,0.5,0.2,0.28571428571428575,1,1,1,100,1.0,185,3542,0.20810810810810812,5,0.02702702702702703,38.29189189189189,6,0.06627974988669451,0.12669659804914624,8,0.022640125000000566
t=0.02|d=0.70|tol=1e-04|iter=300|words=100|mmr=0.70,train,d095c,converged,0.02,0.7,0.0001,300,100,True,0.7,0,6,13,0.0,0.0,0.0,0,0,0,100,1.0,240,4223,0.14724546722454673,4,0.016666666666666666,35.19166666666667,5,0.06439180133412785,0.35934724648840083,10,0.03372462499999962
t=0.02|d=0.70|tol=1e-04|iter=300|words=100|mmr=0.70,train,d096c,converged,0.02,0.7,0.0001,300,100,True,0.7,1,12,15,0.08333333333333333,0.06666666666666667,0.07407407407407407,0,0,0,100,1.0,274,5372,0.14363252319456699,11,0.040145985401459854,39.21167883211679,17,0.14437723584712367,1.0,10,0.04023495900000018
t=0.02|d=0.70|tol=1e-04|iter=300|words=100|mmr=0.70,train,d097e,converged,0.02,0.7,0.0001,300,100,True,0.7,0,5,0,0.0,0.0,0.0,0,0,0,100,1.0,225,4651,0.18456349206349207,3,0.013333333333333334,41.34222222222222,4,0.03480704537638372,0.24086354009587335,9,0.03351554200000084
t=0.02|d=0.70|tol=1e-04|iter=300|words=100|mmr=0.70,train,d098e,converged,0.02,0.7,0.0001,300,100,True,0.7,0,4,0,0.0,0.0,0.0,0,0,0,100,1.0,454,19366,0.18832842236290612,1,0.0022026431718061676,85.31277533039648,4,0.04946827207037862,0.11936630012097926,8,0.11753254200000018
t=0.02|d=0.70|tol=1e-04|iter=300|words=100|mmr=0.70,train,d099e,converged,0.02,0.7,0.0001,300,100,True,0.7,1,7,20,0.14285714285714285,0.05,0.07407407407407408,0,0,0,100,1.0,469,12534,0.11420917391066644,12,0.0255863539445629,53.449893390191896,15,0.02293047011185567,0.26359620177873805,8,0.10058379199999923
t=0.02|d=0.70|tol=1e-04|iter=300|words=100|mmr=0.70,train,d100e,converged,0.02,0.7,0.0001,300,100,True,0.7,0,5,10,0.0,0.0,0.0,0,0,0,100,1.0,592,20820,0.11901495404033476,11,0.018581081081081082,70.33783783783784,12,0.05557061006883156,0.2570884255951601,9,0.1586247080000005
t=0.02|d=0.70|tol=1e-04|iter=300|words=100|mmr=0.70,train,d101e,converged,0.02,0.7,0.0001,300,100,True,0.7,1,6,10,0.16666666666666666,0.1,0.125,0,0,0,100,1.0,514,15876,0.12041777595740323,12,0.023346303501945526,61.77431906614786,20,0.016996689236201228,0.0981249372061369,13,0.12231745800000038
t=0.02|d=0.70|tol=1e-04|iter=300|words=100|mmr=0.70,train,d102e,converged,0.02,0.7,0.0001,300,100,True,0.7,0,8,16,0.0,0.0,0.0,0,0,0,100,1.0,678,30836,0.1343598994348658,3,0.004424778761061947,90.96165191740413,5,0.08890516187081181,0.2182847832217777,11,0.2368969999999999
t=0.02|d=0.70|tol=1e-04|iter=300|words=100|mmr=0.70,train,d103g,converged,0.02,0.7,0.0001,300,100,True,0.7,0,9,18,0.0,0.0,0.0,0,0,0,100,1.0,219,4611,0.19316325248209124,8,0.0365296803652968,42.10958904109589,10,0.09878986517077659,1.0,9,0.03214141700000006
t=0.02|d=0.70|tol=1e-04|iter=300|words=100|mmr=0.70,train,d104g,converged,0.02,0.7,0.0001,300,100,True,0.7,0,7,0,0.0,0.0,0.0,0,0,0,99,0.99,352,14370,0.23261460761460762,0,0.0,81.64772727272727,1,0.07778780332050077,0.26471794472401455,9,0.07318666699999987
t=0.02|d=0.70|tol=1e-04|iter=300|words=100|mmr=0.70,train,d105g,converged,0.02,0.7,0.0001,300,100,True,0.7,0,5,11,0.0,0.0,0.0,0,0,0,100,1.0,266,5909,0.16765498652291105,4,0.015037593984962405,44.42857142857143,5,0.024270641107581446,0.08887360414854518,8,0.043937291000000656
t=0.02|d=0.70|tol=1e-04|iter=300|words=100|mmr=0.70,train,d106g,converged,0.02,0.7,0.0001,300,100,True,0.7,0,5,0,0.0,0.0,0.0,0,0,0,100,1.0,237,4067,0.14542658943002218,16,0.06751054852320675,34.32067510548523,17,0.0781676414471939,0.23708289736651472,10,0.031078457999999642
t=0.02|d=0.70|tol=1e-04|iter=300|words=100|mmr=0.70,train,d107g,converged,0.02,0.7,0.0001,300,100,True,0.7,1,5,12,0.2,0.08333333333333333,0.11764705882352941,0,1,1,100,1.0,271,4750,0.12983463167965012,4,0.014760147601476014,35.055350553505534,5,0.0284438621295939,0.14398569394081734,9,0.04158862499999927
t=0.02|d=0.70|tol=1e-04|iter=300|words=100|mmr=0.70,train,d108g,converged,0.02,0.7,0.0001,300,100,True,0.7,0,5,0,0.0,0.0,0.0,0,0,0,100,1.0,216,5330,0.22954349698535745,6,0.027777777777777776,49.351851851851855,7,0.06312044501901114,0.18545858619457245,9,0.029687250000000276
t=0.02|d=0.70|tol=1e-04|iter=300|words=100|mmr=0.70,train,d109h,converged,0.02,0.7,0.0001,300,100,True,0.7,1,5,20,0.2,0.05,0.08000000000000002,0,0,1,99,0.99,143,3351,0.3300502314586822,0,0.0,46.86713286713287,1,0.02721052841462392,0.18993614624064137,8,0.018229416999999692
t=0.02|d=0.70|tol=1e-04|iter=300|words=100|mmr=0.70,train,d110h,converged,0.02,0.7,0.0001,300,100,True,0.7,1,6,20,0.16666666666666666,0.05,0.07692307692307691,0,0,1,100,1.0,453,23110,0.22573209087889975,2,0.004415011037527594,102.03090507726269,4,0.04803720951680733,0.18720551569166563,8,0.12149945799999973
t=0.02|d=0.70|tol=1e-04|iter=300|words=100|mmr=0.70,train,d111h,converged,0.02,0.7,0.0001,300,100,True,0.7,1,5,14,0.2,0.07142857142857142,0.10526315789473682,1,1,1,100,1.0,214,2837,0.12447896099337458,5,0.02336448598130841,26.514018691588785,6,0.0483479830087984,0.205259286881504,9,0.027656499999999973
t=0.02|d=0.70|tol=1e-04|iter=1000|words=100|mmr=0.70,train,d061j,converged,0.02,0.7,0.0001,1000,100,True,0.7,2,5,18,0.4,0.1111111111111111,0.1739130434782609,0,1,1,99,0.99,186,4037,0.23464109270560884,1,0.005376344086021506,43.40860215053763,2,0.13429842620730287,0.45430454776676077,9,0.024043708000000663
t=0.02|d=0.70|tol=1e-04|iter=1000|words=100|mmr=0.70,train,d062j,converged,0.02,0.7,0.0001,1000,100,True,0.7,0,6,0,0.0,0.0,0.0,0,0,0,98,0.98,120,1653,0.23151260504201682,2,0.016666666666666666,27.55,3,0.07196848072945318,0.24710351783829648,8,0.011752792000000234
t=0.02|d=0.70|tol=1e-04|iter=1000|words=100|mmr=0.70,train,d063j,converged,0.02,0.7,0.0001,1000,100,True,0.7,0,3,18,0.0,0.0,0.0,0,0,0,100,1.0,253,4848,0.1520798042537173,3,0.011857707509881422,38.32411067193676,4,0.22152607046561681,0.3530378592180876,9,0.03572504099999918
t=0.02|d=0.70|tol=1e-04|iter=1000|words=100|mmr=0.70,train,d064j,converged,0.02,0.7,0.0001,1000,100,True,0.7,1,8,19,0.125,0.05263157894736842,0.07407407407407407,0,1,1,100,1.0,199,3319,0.1684686056545353,2,0.010050251256281407,33.35678391959799,3,0.045155395515103273,0.2988174289990459,8,0.02557762500000038
t=0.02|d=0.70|tol=1e-04|iter=1000|words=100|mmr=0.70,train,d065j,converged,0.02,0.7,0.0001,1000,100,True,0.7,1,6,12,0.16666666666666666,0.08333333333333333,0.1111111111111111,1,1,1,100,1.0,309,6864,0.14424410540915394,13,0.042071197411003236,44.42718446601942,15,0.043898434478402,0.2047188268814853,9,0.05042766600000004
t=0.02|d=0.70|tol=1e-04|iter=1000|words=100|mmr=0.70,train,d066j,converged,0.02,0.7,0.0001,1000,100,True,0.7,0,7,19,0.0,0.0,0.0,0,0,0,100,1.0,204,3853,0.18608132908335748,5,0.024509803921568627,37.77450980392157,6,0.01106770126642193,0.12123001481956638,8,0.025988542000000336
t=0.02|d=0.70|tol=1e-04|iter=1000|words=100|mmr=0.70,train,d067f,converged,0.02,0.7,0.0001,1000,100,True,0.7,0,3,0,0.0,0.0,0.0,0,0,0,99,0.99,134,2185,0.24520255863539445,3,0.022388059701492536,32.61194029850746,4,0.1033119210570852,0.1670610438990799,10,0.014233500000000454
t=0.02|d=0.70|tol=1e-04|iter=1000|words=100|mmr=0.70,train,d068f,converged,0.02,0.7,0.0001,1000,100,True,0.7,0,7,0,0.0,0.0,0.0,0,0,0,100,1.0,136,2364,0.257516339869281,4,0.029411764705882353,34.76470588235294,5,0.1277819010135278,0.9999999999999999,10,0.013815791999999938
t=0.02|d=0.70|tol=1e-04|iter=1000|words=100|mmr=0.70,train,d069f,converged,0.02,0.7,0.0001,1000,100,True,0.7,0,4,14,0.0,0.0,0.0,0,0,0,100,1.0,331,13715,0.2511214867710336,1,0.0030211480362537764,82.87009063444108,2,0.10646968269015883,0.14942039715156336,7,0.07504491700000049
t=0.02|d=0.70|tol=1e-04|iter=1000|words=100|mmr=0.70,train,d070f,converged,0.02,0.7,0.0001,1000,100,True,0.7,1,8,16,0.125,0.0625,0.08333333333333333,0,1,1,100,1.0,167,3139,0.2264627371762499,8,0.04790419161676647,37.59281437125748,9,0.021532164536156966,0.18400632994732116,10,0.019765708000000437
t=0.02|d=0.70|tol=1e-04|iter=1000|words=100|mmr=0.70,train,d071f,converged,0.02,0.7,0.0001,1000,100,True,0.7,0,6,0,0.0,0.0,0.0,0,0,0,100,1.0,155,1238,0.10372852953498114,17,0.10967741935483871,15.974193548387097,22,0.08126598001961324,0.6086420297263238,12,0.013183750000000494
t=0.02|d=0.70|tol=1e-04|iter=1000|words=100|mmr=0.70,train,d072f,converged,0.02,0.7,0.0001,1000,100,True,0.7,0,7,0,0.0,0.0,0.0,0,0,0,100,1.0,378,10214,0.14334835024490197,5,0.013227513227513227,54.042328042328045,7,0.10569254796305809,0.6401152146171181,8,0.08181500000000064
t=0.02|d=0.70|tol=1e-04|iter=1000|words=100|mmr=0.70,train,d073b,converged,0.02,0.7,0.0001,1000,100,True,0.7,1,5,12,0.2,0.08333333333333333,0.11764705882352941,0,0,1,100,1.0,253,3704,0.11619298575820315,12,0.04743083003952569,29.280632411067195,18,0.04540607248173141,0.11981376361872152,13,0.03630008300000043
t=0.02|d=0.70|tol=1e-04|iter=1000|words=100|mmr=0.70,train,d074b,converged,0.02,0.7,0.0001,1000,100,True,0.7,0,5,0,0.0,0.0,0.0,0,0,0,100,1.0,256,2940,0.0900735294117647,10,0.0390625,22.96875,22,0.006280498023573125,0.06280498023573125,13,0.030082999999999416
t=0.02|d=0.70|tol=1e-04|iter=1000|words=100|mmr=0.70,train,d075b,converged,0.02,0.7,0.0001,1000,100,True,0.7,1,5,13,0.2,0.07692307692307693,0.1111111111111111,1,1,1,100,1.0,277,10963,0.28679432846753516,1,0.0036101083032490976,79.15523465703971,2,0.15113572749800028,0.39359678862129244,7,0.09579966699999964
t=0.02|d=0.70|tol=1e-04|iter=1000|words=100|mmr=0.70,train,d076b,converged,0.02,0.7,0.0001,1000,100,True,0.7,0,9,13,0.0,0.0,0.0,0,0,0,100,1.0,323,8152,0.15676018691229351,4,0.01238390092879257,50.476780185758514,5,0.058077091604629455,0.21313451712747633,9,0.06317912499999956
t=0.02|d=0.70|tol=1e-04|iter=1000|words=100|mmr=0.70,train,d077b,converged,0.02,0.7,0.0001,1000,100,True,0.7,1,5,14,0.2,0.07142857142857142,0.10526315789473682,0,1,1,100,1.0,340,10608,0.184070796460177,1,0.0029411764705882353,62.4,2,0.1216978834418985,0.25049967829158,9,0.06809220800000038
t=0.02|d=0.70|tol=1e-04|iter=1000|words=100|mmr=0.70,train,d078b,converged,0.02,0.7,0.0001,1000,100,True,0.7,0,5,0,0.0,0.0,0.0,0,0,0,100,1.0,276,5670,0.14940711462450593,1,0.0036231884057971015,41.08695652173913,2,0.09162436232222049,0.17916059524736813,8,0.04234179200000021
t=0.02|d=0.70|tol=1e-04|iter=1000|words=100|mmr=0.70,train,d079a,converged,0.02,0.7,0.0001,1000,100,True,0.7,1,4,14,0.25,0.07142857142857142,0.11111111111111112,1,1,1,99,0.99,316,11902,0.23914004420333534,1,0.0031645569620253164,75.32911392405063,2,0.08253917533593627,0.2305527285940876,8,0.0646918749999994
t=0.02|d=0.70|tol=1e-04|iter=1000|words=100|mmr=0.70,train,d080a,converged,0.02,0.7,0.0001,1000,100,True,0.7,1,5,10,0.2,0.1,0.13333333333333333,0,1,1,100,1.0,557,23902,0.1543598155586841,3,0.005385996409335727,85.82405745062836,4,0.17500286322707675,0.44325961017662285,9,0.16943537499999994
t=0.02|d=0.70|tol=1e-04|iter=1000|words=100|mmr=0.70,train,d081a,converged,0.02,0.7,0.0001,1000,100,True,0.7,0,5,17,0.0,0.0,0.0,0,0,0,100,1.0,299,9891,0.2220152185136136,8,0.026755852842809364,66.16053511705685,9,0.04557219265185699,0.17295440833658976,8,0.055870792000000336
t=0.02|d=0.70|tol=1e-04|iter=1000|words=100|mmr=0.70,train,d082a,converged,0.02,0.7,0.0001,1000,100,True,0.7,2,4,12,0.5,0.16666666666666666,0.25,1,1,1,100,1.0,209,4162,0.19147957305852042,0,0.0,39.82775119617225,2,0.06259706221261174,0.16886778933960314,8,0.031237832999999604
t=0.02|d=0.70|tol=1e-04|iter=1000|words=100|mmr=0.70,train,d083a,converged,0.02,0.7,0.0001,1000,100,True,0.7,0,5,17,0.0,0.0,0.0,0,0,0,100,1.0,224,5878,0.23534593209481103,1,0.004464285714285714,52.482142857142854,2,0.02546668454274199,0.11614998424287631,10,0.035994542000000074
t=0.02|d=0.70|tol=1e-04|iter=1000|words=100|mmr=0.70,train,d084a,converged,0.02,0.7,0.0001,1000,100,True,0.7,0,7,0,0.0,0.0,0.0,0,0,0,100,1.0,366,14382,0.21531551762856502,2,0.00546448087431694,78.59016393442623,5,0.1015663924408795,0.26512441540086007,9,0.08294966700000028
t=0.02|d=0.70|tol=1e-04|iter=1000|words=100|mmr=0.70,train,d085d,converged,0.02,0.7,0.0001,1000,100,True,0.7,0,5,0,0.0,0.0,0.0,0,0,0,100,1.0,224,4446,0.17801089045483665,1,0.004464285714285714,39.69642857142857,2,0.14240203021260536,0.5758265182499325,9,0.03269524999999973
t=0.02|d=0.70|tol=1e-04|iter=1000|words=100|mmr=0.70,train,d086d,converged,0.02,0.7,0.0001,1000,100,True,0.7,0,3,0,0.0,0.0,0.0,0,0,0,100,1.0,416,18314,0.2121640407784986,0,0.0,88.04807692307692,2,0.00267820437815618,0.00803461313446854,8,0.10322949999999942
t=0.02|d=0.70|tol=1e-04|iter=1000|words=100|mmr=0.70,train,d087d,converged,0.02,0.7,0.0001,1000,100,True,0.7,1,7,17,0.14285714285714285,0.058823529411764705,0.08333333333333333,0,1,1,100,1.0,292,7045,0.16581932872004895,4,0.0136986301369863,48.25342465753425,6,0.045442138418619646,0.22427752557709513,12,0.05583500000000008
t=0.02|d=0.70|tol=1e-04|iter=1000|words=100|mmr=0.70,train,d089d,converged,0.02,0.7,0.0001,1000,100,True,0.7,0,5,18,0.0,0.0,0.0,0,0,0,100,1.0,386,12656,0.170325011775789,2,0.0051813471502590676,65.57512953367876,3,0.034443153338645935,0.11375478313864343,9,0.08583891700000024
t=0.02|d=0.70|tol=1e-04|iter=1000|words=100|mmr=0.70,train,d090d,converged,0.02,0.7,0.0001,1000,100,True,0.7,0,9,0,0.0,0.0,0.0,0,0,0,100,1.0,261,6833,0.20138520483348069,5,0.019157088122605363,52.36015325670498,6,0.16312873338727557,1.0,9,0.04344320800000112
t=0.02|d=0.70|tol=1e-04|iter=1000|words=100|mmr=0.70,train,d091c,converged,0.02,0.7,0.0001,1000,100,True,0.7,1,6,13,0.16666666666666666,0.07692307692307693,0.10526315789473684,0,1,1,100,1.0,280,7766,0.19882232462877625,1,0.0035714285714285713,55.47142857142857,3,0.1096840378732262,1.0,9,0.04688737500000073
t=0.02|d=0.70|tol=1e-04|iter=1000|words=100|mmr=0.70,train,d092c,converged,0.02,0.7,0.0001,1000,100,True,0.7,0,5,19,0.0,0.0,0.0,0,0,0,100,1.0,291,5913,0.14013508709562744,11,0.037800687285223365,40.63917525773196,13,0.16519167737035517,0.4173701494751245,11,0.047128292000000016
t=0.02|d=0.70|tol=1e-04|iter=1000|words=100|mmr=0.70,train,d093c,converged,0.02,0.7,0.0001,1000,100,True,0.7,1,7,18,0.14285714285714285,0.05555555555555555,0.08,1,1,1,100,1.0,264,4181,0.12043438184122594,7,0.026515151515151516,31.674242424242426,14,0.05542459467925903,0.45410082900530824,11,0.03595608299999853
t=0.02|d=0.70|tol=1e-04|iter=1000|words=100|mmr=0.70,train,d094c,converged,0.02,0.7,0.0001,1000,100,True,0.7,2,4,10,0.5,0.2,0.28571428571428575,1,1,1,100,1.0,185,3542,0.20810810810810812,5,0.02702702702702703,38.29189189189189,6,0.06627974988669451,0.12669659804914624,8,0.023113999999999635
t=0.02|d=0.70|tol=1e-04|iter=1000|words=100|mmr=0.70,train,d095c,converged,0.02,0.7,0.0001,1000,100,True,0.7,0,6,13,0.0,0.0,0.0,0,0,0,100,1.0,240,4223,0.14724546722454673,4,0.016666666666666666,35.19166666666667,5,0.06439180133412785,0.35934724648840083,10,0.034357124999999655
t=0.02|d=0.70|tol=1e-04|iter=1000|words=100|mmr=0.70,train,d096c,converged,0.02,0.7,0.0001,1000,100,True,0.7,1,12,15,0.08333333333333333,0.06666666666666667,0.07407407407407407,0,0,0,100,1.0,274,5372,0.14363252319456699,11,0.040145985401459854,39.21167883211679,17,0.14437723584712367,1.0,10,0.04149837500000153
t=0.02|d=0.70|tol=1e-04|iter=1000|words=100|mmr=0.70,train,d097e,converged,0.02,0.7,0.0001,1000,100,True,0.7,0,5,0,0.0,0.0,0.0,0,0,0,100,1.0,225,4651,0.18456349206349207,3,0.013333333333333334,41.34222222222222,4,0.03480704537638372,0.24086354009587335,9,0.03438358400000041
t=0.02|d=0.70|tol=1e-04|iter=1000|words=100|mmr=0.70,train,d098e,converged,0.02,0.7,0.0001,1000,100,True,0.7,0,4,0,0.0,0.0,0.0,0,0,0,100,1.0,454,19366,0.18832842236290612,1,0.0022026431718061676,85.31277533039648,4,0.04946827207037862,0.11936630012097926,8,0.12051149999999922
t=0.02|d=0.70|tol=1e-04|iter=1000|words=100|mmr=0.70,train,d099e,converged,0.02,0.7,0.0001,1000,100,True,0.7,1,7,20,0.14285714285714285,0.05,0.07407407407407408,0,0,0,100,1.0,469,12534,0.11420917391066644,12,0.0255863539445629,53.449893390191896,15,0.02293047011185567,0.26359620177873805,8,0.10325770900000109
t=0.02|d=0.70|tol=1e-04|iter=1000|words=100|mmr=0.70,train,d100e,converged,0.02,0.7,0.0001,1000,100,True,0.7,0,5,10,0.0,0.0,0.0,0,0,0,100,1.0,592,20820,0.11901495404033476,11,0.018581081081081082,70.33783783783784,12,0.05557061006883156,0.2570884255951601,9,0.16421345800000076
t=0.02|d=0.70|tol=1e-04|iter=1000|words=100|mmr=0.70,train,d101e,converged,0.02,0.7,0.0001,1000,100,True,0.7,1,6,10,0.16666666666666666,0.1,0.125,0,0,0,100,1.0,514,15876,0.12041777595740323,12,0.023346303501945526,61.77431906614786,20,0.016996689236201228,0.0981249372061369,13,0.1270524169999998
t=0.02|d=0.70|tol=1e-04|iter=1000|words=100|mmr=0.70,train,d102e,converged,0.02,0.7,0.0001,1000,100,True,0.7,0,8,16,0.0,0.0,0.0,0,0,0,100,1.0,678,30836,0.1343598994348658,3,0.004424778761061947,90.96165191740413,5,0.08890516187081181,0.2182847832217777,11,0.23798974999999878
t=0.02|d=0.70|tol=1e-04|iter=1000|words=100|mmr=0.70,train,d103g,converged,0.02,0.7,0.0001,1000,100,True,0.7,0,9,18,0.0,0.0,0.0,0,0,0,100,1.0,219,4611,0.19316325248209124,8,0.0365296803652968,42.10958904109589,10,0.09878986517077659,1.0,9,0.031307667000000095
t=0.02|d=0.70|tol=1e-04|iter=1000|words=100|mmr=0.70,train,d104g,converged,0.02,0.7,0.0001,1000,100,True,0.7,0,7,0,0.0,0.0,0.0,0,0,0,99,0.99,352,14370,0.23261460761460762,0,0.0,81.64772727272727,1,0.07778780332050077,0.26471794472401455,9,0.07372349999999983
t=0.02|d=0.70|tol=1e-04|iter=1000|words=100|mmr=0.70,train,d105g,converged,0.02,0.7,0.0001,1000,100,True,0.7,0,5,11,0.0,0.0,0.0,0,0,0,100,1.0,266,5909,0.16765498652291105,4,0.015037593984962405,44.42857142857143,5,0.024270641107581446,0.08887360414854518,8,0.04477445899999921
t=0.02|d=0.70|tol=1e-04|iter=1000|words=100|mmr=0.70,train,d106g,converged,0.02,0.7,0.0001,1000,100,True,0.7,0,5,0,0.0,0.0,0.0,0,0,0,100,1.0,237,4067,0.14542658943002218,16,0.06751054852320675,34.32067510548523,17,0.0781676414471939,0.23708289736651472,10,0.03171141700000035
t=0.02|d=0.70|tol=1e-04|iter=1000|words=100|mmr=0.70,train,d107g,converged,0.02,0.7,0.0001,1000,100,True,0.7,1,5,12,0.2,0.08333333333333333,0.11764705882352941,0,1,1,100,1.0,271,4750,0.12983463167965012,4,0.014760147601476014,35.055350553505534,5,0.0284438621295939,0.14398569394081734,9,0.041442209000001284
t=0.02|d=0.70|tol=1e-04|iter=1000|words=100|mmr=0.70,train,d108g,converged,0.02,0.7,0.0001,1000,100,True,0.7,0,5,0,0.0,0.0,0.0,0,0,0,100,1.0,216,5330,0.22954349698535745,6,0.027777777777777776,49.351851851851855,7,0.06312044501901114,0.18545858619457245,9,0.03085841699999925
t=0.02|d=0.70|tol=1e-04|iter=1000|words=100|mmr=0.70,train,d109h,converged,0.02,0.7,0.0001,1000,100,True,0.7,1,5,20,0.2,0.05,0.08000000000000002,0,0,1,99,0.99,143,3351,0.3300502314586822,0,0.0,46.86713286713287,1,0.02721052841462392,0.18993614624064137,8,0.018826959000000087
t=0.02|d=0.70|tol=1e-04|iter=1000|words=100|mmr=0.70,train,d110h,converged,0.02,0.7,0.0001,1000,100,True,0.7,1,6,20,0.16666666666666666,0.05,0.07692307692307691,0,0,1,100,1.0,453,23110,0.22573209087889975,2,0.004415011037527594,102.03090507726269,4,0.04803720951680733,0.18720551569166563,8,0.12753200000000042
t=0.02|d=0.70|tol=1e-04|iter=1000|words=100|mmr=0.70,train,d111h,converged,0.02,0.7,0.0001,1000,100,True,0.7,1,5,14,0.2,0.07142857142857142,0.10526315789473682,1,1,1,100,1.0,214,2837,0.12447896099337458,5,0.02336448598130841,26.514018691588785,6,0.0483479830087984,0.205259286881504,9,0.031008541999998585
t=0.02|d=0.70|tol=1e-06|iter=100|words=100|mmr=0.70,train,d061j,converged,0.02,0.7,1e-06,100,100,True,0.7,2,5,18,0.4,0.1111111111111111,0.1739130434782609,0,1,1,99,0.99,186,4037,0.23464109270560884,1,0.005376344086021506,43.40860215053763,2,0.13429842620730287,0.45430454776676077,15,0.02841558300000102
t=0.02|d=0.70|tol=1e-06|iter=100|words=100|mmr=0.70,train,d062j,converged,0.02,0.7,1e-06,100,100,True,0.7,0,6,0,0.0,0.0,0.0,0,0,0,98,0.98,120,1653,0.23151260504201682,2,0.016666666666666666,27.55,3,0.07196848072945318,0.24710351783829648,13,0.013160958000000278
t=0.02|d=0.70|tol=1e-06|iter=100|words=100|mmr=0.70,train,d063j,converged,0.02,0.7,1e-06,100,100,True,0.7,0,3,18,0.0,0.0,0.0,0,0,0,100,1.0,253,4848,0.1520798042537173,3,0.011857707509881422,38.32411067193676,4,0.22152607046561681,0.3530378592180876,17,0.04197708299999903
t=0.02|d=0.70|tol=1e-06|iter=100|words=100|mmr=0.70,train,d064j,converged,0.02,0.7,1e-06,100,100,True,0.7,1,8,19,0.125,0.05263157894736842,0.07407407407407407,0,1,1,100,1.0,199,3319,0.1684686056545353,2,0.010050251256281407,33.35678391959799,3,0.045155395515103273,0.2988174289990459,12,0.029676666999998602
t=0.02|d=0.70|tol=1e-06|iter=100|words=100|mmr=0.70,train,d065j,converged,0.02,0.7,1e-06,100,100,True,0.7,1,6,12,0.16666666666666666,0.08333333333333333,0.1111111111111111,1,1,1,100,1.0,309,6864,0.14424410540915394,13,0.042071197411003236,44.42718446601942,15,0.043898434478402,0.2047188268814853,17,0.05919495800000085
t=0.02|d=0.70|tol=1e-06|iter=100|words=100|mmr=0.70,train,d066j,converged,0.02,0.7,1e-06,100,100,True,0.7,0,7,19,0.0,0.0,0.0,0,0,0,100,1.0,204,3853,0.18608132908335748,5,0.024509803921568627,37.77450980392157,6,0.01106770126642193,0.12123001481956638,17,0.030875290999999194
t=0.02|d=0.70|tol=1e-06|iter=100|words=100|mmr=0.70,train,d067f,converged,0.02,0.7,1e-06,100,100,True,0.7,0,3,0,0.0,0.0,0.0,0,0,0,99,0.99,134,2185,0.24520255863539445,3,0.022388059701492536,32.61194029850746,4,0.1033119210570852,0.1670610438990799,22,0.018292167000000248
t=0.02|d=0.70|tol=1e-06|iter=100|words=100|mmr=0.70,train,d068f,converged,0.02,0.7,1e-06,100,100,True,0.7,0,7,0,0.0,0.0,0.0,0,0,0,100,1.0,136,2364,0.257516339869281,4,0.029411764705882353,34.76470588235294,5,0.1277819010135278,0.9999999999999999,17,0.016581874999999968
t=0.02|d=0.70|tol=1e-06|iter=100|words=100|mmr=0.70,train,d069f,converged,0.02,0.7,1e-06,100,100,True,0.7,0,4,14,0.0,0.0,0.0,0,0,0,100,1.0,331,13715,0.2511214867710336,1,0.0030211480362537764,82.87009063444108,2,0.10646968269015883,0.14942039715156336,10,0.08060337500000081
t=0.02|d=0.70|tol=1e-06|iter=100|words=100|mmr=0.70,train,d070f,converged,0.02,0.7,1e-06,100,100,True,0.7,1,8,16,0.125,0.0625,0.08333333333333333,0,1,1,100,1.0,167,3139,0.2264627371762499,8,0.04790419161676647,37.59281437125748,9,0.021532164536156966,0.18400632994732116,17,0.023681832999999486
t=0.02|d=0.70|tol=1e-06|iter=100|words=100|mmr=0.70,train,d071f,converged,0.02,0.7,1e-06,100,100,True,0.7,0,6,0,0.0,0.0,0.0,0,0,0,100,1.0,155,1238,0.10372852953498114,17,0.10967741935483871,15.974193548387097,22,0.08126598001961324,0.6086420297263238,23,0.015183958999999803
t=0.02|d=0.70|tol=1e-06|iter=100|words=100|mmr=0.70,train,d072f,converged,0.02,0.7,1e-06,100,100,True,0.7,0,7,0,0.0,0.0,0.0,0,0,0,100,1.0,378,10214,0.14334835024490197,5,0.013227513227513227,54.042328042328045,7,0.10569254796305809,0.6401152146171181,13,0.08931762499999962
t=0.02|d=0.70|tol=1e-06|iter=100|words=100|mmr=0.70,train,d073b,converged,0.02,0.7,1e-06,100,100,True,0.7,1,5,12,0.2,0.08333333333333333,0.11764705882352941,0,0,1,100,1.0,253,3704,0.11619298575820315,12,0.04743083003952569,29.280632411067195,18,0.04540607248173141,0.11981376361872152,25,0.03987304099999989
t=0.02|d=0.70|tol=1e-06|iter=100|words=100|mmr=0.70,train,d074b,converged,0.02,0.7,1e-06,100,100,True,0.7,0,5,0,0.0,0.0,0.0,0,0,0,100,1.0,256,2940,0.0900735294117647,10,0.0390625,22.96875,22,0.006280498023573125,0.06280498023573125,25,0.03519333300000049
t=0.02|d=0.70|tol=1e-06|iter=100|words=100|mmr=0.70,train,d075b,converged,0.02,0.7,1e-06,100,100,True,0.7,1,5,13,0.2,0.07692307692307693,0.1111111111111111,1,1,1,100,1.0,277,10963,0.28679432846753516,1,0.0036101083032490976,79.15523465703971,2,0.15113572749800028,0.39359678862129244,12,0.059273291999998534
t=0.02|d=0.70|tol=1e-06|iter=100|words=100|mmr=0.70,train,d076b,converged,0.02,0.7,1e-06,100,100,True,0.7,0,9,13,0.0,0.0,0.0,0,0,0,100,1.0,323,8152,0.15676018691229351,4,0.01238390092879257,50.476780185758514,5,0.058077091604629455,0.21313451712747633,14,0.06748075000000142
t=0.02|d=0.70|tol=1e-06|iter=100|words=100|mmr=0.70,train,d077b,converged,0.02,0.7,1e-06,100,100,True,0.7,1,5,14,0.2,0.07142857142857142,0.10526315789473682,0,1,1,100,1.0,340,10608,0.184070796460177,1,0.0029411764705882353,62.4,2,0.1216978834418985,0.25049967829158,14,0.07666858300000001
t=0.02|d=0.70|tol=1e-06|iter=100|words=100|mmr=0.70,train,d078b,converged,0.02,0.7,1e-06,100,100,True,0.7,0,5,0,0.0,0.0,0.0,0,0,0,100,1.0,276,5670,0.14940711462450593,1,0.0036231884057971015,41.08695652173913,2,0.09162436232222049,0.17916059524736813,14,0.04794408400000094
t=0.02|d=0.70|tol=1e-06|iter=100|words=100|mmr=0.70,train,d079a,converged,0.02,0.7,1e-06,100,100,True,0.7,1,4,14,0.25,0.07142857142857142,0.11111111111111112,1,1,1,99,0.99,316,11902,0.23914004420333534,1,0.0031645569620253164,75.32911392405063,2,0.08253917533593627,0.2305527285940876,14,0.0766774580000007
t=0.02|d=0.70|tol=1e-06|iter=100|words=100|mmr=0.70,train,d080a,converged,0.02,0.7,1e-06,100,100,True,0.7,1,5,10,0.2,0.1,0.13333333333333333,0,1,1,100,1.0,557,23902,0.1543598155586841,3,0.005385996409335727,85.82405745062836,4,0.17500286322707675,0.44325961017662285,15,0.18774162499999925
t=0.02|d=0.70|tol=1e-06|iter=100|words=100|mmr=0.70,train,d081a,converged,0.02,0.7,1e-06,100,100,True,0.7,0,5,17,0.0,0.0,0.0,0,0,0,100,1.0,299,9891,0.2220152185136136,8,0.026755852842809364,66.16053511705685,9,0.04557219265185699,0.17295440833658976,16,0.06774883399999965
t=0.02|d=0.70|tol=1e-06|iter=100|words=100|mmr=0.70,train,d082a,converged,0.02,0.7,1e-06,100,100,True,0.7,2,4,12,0.5,0.16666666666666666,0.25,1,1,1,100,1.0,209,4162,0.19147957305852042,0,0.0,39.82775119617225,2,0.06259706221261174,0.16886778933960314,12,0.03283820799999937
t=0.02|d=0.70|tol=1e-06|iter=100|words=100|mmr=0.70,train,d083a,converged,0.02,0.7,1e-06,100,100,True,0.7,0,5,17,0.0,0.0,0.0,0,0,0,100,1.0,224,5878,0.23534593209481103,1,0.004464285714285714,52.482142857142854,2,0.02546668454274199,0.11614998424287631,16,0.04028879200000013
t=0.02|d=0.70|tol=1e-06|iter=100|words=100|mmr=0.70,train,d084a,converged,0.02,0.7,1e-06,100,100,True,0.7,0,7,0,0.0,0.0,0.0,0,0,0,100,1.0,366,14382,0.21531551762856502,2,0.00546448087431694,78.59016393442623,5,0.1015663924408795,0.26512441540086007,16,0.10213787500000038
t=0.02|d=0.70|tol=1e-06|iter=100|words=100|mmr=0.70,train,d085d,converged,0.02,0.7,1e-06,100,100,True,0.7,0,5,0,0.0,0.0,0.0,0,0,0,100,1.0,224,4446,0.17801089045483665,1,0.004464285714285714,39.69642857142857,2,0.14240203021260536,0.5758265182499325,15,0.03567437499999926
t=0.02|d=0.70|tol=1e-06|iter=100|words=100|mmr=0.70,train,d086d,converged,0.02,0.7,1e-06,100,100,True,0.7,0,3,0,0.0,0.0,0.0,0,0,0,100,1.0,416,18314,0.2121640407784986,0,0.0,88.04807692307692,2,0.00267820437815618,0.00803461313446854,13,0.11519412500000037
t=0.02|d=0.70|tol=1e-06|iter=100|words=100|mmr=0.70,train,d087d,converged,0.02,0.7,1e-06,100,100,True,0.7,1,7,17,0.14285714285714285,0.058823529411764705,0.08333333333333333,0,1,1,100,1.0,292,7045,0.16581932872004895,4,0.0136986301369863,48.25342465753425,6,0.045442138418619646,0.22427752557709513,25,0.06918962499999992
t=0.02|d=0.70|tol=1e-06|iter=100|words=100|mmr=0.70,train,d089d,converged,0.02,0.7,1e-06,100,100,True,0.7,0,5,18,0.0,0.0,0.0,0,0,0,100,1.0,386,12656,0.170325011775789,2,0.0051813471502590676,65.57512953367876,3,0.023783356139542126,0.11375478313864343,15,0.10362554099999954
t=0.02|d=0.70|tol=1e-06|iter=100|words=100|mmr=0.70,train,d090d,converged,0.02,0.7,1e-06,100,100,True,0.7,0,9,0,0.0,0.0,0.0,0,0,0,100,1.0,261,6833,0.20138520483348069,5,0.019157088122605363,52.36015325670498,6,0.16312873338727557,1.0,14,0.05149670900000025
t=0.02|d=0.70|tol=1e-06|iter=100|words=100|mmr=0.70,train,d091c,converged,0.02,0.7,1e-06,100,100,True,0.7,1,6,13,0.16666666666666666,0.07692307692307693,0.10526315789473684,0,1,1,100,1.0,280,7766,0.19882232462877625,1,0.0035714285714285713,55.47142857142857,3,0.1096840378732262,1.0,17,0.05656637499999917
t=0.02|d=0.70|tol=1e-06|iter=100|words=100|mmr=0.70,train,d092c,converged,0.02,0.7,1e-06,100,100,True,0.7,0,5,19,0.0,0.0,0.0,0,0,0,100,1.0,291,5913,0.14013508709562744,11,0.037800687285223365,40.63917525773196,13,0.16519167737035517,0.4173701494751245,21,0.059373540999999364
t=0.02|d=0.70|tol=1e-06|iter=100|words=100|mmr=0.70,train,d093c,converged,0.02,0.7,1e-06,100,100,True,0.7,1,7,18,0.14285714285714285,0.05555555555555555,0.08,1,1,1,100,1.0,264,4181,0.12043438184122594,7,0.026515151515151516,31.674242424242426,14,0.05542459467925903,0.45410082900530824,22,0.04316170799999952
t=0.02|d=0.70|tol=1e-06|iter=100|words=100|mmr=0.70,train,d094c,converged,0.02,0.7,1e-06,100,100,True,0.7,2,4,10,0.5,0.2,0.28571428571428575,1,1,1,100,1.0,185,3542,0.20810810810810812,5,0.02702702702702703,38.29189189189189,6,0.06627974988669451,0.12669659804914624,13,0.027103374999999374
t=0.02|d=0.70|tol=1e-06|iter=100|words=100|mmr=0.70,train,d095c,converged,0.02,0.7,1e-06,100,100,True,0.7,0,6,13,0.0,0.0,0.0,0,0,0,100,1.0,240,4223,0.14724546722454673,4,0.016666666666666666,35.19166666666667,5,0.06439180133412785,0.35934724648840083,17,0.04506587500000059
t=0.02|d=0.70|tol=1e-06|iter=100|words=100|mmr=0.70,train,d096c,converged,0.02,0.7,1e-06,100,100,True,0.7,1,12,15,0.08333333333333333,0.06666666666666667,0.07407407407407407,0,0,0,100,1.0,274,5372,0.14363252319456699,11,0.040145985401459854,39.21167883211679,17,0.14437723584712367,1.0,18,0.048592499999999816
t=0.02|d=0.70|tol=1e-06|iter=100|words=100|mmr=0.70,train,d097e,converged,0.02,0.7,1e-06,100,100,True,0.7,0,5,0,0.0,0.0,0.0,0,0,0,100,1.0,225,4651,0.18456349206349207,3,0.013333333333333334,41.34222222222222,4,0.03480704537638372,0.24086354009587335,15,0.0377698750000004
t=0.02|d=0.70|tol=1e-06|iter=100|words=100|mmr=0.70,train,d098e,converged,0.02,0.7,1e-06,100,100,True,0.7,0,4,0,0.0,0.0,0.0,0,0,0,100,1.0,454,19366,0.18832842236290612,1,0.0022026431718061676,85.31277533039648,4,0.04946827207037862,0.11936630012097926,15,0.13984933299999902
t=0.02|d=0.70|tol=1e-06|iter=100|words=100|mmr=0.70,train,d099e,converged,0.02,0.7,1e-06,100,100,True,0.7,1,7,20,0.14285714285714285,0.05,0.07407407407407408,0,0,0,100,1.0,469,12534,0.11420917391066644,12,0.0255863539445629,53.449893390191896,15,0.02293047011185567,0.26359620177873805,16,0.11890112499999894
t=0.02|d=0.70|tol=1e-06|iter=100|words=100|mmr=0.70,train,d100e,converged,0.02,0.7,1e-06,100,100,True,0.7,0,5,10,0.0,0.0,0.0,0,0,0,100,1.0,592,20820,0.11901495404033476,11,0.018581081081081082,70.33783783783784,12,0.05557061006883156,0.2570884255951601,16,0.1891016659999991
t=0.02|d=0.70|tol=1e-06|iter=100|words=100|mmr=0.70,train,d101e,converged,0.02,0.7,1e-06,100,100,True,0.7,1,6,10,0.16666666666666666,0.1,0.125,0,0,0,100,1.0,514,15876,0.12041777595740323,12,0.023346303501945526,61.77431906614786,20,0.016996689236201228,0.0981249372061369,25,0.15440795800000018
t=0.02|d=0.70|tol=1e-06|iter=100|words=100|mmr=0.70,train,d102e,converged,0.02,0.7,1e-06,100,100,True,0.7,0,8,16,0.0,0.0,0.0,0,0,0,100,1.0,678,30836,0.1343598994348658,3,0.004424778761061947,90.96165191740413,5,0.08890516187081181,0.2182847832217777,23,0.31724729100000104
t=0.02|d=0.70|tol=1e-06|iter=100|words=100|mmr=0.70,train,d103g,converged,0.02,0.7,1e-06,100,100,True,0.7,0,9,18,0.0,0.0,0.0,0,0,0,100,1.0,219,4611,0.19316325248209124,8,0.0365296803652968,42.10958904109589,10,0.09878986517077659,1.0,18,0.037297416999999555
t=0.02|d=0.70|tol=1e-06|iter=100|words=100|mmr=0.70,train,d104g,converged,0.02,0.7,1e-06,100,100,True,0.7,0,7,0,0.0,0.0,0.0,0,0,0,99,0.99,352,14370,0.23261460761460762,0,0.0,81.64772727272727,1,0.07778780332050077,0.26471794472401455,16,0.09004166700000127
t=0.02|d=0.70|tol=1e-06|iter=100|words=100|mmr=0.70,train,d105g,converged,0.02,0.7,1e-06,100,100,True,0.7,0,5,11,0.0,0.0,0.0,0,0,0,100,1.0,266,5909,0.16765498652291105,4,0.015037593984962405,44.42857142857143,5,0.024270641107581446,0.08887360414854518,18,0.06562708399999906
t=0.02|d=0.70|tol=1e-06|iter=100|words=100|mmr=0.70,train,d106g,converged,0.02,0.7,1e-06,100,100,True,0.7,0,5,0,0.0,0.0,0.0,0,0,0,100,1.0,237,4067,0.14542658943002218,16,0.06751054852320675,34.32067510548523,17,0.0781676414471939,0.23708289736651472,18,0.03639966599999944
t=0.02|d=0.70|tol=1e-06|iter=100|words=100|mmr=0.70,train,d107g,converged,0.02,0.7,1e-06,100,100,True,0.7,1,5,12,0.2,0.08333333333333333,0.11764705882352941,0,0,1,100,1.0,271,4750,0.12983463167965012,4,0.014760147601476014,35.055350553505534,5,0.0284438621295939,0.14398569394081734,16,0.04591412500000125
t=0.02|d=0.70|tol=1e-06|iter=100|words=100|mmr=0.70,train,d108g,converged,0.02,0.7,1e-06,100,100,True,0.7,0,5,0,0.0,0.0,0.0,0,0,0,100,1.0,216,5330,0.22954349698535745,6,0.027777777777777776,49.351851851851855,7,0.06312044501901114,0.18545858619457245,17,0.036356208000000834
t=0.02|d=0.70|tol=1e-06|iter=100|words=100|mmr=0.70,train,d109h,converged,0.02,0.7,1e-06,100,100,True,0.7,1,5,20,0.2,0.05,0.08000000000000002,0,0,1,99,0.99,143,3351,0.3300502314586822,0,0.0,46.86713286713287,1,0.02721052841462392,0.18993614624064137,13,0.022607875000000277
t=0.02|d=0.70|tol=1e-06|iter=100|words=100|mmr=0.70,train,d110h,converged,0.02,0.7,1e-06,100,100,True,0.7,1,6,20,0.16666666666666666,0.05,0.07692307692307691,0,0,1,100,1.0,453,23110,0.22573209087889975,2,0.004415011037527594,102.03090507726269,4,0.04803720951680733,0.18720551569166563,15,0.14905154099999862
t=0.02|d=0.70|tol=1e-06|iter=100|words=100|mmr=0.70,train,d111h,converged,0.02,0.7,1e-06,100,100,True,0.7,1,5,14,0.2,0.07142857142857142,0.10526315789473682,1,1,1,100,1.0,214,2837,0.12447896099337458,5,0.02336448598130841,26.514018691588785,6,0.0483479830087984,0.205259286881504,15,0.0306564999999992
t=0.02|d=0.70|tol=1e-06|iter=300|words=100|mmr=0.70,train,d061j,converged,0.02,0.7,1e-06,300,100,True,0.7,2,5,18,0.4,0.1111111111111111,0.1739130434782609,0,1,1,99,0.99,186,4037,0.23464109270560884,1,0.005376344086021506,43.40860215053763,2,0.13429842620730287,0.45430454776676077,15,0.02819562500000039
t=0.02|d=0.70|tol=1e-06|iter=300|words=100|mmr=0.70,train,d062j,converged,0.02,0.7,1e-06,300,100,True,0.7,0,6,0,0.0,0.0,0.0,0,0,0,98,0.98,120,1653,0.23151260504201682,2,0.016666666666666666,27.55,3,0.07196848072945318,0.24710351783829648,13,0.01282595799999875
t=0.02|d=0.70|tol=1e-06|iter=300|words=100|mmr=0.70,train,d063j,converged,0.02,0.7,1e-06,300,100,True,0.7,0,3,18,0.0,0.0,0.0,0,0,0,100,1.0,253,4848,0.1520798042537173,3,0.011857707509881422,38.32411067193676,4,0.22152607046561681,0.3530378592180876,17,0.042081250000000736
t=0.02|d=0.70|tol=1e-06|iter=300|words=100|mmr=0.70,train,d064j,converged,0.02,0.7,1e-06,300,100,True,0.7,1,8,19,0.125,0.05263157894736842,0.07407407407407407,0,1,1,100,1.0,199,3319,0.1684686056545353,2,0.010050251256281407,33.35678391959799,3,0.045155395515103273,0.2988174289990459,12,0.028696000000000055
t=0.02|d=0.70|tol=1e-06|iter=300|words=100|mmr=0.70,train,d065j,converged,0.02,0.7,1e-06,300,100,True,0.7,1,6,12,0.16666666666666666,0.08333333333333333,0.1111111111111111,1,1,1,100,1.0,309,6864,0.14424410540915394,13,0.042071197411003236,44.42718446601942,15,0.043898434478402,0.2047188268814853,17,0.06022183299999995
t=0.02|d=0.70|tol=1e-06|iter=300|words=100|mmr=0.70,train,d066j,converged,0.02,0.7,1e-06,300,100,True,0.7,0,7,19,0.0,0.0,0.0,0,0,0,100,1.0,204,3853,0.18608132908335748,5,0.024509803921568627,37.77450980392157,6,0.01106770126642193,0.12123001481956638,17,0.031935999999999964
t=0.02|d=0.70|tol=1e-06|iter=300|words=100|mmr=0.70,train,d067f,converged,0.02,0.7,1e-06,300,100,True,0.7,0,3,0,0.0,0.0,0.0,0,0,0,99,0.99,134,2185,0.24520255863539445,3,0.022388059701492536,32.61194029850746,4,0.1033119210570852,0.1670610438990799,22,0.018260541000000075
t=0.02|d=0.70|tol=1e-06|iter=300|words=100|mmr=0.70,train,d068f,converged,0.02,0.7,1e-06,300,100,True,0.7,0,7,0,0.0,0.0,0.0,0,0,0,100,1.0,136,2364,0.257516339869281,4,0.029411764705882353,34.76470588235294,5,0.1277819010135278,0.9999999999999999,17,0.017479915999999207
t=0.02|d=0.70|tol=1e-06|iter=300|words=100|mmr=0.70,train,d069f,converged,0.02,0.7,1e-06,300,100,True,0.7,0,4,14,0.0,0.0,0.0,0,0,0,100,1.0,331,13715,0.2511214867710336,1,0.0030211480362537764,82.87009063444108,2,0.10646968269015883,0.14942039715156336,10,0.08004449999999963
t=0.02|d=0.70|tol=1e-06|iter=300|words=100|mmr=0.70,train,d070f,converged,0.02,0.7,1e-06,300,100,True,0.7,1,8,16,0.125,0.0625,0.08333333333333333,0,1,1,100,1.0,167,3139,0.2264627371762499,8,0.04790419161676647,37.59281437125748,9,0.021532164536156966,0.18400632994732116,17,0.023381792000000345
t=0.02|d=0.70|tol=1e-06|iter=300|words=100|mmr=0.70,train,d071f,converged,0.02,0.7,1e-06,300,100,True,0.7,0,6,0,0.0,0.0,0.0,0,0,0,100,1.0,155,1238,0.10372852953498114,17,0.10967741935483871,15.974193548387097,22,0.08126598001961324,0.6086420297263238,23,0.01570016700000032
t=0.02|d=0.70|tol=1e-06|iter=300|words=100|mmr=0.70,train,d072f,converged,0.02,0.7,1e-06,300,100,True,0.7,0,7,0,0.0,0.0,0.0,0,0,0,100,1.0,378,10214,0.14334835024490197,5,0.013227513227513227,54.042328042328045,7,0.10569254796305809,0.6401152146171181,13,0.09129762499999927
t=0.02|d=0.70|tol=1e-06|iter=300|words=100|mmr=0.70,train,d073b,converged,0.02,0.7,1e-06,300,100,True,0.7,1,5,12,0.2,0.08333333333333333,0.11764705882352941,0,0,1,100,1.0,253,3704,0.11619298575820315,12,0.04743083003952569,29.280632411067195,18,0.04540607248173141,0.11981376361872152,25,0.04002745799999907
t=0.02|d=0.70|tol=1e-06|iter=300|words=100|mmr=0.70,train,d074b,converged,0.02,0.7,1e-06,300,100,True,0.7,0,5,0,0.0,0.0,0.0,0,0,0,100,1.0,256,2940,0.0900735294117647,10,0.0390625,22.96875,22,0.006280498023573125,0.06280498023573125,25,0.035602125000000484
t=0.02|d=0.70|tol=1e-06|iter=300|words=100|mmr=0.70,train,d075b,converged,0.02,0.7,1e-06,300,100,True,0.7,1,5,13,0.2,0.07692307692307693,0.1111111111111111,1,1,1,100,1.0,277,10963,0.28679432846753516,1,0.0036101083032490976,79.15523465703971,2,0.15113572749800028,0.39359678862129244,12,0.060056041999999366
t=0.02|d=0.70|tol=1e-06|iter=300|words=100|mmr=0.70,train,d076b,converged,0.02,0.7,1e-06,300,100,True,0.7,0,9,13,0.0,0.0,0.0,0,0,0,100,1.0,323,8152,0.15676018691229351,4,0.01238390092879257,50.476780185758514,5,0.058077091604629455,0.21313451712747633,14,0.06879179200000074
t=0.02|d=0.70|tol=1e-06|iter=300|words=100|mmr=0.70,train,d077b,converged,0.02,0.7,1e-06,300,100,True,0.7,1,5,14,0.2,0.07142857142857142,0.10526315789473682,0,1,1,100,1.0,340,10608,0.184070796460177,1,0.0029411764705882353,62.4,2,0.1216978834418985,0.25049967829158,14,0.07620829200000045
t=0.02|d=0.70|tol=1e-06|iter=300|words=100|mmr=0.70,train,d078b,converged,0.02,0.7,1e-06,300,100,True,0.7,0,5,0,0.0,0.0,0.0,0,0,0,100,1.0,276,5670,0.14940711462450593,1,0.0036231884057971015,41.08695652173913,2,0.09162436232222049,0.17916059524736813,14,0.0480724170000002
t=0.02|d=0.70|tol=1e-06|iter=300|words=100|mmr=0.70,train,d079a,converged,0.02,0.7,1e-06,300,100,True,0.7,1,4,14,0.25,0.07142857142857142,0.11111111111111112,1,1,1,99,0.99,316,11902,0.23914004420333534,1,0.0031645569620253164,75.32911392405063,2,0.08253917533593627,0.2305527285940876,14,0.07813229199999938
t=0.02|d=0.70|tol=1e-06|iter=300|words=100|mmr=0.70,train,d080a,converged,0.02,0.7,1e-06,300,100,True,0.7,1,5,10,0.2,0.1,0.13333333333333333,0,1,1,100,1.0,557,23902,0.1543598155586841,3,0.005385996409335727,85.82405745062836,4,0.17500286322707675,0.44325961017662285,15,0.18784979099999966
t=0.02|d=0.70|tol=1e-06|iter=300|words=100|mmr=0.70,train,d081a,converged,0.02,0.7,1e-06,300,100,True,0.7,0,5,17,0.0,0.0,0.0,0,0,0,100,1.0,299,9891,0.2220152185136136,8,0.026755852842809364,66.16053511705685,9,0.04557219265185699,0.17295440833658976,16,0.06865949999999899
t=0.02|d=0.70|tol=1e-06|iter=300|words=100|mmr=0.70,train,d082a,converged,0.02,0.7,1e-06,300,100,True,0.7,2,4,12,0.5,0.16666666666666666,0.25,1,1,1,100,1.0,209,4162,0.19147957305852042,0,0.0,39.82775119617225,2,0.06259706221261174,0.16886778933960314,12,0.03283687499999921
t=0.02|d=0.70|tol=1e-06|iter=300|words=100|mmr=0.70,train,d083a,converged,0.02,0.7,1e-06,300,100,True,0.7,0,5,17,0.0,0.0,0.0,0,0,0,100,1.0,224,5878,0.23534593209481103,1,0.004464285714285714,52.482142857142854,2,0.02546668454274199,0.11614998424287631,16,0.04077937499999962
t=0.02|d=0.70|tol=1e-06|iter=300|words=100|mmr=0.70,train,d084a,converged,0.02,0.7,1e-06,300,100,True,0.7,0,7,0,0.0,0.0,0.0,0,0,0,100,1.0,366,14382,0.21531551762856502,2,0.00546448087431694,78.59016393442623,5,0.1015663924408795,0.26512441540086007,16,0.1233138329999992
t=0.02|d=0.70|tol=1e-06|iter=300|words=100|mmr=0.70,train,d085d,converged,0.02,0.7,1e-06,300,100,True,0.7,0,5,0,0.0,0.0,0.0,0,0,0,100,1.0,224,4446,0.17801089045483665,1,0.004464285714285714,39.69642857142857,2,0.14240203021260536,0.5758265182499325,15,0.038805250000001124
t=0.02|d=0.70|tol=1e-06|iter=300|words=100|mmr=0.70,train,d086d,converged,0.02,0.7,1e-06,300,100,True,0.7,0,3,0,0.0,0.0,0.0,0,0,0,100,1.0,416,18314,0.2121640407784986,0,0.0,88.04807692307692,2,0.00267820437815618,0.00803461313446854,13,0.1248617499999991
t=0.02|d=0.70|tol=1e-06|iter=300|words=100|mmr=0.70,train,d087d,converged,0.02,0.7,1e-06,300,100,True,0.7,1,7,17,0.14285714285714285,0.058823529411764705,0.08333333333333333,0,1,1,100,1.0,292,7045,0.16581932872004895,4,0.0136986301369863,48.25342465753425,6,0.045442138418619646,0.22427752557709513,25,0.0724866249999998
t=0.02|d=0.70|tol=1e-06|iter=300|words=100|mmr=0.70,train,d089d,converged,0.02,0.7,1e-06,300,100,True,0.7,0,5,18,0.0,0.0,0.0,0,0,0,100,1.0,386,12656,0.170325011775789,2,0.0051813471502590676,65.57512953367876,3,0.023783356139542126,0.11375478313864343,15,0.09819220800000039
t=0.02|d=0.70|tol=1e-06|iter=300|words=100|mmr=0.70,train,d090d,converged,0.02,0.7,1e-06,300,100,True,0.7,0,9,0,0.0,0.0,0.0,0,0,0,100,1.0,261,6833,0.20138520483348069,5,0.019157088122605363,52.36015325670498,6,0.16312873338727557,1.0,14,0.04883870899999998
t=0.02|d=0.70|tol=1e-06|iter=300|words=100|mmr=0.70,train,d091c,converged,0.02,0.7,1e-06,300,100,True,0.7,1,6,13,0.16666666666666666,0.07692307692307693,0.10526315789473684,0,1,1,100,1.0,280,7766,0.19882232462877625,1,0.0035714285714285713,55.47142857142857,3,0.1096840378732262,1.0,17,0.05674425000000127
t=0.02|d=0.70|tol=1e-06|iter=300|words=100|mmr=0.70,train,d092c,converged,0.02,0.7,1e-06,300,100,True,0.7,0,5,19,0.0,0.0,0.0,0,0,0,100,1.0,291,5913,0.14013508709562744,11,0.037800687285223365,40.63917525773196,13,0.16519167737035517,0.4173701494751245,21,0.05835133299999917
t=0.02|d=0.70|tol=1e-06|iter=300|words=100|mmr=0.70,train,d093c,converged,0.02,0.7,1e-06,300,100,True,0.7,1,7,18,0.14285714285714285,0.05555555555555555,0.08,1,1,1,100,1.0,264,4181,0.12043438184122594,7,0.026515151515151516,31.674242424242426,14,0.05542459467925903,0.45410082900530824,22,0.04265520800000111
t=0.02|d=0.70|tol=1e-06|iter=300|words=100|mmr=0.70,train,d094c,converged,0.02,0.7,1e-06,300,100,True,0.7,2,4,10,0.5,0.2,0.28571428571428575,1,1,1,100,1.0,185,3542,0.20810810810810812,5,0.02702702702702703,38.29189189189189,6,0.06627974988669451,0.12669659804914624,13,0.026650208000001285
t=0.02|d=0.70|tol=1e-06|iter=300|words=100|mmr=0.70,train,d095c,converged,0.02,0.7,1e-06,300,100,True,0.7,0,6,13,0.0,0.0,0.0,0,0,0,100,1.0,240,4223,0.14724546722454673,4,0.016666666666666666,35.19166666666667,5,0.06439180133412785,0.35934724648840083,17,0.051162249999999077
t=0.02|d=0.70|tol=1e-06|iter=300|words=100|mmr=0.70,train,d096c,converged,0.02,0.7,1e-06,300,100,True,0.7,1,12,15,0.08333333333333333,0.06666666666666667,0.07407407407407407,0,0,0,100,1.0,274,5372,0.14363252319456699,11,0.040145985401459854,39.21167883211679,17,0.14437723584712367,1.0,18,0.06075783300000026
t=0.02|d=0.70|tol=1e-06|iter=300|words=100|mmr=0.70,train,d097e,converged,0.02,0.7,1e-06,300,100,True,0.7,0,5,0,0.0,0.0,0.0,0,0,0,100,1.0,225,4651,0.18456349206349207,3,0.013333333333333334,41.34222222222222,4,0.03480704537638372,0.24086354009587335,15,0.03852962500000068
t=0.02|d=0.70|tol=1e-06|iter=300|words=100|mmr=0.70,train,d098e,converged,0.02,0.7,1e-06,300,100,True,0.7,0,4,0,0.0,0.0,0.0,0,0,0,100,1.0,454,19366,0.18832842236290612,1,0.0022026431718061676,85.31277533039648,4,0.04946827207037862,0.11936630012097926,15,0.14194945799999914
t=0.02|d=0.70|tol=1e-06|iter=300|words=100|mmr=0.70,train,d099e,converged,0.02,0.7,1e-06,300,100,True,0.7,1,7,20,0.14285714285714285,0.05,0.07407407407407408,0,0,0,100,1.0,469,12534,0.11420917391066644,12,0.0255863539445629,53.449893390191896,15,0.02293047011185567,0.26359620177873805,16,0.12430191700000037
t=0.02|d=0.70|tol=1e-06|iter=300|words=100|mmr=0.70,train,d100e,converged,0.02,0.7,1e-06,300,100,True,0.7,0,5,10,0.0,0.0,0.0,0,0,0,100,1.0,592,20820,0.11901495404033476,11,0.018581081081081082,70.33783783783784,12,0.05557061006883156,0.2570884255951601,16,0.19277450000000051
t=0.02|d=0.70|tol=1e-06|iter=300|words=100|mmr=0.70,train,d101e,converged,0.02,0.7,1e-06,300,100,True,0.7,1,6,10,0.16666666666666666,0.1,0.125,0,0,0,100,1.0,514,15876,0.12041777595740323,12,0.023346303501945526,61.77431906614786,20,0.016996689236201228,0.0981249372061369,25,0.15827558400000008
t=0.02|d=0.70|tol=1e-06|iter=300|words=100|mmr=0.70,train,d102e,converged,0.02,0.7,1e-06,300,100,True,0.7,0,8,16,0.0,0.0,0.0,0,0,0,100,1.0,678,30836,0.1343598994348658,3,0.004424778761061947,90.96165191740413,5,0.08890516187081181,0.2182847832217777,23,0.30859004199999873
t=0.02|d=0.70|tol=1e-06|iter=300|words=100|mmr=0.70,train,d103g,converged,0.02,0.7,1e-06,300,100,True,0.7,0,9,18,0.0,0.0,0.0,0,0,0,100,1.0,219,4611,0.19316325248209124,8,0.0365296803652968,42.10958904109589,10,0.09878986517077659,1.0,18,0.038347291999997424
t=0.02|d=0.70|tol=1e-06|iter=300|words=100|mmr=0.70,train,d104g,converged,0.02,0.7,1e-06,300,100,True,0.7,0,7,0,0.0,0.0,0.0,0,0,0,99,0.99,352,14370,0.23261460761460762,0,0.0,81.64772727272727,1,0.07778780332050077,0.26471794472401455,16,0.09107458300000104
t=0.02|d=0.70|tol=1e-06|iter=300|words=100|mmr=0.70,train,d105g,converged,0.02,0.7,1e-06,300,100,True,0.7,0,5,11,0.0,0.0,0.0,0,0,0,100,1.0,266,5909,0.16765498652291105,4,0.015037593984962405,44.42857142857143,5,0.024270641107581446,0.08887360414854518,18,0.05353629200000043
t=0.02|d=0.70|tol=1e-06|iter=300|words=100|mmr=0.70,train,d106g,converged,0.02,0.7,1e-06,300,100,True,0.7,0,5,0,0.0,0.0,0.0,0,0,0,100,1.0,237,4067,0.14542658943002218,16,0.06751054852320675,34.32067510548523,17,0.0781676414471939,0.23708289736651472,18,0.037589167000000145
t=0.02|d=0.70|tol=1e-06|iter=300|words=100|mmr=0.70,train,d107g,converged,0.02,0.7,1e-06,300,100,True,0.7,1,5,12,0.2,0.08333333333333333,0.11764705882352941,0,0,1,100,1.0,271,4750,0.12983463167965012,4,0.014760147601476014,35.055350553505534,5,0.0284438621295939,0.14398569394081734,16,0.04611833299999901
t=0.02|d=0.70|tol=1e-06|iter=300|words=100|mmr=0.70,train,d108g,converged,0.02,0.7,1e-06,300,100,True,0.7,0,5,0,0.0,0.0,0.0,0,0,0,100,1.0,216,5330,0.22954349698535745,6,0.027777777777777776,49.351851851851855,7,0.06312044501901114,0.18545858619457245,17,0.03746562499999939
t=0.02|d=0.70|tol=1e-06|iter=300|words=100|mmr=0.70,train,d109h,converged,0.02,0.7,1e-06,300,100,True,0.7,1,5,20,0.2,0.05,0.08000000000000002,0,0,1,99,0.99,143,3351,0.3300502314586822,0,0.0,46.86713286713287,1,0.02721052841462392,0.18993614624064137,13,0.02031916700000025
t=0.02|d=0.70|tol=1e-06|iter=300|words=100|mmr=0.70,train,d110h,converged,0.02,0.7,1e-06,300,100,True,0.7,1,6,20,0.16666666666666666,0.05,0.07692307692307691,0,0,1,100,1.0,453,23110,0.22573209087889975,2,0.004415011037527594,102.03090507726269,4,0.04803720951680733,0.18720551569166563,15,0.15610420799999858
t=0.02|d=0.70|tol=1e-06|iter=300|words=100|mmr=0.70,train,d111h,converged,0.02,0.7,1e-06,300,100,True,0.7,1,5,14,0.2,0.07142857142857142,0.10526315789473682,1,1,1,100,1.0,214,2837,0.12447896099337458,5,0.02336448598130841,26.514018691588785,6,0.0483479830087984,0.205259286881504,15,0.031823958000000374
t=0.02|d=0.70|tol=1e-06|iter=1000|words=100|mmr=0.70,train,d061j,converged,0.02,0.7,1e-06,1000,100,True,0.7,2,5,18,0.4,0.1111111111111111,0.1739130434782609,0,1,1,99,0.99,186,4037,0.23464109270560884,1,0.005376344086021506,43.40860215053763,2,0.13429842620730287,0.45430454776676077,15,0.028344416999999567
t=0.02|d=0.70|tol=1e-06|iter=1000|words=100|mmr=0.70,train,d062j,converged,0.02,0.7,1e-06,1000,100,True,0.7,0,6,0,0.0,0.0,0.0,0,0,0,98,0.98,120,1653,0.23151260504201682,2,0.016666666666666666,27.55,3,0.07196848072945318,0.24710351783829648,13,0.013495708000000661
t=0.02|d=0.70|tol=1e-06|iter=1000|words=100|mmr=0.70,train,d063j,converged,0.02,0.7,1e-06,1000,100,True,0.7,0,3,18,0.0,0.0,0.0,0,0,0,100,1.0,253,4848,0.1520798042537173,3,0.011857707509881422,38.32411067193676,4,0.22152607046561681,0.3530378592180876,17,0.04258558300000104
t=0.02|d=0.70|tol=1e-06|iter=1000|words=100|mmr=0.70,train,d064j,converged,0.02,0.7,1e-06,1000,100,True,0.7,1,8,19,0.125,0.05263157894736842,0.07407407407407407,0,1,1,100,1.0,199,3319,0.1684686056545353,2,0.010050251256281407,33.35678391959799,3,0.045155395515103273,0.2988174289990459,12,0.02791895800000077
t=0.02|d=0.70|tol=1e-06|iter=1000|words=100|mmr=0.70,train,d065j,converged,0.02,0.7,1e-06,1000,100,True,0.7,1,6,12,0.16666666666666666,0.08333333333333333,0.1111111111111111,1,1,1,100,1.0,309,6864,0.14424410540915394,13,0.042071197411003236,44.42718446601942,15,0.043898434478402,0.2047188268814853,17,0.060131375000000986
t=0.02|d=0.70|tol=1e-06|iter=1000|words=100|mmr=0.70,train,d066j,converged,0.02,0.7,1e-06,1000,100,True,0.7,0,7,19,0.0,0.0,0.0,0,0,0,100,1.0,204,3853,0.18608132908335748,5,0.024509803921568627,37.77450980392157,6,0.01106770126642193,0.12123001481956638,17,0.03124266700000078
t=0.02|d=0.70|tol=1e-06|iter=1000|words=100|mmr=0.70,train,d067f,converged,0.02,0.7,1e-06,1000,100,True,0.7,0,3,0,0.0,0.0,0.0,0,0,0,99,0.99,134,2185,0.24520255863539445,3,0.022388059701492536,32.61194029850746,4,0.1033119210570852,0.1670610438990799,22,0.01819883299999958
t=0.02|d=0.70|tol=1e-06|iter=1000|words=100|mmr=0.70,train,d068f,converged,0.02,0.7,1e-06,1000,100,True,0.7,0,7,0,0.0,0.0,0.0,0,0,0,100,1.0,136,2364,0.257516339869281,4,0.029411764705882353,34.76470588235294,5,0.1277819010135278,0.9999999999999999,17,0.017303415999997185
t=0.02|d=0.70|tol=1e-06|iter=1000|words=100|mmr=0.70,train,d069f,converged,0.02,0.7,1e-06,1000,100,True,0.7,0,4,14,0.0,0.0,0.0,0,0,0,100,1.0,331,13715,0.2511214867710336,1,0.0030211480362537764,82.87009063444108,2,0.10646968269015883,0.14942039715156336,10,0.08070479099999872
t=0.02|d=0.70|tol=1e-06|iter=1000|words=100|mmr=0.70,train,d070f,converged,0.02,0.7,1e-06,1000,100,True,0.7,1,8,16,0.125,0.0625,0.08333333333333333,0,1,1,100,1.0,167,3139,0.2264627371762499,8,0.04790419161676647,37.59281437125748,9,0.021532164536156966,0.18400632994732116,17,0.023451334000000656
t=0.02|d=0.70|tol=1e-06|iter=1000|words=100|mmr=0.70,train,d071f,converged,0.02,0.7,1e-06,1000,100,True,0.7,0,6,0,0.0,0.0,0.0,0,0,0,100,1.0,155,1238,0.10372852953498114,17,0.10967741935483871,15.974193548387097,22,0.08126598001961324,0.6086420297263238,23,0.01498283300000125
t=0.02|d=0.70|tol=1e-06|iter=1000|words=100|mmr=0.70,train,d072f,converged,0.02,0.7,1e-06,1000,100,True,0.7,0,7,0,0.0,0.0,0.0,0,0,0,100,1.0,378,10214,0.14334835024490197,5,0.013227513227513227,54.042328042328045,7,0.10569254796305809,0.6401152146171181,13,0.09004220899999993
t=0.02|d=0.70|tol=1e-06|iter=1000|words=100|mmr=0.70,train,d073b,converged,0.02,0.7,1e-06,1000,100,True,0.7,1,5,12,0.2,0.08333333333333333,0.11764705882352941,0,0,1,100,1.0,253,3704,0.11619298575820315,12,0.04743083003952569,29.280632411067195,18,0.04540607248173141,0.11981376361872152,25,0.041178291999997896
t=0.02|d=0.70|tol=1e-06|iter=1000|words=100|mmr=0.70,train,d074b,converged,0.02,0.7,1e-06,1000,100,True,0.7,0,5,0,0.0,0.0,0.0,0,0,0,100,1.0,256,2940,0.0900735294117647,10,0.0390625,22.96875,22,0.006280498023573125,0.06280498023573125,25,0.034849749999999347
t=0.02|d=0.70|tol=1e-06|iter=1000|words=100|mmr=0.70,train,d075b,converged,0.02,0.7,1e-06,1000,100,True,0.7,1,5,13,0.2,0.07692307692307693,0.1111111111111111,1,1,1,100,1.0,277,10963,0.28679432846753516,1,0.0036101083032490976,79.15523465703971,2,0.15113572749800028,0.39359678862129244,12,0.058922916000000214
t=0.02|d=0.70|tol=1e-06|iter=1000|words=100|mmr=0.70,train,d076b,converged,0.02,0.7,1e-06,1000,100,True,0.7,0,9,13,0.0,0.0,0.0,0,0,0,100,1.0,323,8152,0.15676018691229351,4,0.01238390092879257,50.476780185758514,5,0.058077091604629455,0.21313451712747633,14,0.06693804100000023
t=0.02|d=0.70|tol=1e-06|iter=1000|words=100|mmr=0.70,train,d077b,converged,0.02,0.7,1e-06,1000,100,True,0.7,1,5,14,0.2,0.07142857142857142,0.10526315789473682,0,1,1,100,1.0,340,10608,0.184070796460177,1,0.0029411764705882353,62.4,2,0.1216978834418985,0.25049967829158,14,0.07728850000000165
t=0.02|d=0.70|tol=1e-06|iter=1000|words=100|mmr=0.70,train,d078b,converged,0.02,0.7,1e-06,1000,100,True,0.7,0,5,0,0.0,0.0,0.0,0,0,0,100,1.0,276,5670,0.14940711462450593,1,0.0036231884057971015,41.08695652173913,2,0.09162436232222049,0.17916059524736813,14,0.06778620900000121
t=0.02|d=0.70|tol=1e-06|iter=1000|words=100|mmr=0.70,train,d079a,converged,0.02,0.7,1e-06,1000,100,True,0.7,1,4,14,0.25,0.07142857142857142,0.11111111111111112,1,1,1,99,0.99,316,11902,0.23914004420333534,1,0.0031645569620253164,75.32911392405063,2,0.08253917533593627,0.2305527285940876,14,0.11322549999999865
t=0.02|d=0.70|tol=1e-06|iter=1000|words=100|mmr=0.70,train,d080a,converged,0.02,0.7,1e-06,1000,100,True,0.7,1,5,10,0.2,0.1,0.13333333333333333,0,1,1,100,1.0,557,23902,0.1543598155586841,3,0.005385996409335727,85.82405745062836,4,0.17500286322707675,0.44325961017662285,15,0.220253833000001
t=0.02|d=0.70|tol=1e-06|iter=1000|words=100|mmr=0.70,train,d081a,converged,0.02,0.7,1e-06,1000,100,True,0.7,0,5,17,0.0,0.0,0.0,0,0,0,100,1.0,299,9891,0.2220152185136136,8,0.026755852842809364,66.16053511705685,9,0.04557219265185699,0.17295440833658976,16,0.06968683399999875
t=0.02|d=0.70|tol=1e-06|iter=1000|words=100|mmr=0.70,train,d082a,converged,0.02,0.7,1e-06,1000,100,True,0.7,2,4,12,0.5,0.16666666666666666,0.25,1,1,1,100,1.0,209,4162,0.19147957305852042,0,0.0,39.82775119617225,2,0.06259706221261174,0.16886778933960314,12,0.032573791000000796
t=0.02|d=0.70|tol=1e-06|iter=1000|words=100|mmr=0.70,train,d083a,converged,0.02,0.7,1e-06,1000,100,True,0.7,0,5,17,0.0,0.0,0.0,0,0,0,100,1.0,224,5878,0.23534593209481103,1,0.004464285714285714,52.482142857142854,2,0.02546668454274199,0.11614998424287631,16,0.04140866600000237
t=0.02|d=0.70|tol=1e-06|iter=1000|words=100|mmr=0.70,train,d084a,converged,0.02,0.7,1e-06,1000,100,True,0.7,0,7,0,0.0,0.0,0.0,0,0,0,100,1.0,366,14382,0.21531551762856502,2,0.00546448087431694,78.59016393442623,5,0.1015663924408795,0.26512441540086007,16,0.10363158299999853
t=0.02|d=0.70|tol=1e-06|iter=1000|words=100|mmr=0.70,train,d085d,converged,0.02,0.7,1e-06,1000,100,True,0.7,0,5,0,0.0,0.0,0.0,0,0,0,100,1.0,224,4446,0.17801089045483665,1,0.004464285714285714,39.69642857142857,2,0.14240203021260536,0.5758265182499325,15,0.03770979100000105
t=0.02|d=0.70|tol=1e-06|iter=1000|words=100|mmr=0.70,train,d086d,converged,0.02,0.7,1e-06,1000,100,True,0.7,0,3,0,0.0,0.0,0.0,0,0,0,100,1.0,416,18314,0.2121640407784986,0,0.0,88.04807692307692,2,0.00267820437815618,0.00803461313446854,13,0.11708641699999944
t=0.02|d=0.70|tol=1e-06|iter=1000|words=100|mmr=0.70,train,d087d,converged,0.02,0.7,1e-06,1000,100,True,0.7,1,7,17,0.14285714285714285,0.058823529411764705,0.08333333333333333,0,1,1,100,1.0,292,7045,0.16581932872004895,4,0.0136986301369863,48.25342465753425,6,0.045442138418619646,0.22427752557709513,25,0.07091412499999805
t=0.02|d=0.70|tol=1e-06|iter=1000|words=100|mmr=0.70,train,d089d,converged,0.02,0.7,1e-06,1000,100,True,0.7,0,5,18,0.0,0.0,0.0,0,0,0,100,1.0,386,12656,0.170325011775789,2,0.0051813471502590676,65.57512953367876,3,0.023783356139542126,0.11375478313864343,15,0.10082608300000118
t=0.02|d=0.70|tol=1e-06|iter=1000|words=100|mmr=0.70,train,d090d,converged,0.02,0.7,1e-06,1000,100,True,0.7,0,9,0,0.0,0.0,0.0,0,0,0,100,1.0,261,6833,0.20138520483348069,5,0.019157088122605363,52.36015325670498,6,0.16312873338727557,1.0,14,0.0492059590000018
t=0.02|d=0.70|tol=1e-06|iter=1000|words=100|mmr=0.70,train,d091c,converged,0.02,0.7,1e-06,1000,100,True,0.7,1,6,13,0.16666666666666666,0.07692307692307693,0.10526315789473684,0,1,1,100,1.0,280,7766,0.19882232462877625,1,0.0035714285714285713,55.47142857142857,3,0.1096840378732262,1.0,17,0.056322167000001144
t=0.02|d=0.70|tol=1e-06|iter=1000|words=100|mmr=0.70,train,d092c,converged,0.02,0.7,1e-06,1000,100,True,0.7,0,5,19,0.0,0.0,0.0,0,0,0,100,1.0,291,5913,0.14013508709562744,11,0.037800687285223365,40.63917525773196,13,0.16519167737035517,0.4173701494751245,21,0.10679041699999914
t=0.02|d=0.70|tol=1e-06|iter=1000|words=100|mmr=0.70,train,d093c,converged,0.02,0.7,1e-06,1000,100,True,0.7,1,7,18,0.14285714285714285,0.05555555555555555,0.08,1,1,1,100,1.0,264,4181,0.12043438184122594,7,0.026515151515151516,31.674242424242426,14,0.05542459467925903,0.45410082900530824,22,0.09567687499999877
t=0.02|d=0.70|tol=1e-06|iter=1000|words=100|mmr=0.70,train,d094c,converged,0.02,0.7,1e-06,1000,100,True,0.7,2,4,10,0.5,0.2,0.28571428571428575,1,1,1,100,1.0,185,3542,0.20810810810810812,5,0.02702702702702703,38.29189189189189,6,0.06627974988669451,0.12669659804914624,13,0.03683204200000034
t=0.02|d=0.70|tol=1e-06|iter=1000|words=100|mmr=0.70,train,d095c,converged,0.02,0.7,1e-06,1000,100,True,0.7,0,6,13,0.0,0.0,0.0,0,0,0,100,1.0,240,4223,0.14724546722454673,4,0.016666666666666666,35.19166666666667,5,0.06439180133412785,0.35934724648840083,17,0.04440075000000121
t=0.02|d=0.70|tol=1e-06|iter=1000|words=100|mmr=0.70,train,d096c,converged,0.02,0.7,1e-06,1000,100,True,0.7,1,12,15,0.08333333333333333,0.06666666666666667,0.07407407407407407,0,0,0,100,1.0,274,5372,0.14363252319456699,11,0.040145985401459854,39.21167883211679,17,0.14437723584712367,1.0,18,0.0525853749999996
t=0.02|d=0.70|tol=1e-06|iter=1000|words=100|mmr=0.70,train,d097e,converged,0.02,0.7,1e-06,1000,100,True,0.7,0,5,0,0.0,0.0,0.0,0,0,0,100,1.0,225,4651,0.18456349206349207,3,0.013333333333333334,41.34222222222222,4,0.03480704537638372,0.24086354009587335,15,0.04382054199999885
t=0.02|d=0.70|tol=1e-06|iter=1000|words=100|mmr=0.70,train,d098e,converged,0.02,0.7,1e-06,1000,100,True,0.7,0,4,0,0.0,0.0,0.0,0,0,0,100,1.0,454,19366,0.18832842236290612,1,0.0022026431718061676,85.31277533039648,4,0.04946827207037862,0.11936630012097926,15,0.16200220799999698
t=0.02|d=0.70|tol=1e-06|iter=1000|words=100|mmr=0.70,train,d099e,converged,0.02,0.7,1e-06,1000,100,True,0.7,1,7,20,0.14285714285714285,0.05,0.07407407407407408,0,0,0,100,1.0,469,12534,0.11420917391066644,12,0.0255863539445629,53.449893390191896,15,0.02293047011185567,0.26359620177873805,16,0.11877270799999806
t=0.02|d=0.70|tol=1e-06|iter=1000|words=100|mmr=0.70,train,d100e,converged,0.02,0.7,1e-06,1000,100,True,0.7,0,5,10,0.0,0.0,0.0,0,0,0,100,1.0,592,20820,0.11901495404033476,11,0.018581081081081082,70.33783783783784,12,0.05557061006883156,0.2570884255951601,16,0.20441545800000327
t=0.02|d=0.70|tol=1e-06|iter=1000|words=100|mmr=0.70,train,d101e,converged,0.02,0.7,1e-06,1000,100,True,0.7,1,6,10,0.16666666666666666,0.1,0.125,0,0,0,100,1.0,514,15876,0.12041777595740323,12,0.023346303501945526,61.77431906614786,20,0.016996689236201228,0.0981249372061369,25,0.17008283300000215
t=0.02|d=0.70|tol=1e-06|iter=1000|words=100|mmr=0.70,train,d102e,converged,0.02,0.7,1e-06,1000,100,True,0.7,0,8,16,0.0,0.0,0.0,0,0,0,100,1.0,678,30836,0.1343598994348658,3,0.004424778761061947,90.96165191740413,5,0.08890516187081181,0.2182847832217777,23,0.32044533399999864
t=0.02|d=0.70|tol=1e-06|iter=1000|words=100|mmr=0.70,train,d103g,converged,0.02,0.7,1e-06,1000,100,True,0.7,0,9,18,0.0,0.0,0.0,0,0,0,100,1.0,219,4611,0.19316325248209124,8,0.0365296803652968,42.10958904109589,10,0.09878986517077659,1.0,18,0.0428116249999988
t=0.02|d=0.70|tol=1e-06|iter=1000|words=100|mmr=0.70,train,d104g,converged,0.02,0.7,1e-06,1000,100,True,0.7,0,7,0,0.0,0.0,0.0,0,0,0,99,0.99,352,14370,0.23261460761460762,0,0.0,81.64772727272727,1,0.07778780332050077,0.26471794472401455,16,0.0952250420000027
t=0.02|d=0.70|tol=1e-06|iter=1000|words=100|mmr=0.70,train,d105g,converged,0.02,0.7,1e-06,1000,100,True,0.7,0,5,11,0.0,0.0,0.0,0,0,0,100,1.0,266,5909,0.16765498652291105,4,0.015037593984962405,44.42857142857143,5,0.024270641107581446,0.08887360414854518,18,0.05805979100000158
t=0.02|d=0.70|tol=1e-06|iter=1000|words=100|mmr=0.70,train,d106g,converged,0.02,0.7,1e-06,1000,100,True,0.7,0,5,0,0.0,0.0,0.0,0,0,0,100,1.0,237,4067,0.14542658943002218,16,0.06751054852320675,34.32067510548523,17,0.0781676414471939,0.23708289736651472,18,0.03769183300000023
t=0.02|d=0.70|tol=1e-06|iter=1000|words=100|mmr=0.70,train,d107g,converged,0.02,0.7,1e-06,1000,100,True,0.7,1,5,12,0.2,0.08333333333333333,0.11764705882352941,0,0,1,100,1.0,271,4750,0.12983463167965012,4,0.014760147601476014,35.055350553505534,5,0.0284438621295939,0.14398569394081734,16,0.04635629199999869
t=0.02|d=0.70|tol=1e-06|iter=1000|words=100|mmr=0.70,train,d108g,converged,0.02,0.7,1e-06,1000,100,True,0.7,0,5,0,0.0,0.0,0.0,0,0,0,100,1.0,216,5330,0.22954349698535745,6,0.027777777777777776,49.351851851851855,7,0.06312044501901114,0.18545858619457245,17,0.03706429100000008
t=0.02|d=0.70|tol=1e-06|iter=1000|words=100|mmr=0.70,train,d109h,converged,0.02,0.7,1e-06,1000,100,True,0.7,1,5,20,0.2,0.05,0.08000000000000002,0,0,1,99,0.99,143,3351,0.3300502314586822,0,0.0,46.86713286713287,1,0.02721052841462392,0.18993614624064137,13,0.021177500000000293
t=0.02|d=0.70|tol=1e-06|iter=1000|words=100|mmr=0.70,train,d110h,converged,0.02,0.7,1e-06,1000,100,True,0.7,1,6,20,0.16666666666666666,0.05,0.07692307692307691,0,0,1,100,1.0,453,23110,0.22573209087889975,2,0.004415011037527594,102.03090507726269,4,0.04803720951680733,0.18720551569166563,15,0.15490237499999893
t=0.02|d=0.70|tol=1e-06|iter=1000|words=100|mmr=0.70,train,d111h,converged,0.02,0.7,1e-06,1000,100,True,0.7,1,5,14,0.2,0.07142857142857142,0.10526315789473682,1,1,1,100,1.0,214,2837,0.12447896099337458,5,0.02336448598130841,26.514018691588785,6,0.0483479830087984,0.205259286881504,15,0.035587583999998174
t=0.02|d=0.70|tol=1e-08|iter=100|words=100|mmr=0.70,train,d061j,converged,0.02,0.7,1e-08,100,100,True,0.7,1,5,18,0.2,0.05555555555555555,0.08695652173913045,0,0,1,99,0.99,186,4037,0.23464109270560884,1,0.005376344086021506,43.40860215053763,2,0.13429842620730287,0.45430454776676077,21,0.03303908299999847
t=0.02|d=0.70|tol=1e-08|iter=100|words=100|mmr=0.70,train,d062j,converged,0.02,0.7,1e-08,100,100,True,0.7,0,6,0,0.0,0.0,0.0,0,0,0,98,0.98,120,1653,0.23151260504201682,2,0.016666666666666666,27.55,3,0.07196848072945318,0.24710351783829648,18,0.01508208300000291
t=0.02|d=0.70|tol=1e-08|iter=100|words=100|mmr=0.70,train,d063j,converged,0.02,0.7,1e-08,100,100,True,0.7,0,3,18,0.0,0.0,0.0,0,0,0,100,1.0,253,4848,0.1520798042537173,3,0.011857707509881422,38.32411067193676,4,0.22152607046561681,0.3530378592180876,25,0.0479535420000019
t=0.02|d=0.70|tol=1e-08|iter=100|words=100|mmr=0.70,train,d064j,converged,0.02,0.7,1e-08,100,100,True,0.7,1,8,19,0.125,0.05263157894736842,0.07407407407407407,0,1,1,100,1.0,199,3319,0.1684686056545353,2,0.010050251256281407,33.35678391959799,3,0.045155395515103273,0.2988174289990459,17,0.030532083000000654
t=0.02|d=0.70|tol=1e-08|iter=100|words=100|mmr=0.70,train,d065j,converged,0.02,0.7,1e-08,100,100,True,0.7,1,6,12,0.16666666666666666,0.08333333333333333,0.1111111111111111,1,1,1,100,1.0,309,6864,0.14424410540915394,13,0.042071197411003236,44.42718446601942,15,0.043898434478402,0.2047188268814853,25,0.06825833299999928
t=0.02|d=0.70|tol=1e-08|iter=100|words=100|mmr=0.70,train,d066j,converged,0.02,0.7,1e-08,100,100,True,0.7,0,7,19,0.0,0.0,0.0,0,0,0,100,1.0,204,3853,0.18608132908335748,5,0.024509803921568627,37.77450980392157,6,0.01106770126642193,0.12123001481956638,29,0.038178833999999995
t=0.02|d=0.70|tol=1e-08|iter=100|words=100|mmr=0.70,train,d067f,converged,0.02,0.7,1e-08,100,100,True,0.7,0,3,0,0.0,0.0,0.0,0,0,0,99,0.99,134,2185,0.24520255863539445,3,0.022388059701492536,32.61194029850746,4,0.1033119210570852,0.1670610438990799,33,0.022065707999999518
t=0.02|d=0.70|tol=1e-08|iter=100|words=100|mmr=0.70,train,d068f,converged,0.02,0.7,1e-08,100,100,True,0.7,0,7,0,0.0,0.0,0.0,0,0,0,100,1.0,136,2364,0.257516339869281,4,0.029411764705882353,34.76470588235294,5,0.1277819010135278,0.9999999999999999,25,0.019500958000001845
t=0.02|d=0.70|tol=1e-08|iter=100|words=100|mmr=0.70,train,d069f,converged,0.02,0.7,1e-08,100,100,True,0.7,0,4,14,0.0,0.0,0.0,0,0,0,100,1.0,331,13715,0.2511214867710336,1,0.0030211480362537764,82.87009063444108,2,0.10646968269015883,0.14942039715156336,14,0.08888091599999726
t=0.02|d=0.70|tol=1e-08|iter=100|words=100|mmr=0.70,train,d070f,converged,0.02,0.7,1e-08,100,100,True,0.7,1,8,16,0.125,0.0625,0.08333333333333333,0,1,1,100,1.0,167,3139,0.2264627371762499,8,0.04790419161676647,37.59281437125748,9,0.021532164536156966,0.18400632994732116,24,0.03467295799999803
t=0.02|d=0.70|tol=1e-08|iter=100|words=100|mmr=0.70,train,d071f,converged,0.02,0.7,1e-08,100,100,True,0.7,0,6,0,0.0,0.0,0.0,0,0,0,100,1.0,155,1238,0.10372852953498114,17,0.10967741935483871,15.974193548387097,22,0.08126598001961324,0.6086420297263238,34,0.02787129200000038
t=0.02|d=0.70|tol=1e-08|iter=100|words=100|mmr=0.70,train,d072f,converged,0.02,0.7,1e-08,100,100,True,0.7,0,7,0,0.0,0.0,0.0,0,0,0,100,1.0,378,10214,0.14334835024490197,5,0.013227513227513227,54.042328042328045,7,0.10569254796305809,0.6401152146171181,18,0.1301112919999987
t=0.02|d=0.70|tol=1e-08|iter=100|words=100|mmr=0.70,train,d073b,converged,0.02,0.7,1e-08,100,100,True,0.7,1,5,12,0.2,0.08333333333333333,0.11764705882352941,0,0,1,100,1.0,253,3704,0.11619298575820315,12,0.04743083003952569,29.280632411067195,18,0.04540607248173141,0.11981376361872152,36,0.06911004100000184
t=0.02|d=0.70|tol=1e-08|iter=100|words=100|mmr=0.70,train,d074b,converged,0.02,0.7,1e-08,100,100,True,0.7,0,5,0,0.0,0.0,0.0,0,0,0,100,1.0,256,2940,0.0900735294117647,10,0.0390625,22.96875,22,0.006280498023573125,0.06280498023573125,37,0.05397400000000019
t=0.02|d=0.70|tol=1e-08|iter=100|words=100|mmr=0.70,train,d075b,converged,0.02,0.7,1e-08,100,100,True,0.7,1,5,13,0.2,0.07692307692307693,0.1111111111111111,1,1,1,100,1.0,277,10963,0.28679432846753516,1,0.0036101083032490976,79.15523465703971,2,0.15113572749800028,0.39359678862129244,16,0.13278520800000138
t=0.02|d=0.70|tol=1e-08|iter=100|words=100|mmr=0.70,train,d076b,converged,0.02,0.7,1e-08,100,100,True,0.7,0,9,13,0.0,0.0,0.0,0,0,0,100,1.0,323,8152,0.15676018691229351,4,0.01238390092879257,50.476780185758514,5,0.058077091604629455,0.21313451712747633,19,0.11299337499999851
t=0.02|d=0.70|tol=1e-08|iter=100|words=100|mmr=0.70,train,d077b,converged,0.02,0.7,1e-08,100,100,True,0.7,1,5,14,0.2,0.07142857142857142,0.10526315789473682,0,1,1,100,1.0,340,10608,0.184070796460177,1,0.0029411764705882353,62.4,2,0.1216978834418985,0.25049967829158,19,0.08816908300000037
t=0.02|d=0.70|tol=1e-08|iter=100|words=100|mmr=0.70,train,d078b,converged,0.02,0.7,1e-08,100,100,True,0.7,0,5,0,0.0,0.0,0.0,0,0,0,100,1.0,276,5670,0.14940711462450593,1,0.0036231884057971015,41.08695652173913,2,0.09162436232222049,0.17916059524736813,20,0.05602700000000027
t=0.02|d=0.70|tol=1e-08|iter=100|words=100|mmr=0.70,train,d079a,converged,0.02,0.7,1e-08,100,100,True,0.7,1,4,14,0.25,0.07142857142857142,0.11111111111111112,1,1,1,99,0.99,316,11902,0.23914004420333534,1,0.0031645569620253164,75.32911392405063,2,0.08253917533593627,0.2305527285940876,19,0.08659987499999744
t=0.02|d=0.70|tol=1e-08|iter=100|words=100|mmr=0.70,train,d080a,converged,0.02,0.7,1e-08,100,100,True,0.7,1,5,10,0.2,0.1,0.13333333333333333,0,1,1,100,1.0,557,23902,0.1543598155586841,3,0.005385996409335727,85.82405745062836,4,0.17500286322707675,0.44325961017662285,20,0.2285965420000018
t=0.02|d=0.70|tol=1e-08|iter=100|words=100|mmr=0.70,train,d081a,converged,0.02,0.7,1e-08,100,100,True,0.7,0,5,17,0.0,0.0,0.0,0,0,0,100,1.0,299,9891,0.2220152185136136,8,0.026755852842809364,66.16053511705685,9,0.04557219265185699,0.17295440833658976,26,0.08251208300000101
t=0.02|d=0.70|tol=1e-08|iter=100|words=100|mmr=0.70,train,d082a,converged,0.02,0.7,1e-08,100,100,True,0.7,2,4,12,0.5,0.16666666666666666,0.25,1,1,1,100,1.0,209,4162,0.19147957305852042,0,0.0,39.82775119617225,2,0.06259706221261174,0.16886778933960314,17,0.036127874999998255
t=0.02|d=0.70|tol=1e-08|iter=100|words=100|mmr=0.70,train,d083a,converged,0.02,0.7,1e-08,100,100,True,0.7,0,5,17,0.0,0.0,0.0,0,0,0,100,1.0,224,5878,0.23534593209481103,1,0.004464285714285714,52.482142857142854,2,0.02546668454274199,0.11614998424287631,24,0.046542542000000964
t=0.02|d=0.70|tol=1e-08|iter=100|words=100|mmr=0.70,train,d084a,converged,0.02,0.7,1e-08,100,100,True,0.7,0,7,0,0.0,0.0,0.0,0,0,0,100,1.0,366,14382,0.21531551762856502,2,0.00546448087431694,78.59016393442623,5,0.1015663924408795,0.26512441540086007,25,0.12878187499999783
t=0.02|d=0.70|tol=1e-08|iter=100|words=100|mmr=0.70,train,d085d,converged,0.02,0.7,1e-08,100,100,True,0.7,0,5,0,0.0,0.0,0.0,0,0,0,100,1.0,224,4446,0.17801089045483665,1,0.004464285714285714,39.69642857142857,2,0.14240203021260536,0.5758265182499325,21,0.041575333000000825
t=0.02|d=0.70|tol=1e-08|iter=100|words=100|mmr=0.70,train,d086d,converged,0.02,0.7,1e-08,100,100,True,0.7,0,3,0,0.0,0.0,0.0,0,0,0,100,1.0,416,18314,0.2121640407784986,0,0.0,88.04807692307692,2,0.00267820437815618,0.00803461313446854,20,0.1414710420000027
t=0.02|d=0.70|tol=1e-08|iter=100|words=100|mmr=0.70,train,d087d,converged,0.02,0.7,1e-08,100,100,True,0.7,1,7,17,0.14285714285714285,0.058823529411764705,0.08333333333333333,0,1,1,100,1.0,292,7045,0.16581932872004895,4,0.0136986301369863,48.25342465753425,6,0.045442138418619646,0.22427752557709513,38,0.08758900000000125
t=0.02|d=0.70|tol=1e-08|iter=100|words=100|mmr=0.70,train,d089d,converged,0.02,0.7,1e-08,100,100,True,0.7,0,5,18,0.0,0.0,0.0,0,0,0,100,1.0,386,12656,0.170325011775789,2,0.0051813471502590676,65.57512953367876,3,0.023783356139542126,0.11375478313864343,22,0.12091324999999742
t=0.02|d=0.70|tol=1e-08|iter=100|words=100|mmr=0.70,train,d090d,converged,0.02,0.7,1e-08,100,100,True,0.7,0,9,0,0.0,0.0,0.0,0,0,0,100,1.0,261,6833,0.20138520483348069,5,0.019157088122605363,52.36015325670498,6,0.16312873338727557,1.0,19,0.05582854100000034
t=0.02|d=0.70|tol=1e-08|iter=100|words=100|mmr=0.70,train,d091c,converged,0.02,0.7,1e-08,100,100,True,0.7,1,6,13,0.16666666666666666,0.07692307692307693,0.10526315789473684,0,1,1,100,1.0,280,7766,0.19882232462877625,1,0.0035714285714285713,55.47142857142857,3,0.04301737120655953,0.16965990484051685,24,0.06744183300000017
t=0.02|d=0.70|tol=1e-08|iter=100|words=100|mmr=0.70,train,d092c,converged,0.02,0.7,1e-08,100,100,True,0.7,0,5,19,0.0,0.0,0.0,0,0,0,100,1.0,291,5913,0.14013508709562744,11,0.037800687285223365,40.63917525773196,13,0.16519167737035517,0.4173701494751245,31,0.06747208300000196
t=0.02|d=0.70|tol=1e-08|iter=100|words=100|mmr=0.70,train,d093c,converged,0.02,0.7,1e-08,100,100,True,0.7,1,7,18,0.14285714285714285,0.05555555555555555,0.08,1,1,1,100,1.0,264,4181,0.12043438184122594,7,0.026515151515151516,31.674242424242426,14,0.05542459467925903,0.45410082900530824,33,0.0767486660000003
t=0.02|d=0.70|tol=1e-08|iter=100|words=100|mmr=0.70,train,d094c,converged,0.02,0.7,1e-08,100,100,True,0.7,2,4,10,0.5,0.2,0.28571428571428575,1,1,1,100,1.0,185,3542,0.20810810810810812,5,0.02702702702702703,38.29189189189189,6,0.06627974988669451,0.12669659804914624,19,0.03374583300000111
t=0.02|d=0.70|tol=1e-08|iter=100|words=100|mmr=0.70,train,d095c,converged,0.02,0.7,1e-08,100,100,True,0.7,0,6,13,0.0,0.0,0.0,0,0,0,100,1.0,240,4223,0.14724546722454673,4,0.016666666666666666,35.19166666666667,5,0.06439180133412785,0.35934724648840083,24,0.043694208000001566
t=0.02|d=0.70|tol=1e-08|iter=100|words=100|mmr=0.70,train,d096c,converged,0.02,0.7,1e-08,100,100,True,0.7,1,12,15,0.08333333333333333,0.06666666666666667,0.07407407407407407,0,0,0,100,1.0,274,5372,0.14363252319456699,11,0.040145985401459854,39.21167883211679,17,0.14437723584712367,1.0,27,0.057399416999999175
t=0.02|d=0.70|tol=1e-08|iter=100|words=100|mmr=0.70,train,d097e,converged,0.02,0.7,1e-08,100,100,True,0.7,0,5,0,0.0,0.0,0.0,0,0,0,100,1.0,225,4651,0.18456349206349207,3,0.013333333333333334,41.34222222222222,4,0.03480704537638372,0.24086354009587335,20,0.04416829200000194
t=0.02|d=0.70|tol=1e-08|iter=100|words=100|mmr=0.70,train,d098e,converged,0.02,0.7,1e-08,100,100,True,0.7,0,4,0,0.0,0.0,0.0,0,0,0,100,1.0,454,19366,0.18832842236290612,1,0.0022026431718061676,85.31277533039648,4,0.04946827207037862,0.11936630012097926,24,0.203995625000001
t=0.02|d=0.70|tol=1e-08|iter=100|words=100|mmr=0.70,train,d099e,converged,0.02,0.7,1e-08,100,100,True,0.7,1,7,20,0.14285714285714285,0.05,0.07407407407407408,0,0,0,100,1.0,469,12534,0.11420917391066644,12,0.0255863539445629,53.449893390191896,15,0.02293047011185567,0.26359620177873805,26,0.16196779200000222
t=0.02|d=0.70|tol=1e-08|iter=100|words=100|mmr=0.70,train,d100e,converged,0.02,0.7,1e-08,100,100,True,0.7,0,5,10,0.0,0.0,0.0,0,0,0,100,1.0,592,20820,0.11901495404033476,11,0.018581081081081082,70.33783783783784,12,0.05557061006883156,0.2570884255951601,24,0.24727108299999756
t=0.02|d=0.70|tol=1e-08|iter=100|words=100|mmr=0.70,train,d101e,converged,0.02,0.7,1e-08,100,100,True,0.7,1,6,10,0.16666666666666666,0.1,0.125,0,0,0,100,1.0,514,15876,0.12041777595740323,12,0.023346303501945526,61.77431906614786,20,0.016996689236201228,0.0981249372061369,36,0.1998878750000017
t=0.02|d=0.70|tol=1e-08|iter=100|words=100|mmr=0.70,train,d102e,converged,0.02,0.7,1e-08,100,100,True,0.7,0,8,16,0.0,0.0,0.0,0,0,0,100,1.0,678,30836,0.1343598994348658,3,0.004424778761061947,90.96165191740413,5,0.08890516187081181,0.2182847832217777,36,0.3735239579999998
t=0.02|d=0.70|tol=1e-08|iter=100|words=100|mmr=0.70,train,d103g,converged,0.02,0.7,1e-08,100,100,True,0.7,0,9,18,0.0,0.0,0.0,0,0,0,100,1.0,219,4611,0.19316325248209124,8,0.0365296803652968,42.10958904109589,10,0.09878986517077659,1.0,29,0.044580250000002763
t=0.02|d=0.70|tol=1e-08|iter=100|words=100|mmr=0.70,train,d104g,converged,0.02,0.7,1e-08,100,100,True,0.7,0,7,0,0.0,0.0,0.0,0,0,0,99,0.99,352,14370,0.23261460761460762,0,0.0,81.64772727272727,1,0.07778780332050077,0.26471794472401455,24,0.10685287500000129
t=0.02|d=0.70|tol=1e-08|iter=100|words=100|mmr=0.70,train,d105g,converged,0.02,0.7,1e-08,100,100,True,0.7,0,5,11,0.0,0.0,0.0,0,0,0,100,1.0,266,5909,0.16765498652291105,4,0.015037593984962405,44.42857142857143,5,0.024270641107581446,0.08887360414854518,29,0.07103433400000014
t=0.02|d=0.70|tol=1e-08|iter=100|words=100|mmr=0.70,train,d106g,converged,0.02,0.7,1e-08,100,100,True,0.7,0,5,0,0.0,0.0,0.0,0,0,0,100,1.0,237,4067,0.14542658943002218,16,0.06751054852320675,34.32067510548523,17,0.0781676414471939,0.23708289736651472,26,0.04526233400000024
t=0.02|d=0.70|tol=1e-08|iter=100|words=100|mmr=0.70,train,d107g,converged,0.02,0.7,1e-08,100,100,True,0.7,1,5,12,0.2,0.08333333333333333,0.11764705882352941,0,1,1,100,1.0,271,4750,0.12983463167965012,4,0.014760147601476014,35.055350553505534,5,0.0284438621295939,0.14398569394081734,24,0.05810958300000024
t=0.02|d=0.70|tol=1e-08|iter=100|words=100|mmr=0.70,train,d108g,converged,0.02,0.7,1e-08,100,100,True,0.7,0,5,0,0.0,0.0,0.0,0,0,0,100,1.0,216,5330,0.22954349698535745,6,0.027777777777777776,49.351851851851855,7,0.06312044501901114,0.18545858619457245,28,0.04642079200000282
t=0.02|d=0.70|tol=1e-08|iter=100|words=100|mmr=0.70,train,d109h,converged,0.02,0.7,1e-08,100,100,True,0.7,1,5,20,0.2,0.05,0.08000000000000002,0,0,1,99,0.99,143,3351,0.3300502314586822,0,0.0,46.86713286713287,1,0.02721052841462392,0.18993614624064137,19,0.023747291999999476
t=0.02|d=0.70|tol=1e-08|iter=100|words=100|mmr=0.70,train,d110h,converged,0.02,0.7,1e-08,100,100,True,0.7,0,6,20,0.0,0.0,0.0,0,0,0,100,1.0,453,23110,0.22573209087889975,2,0.004415011037527594,102.03090507726269,4,0.04803720951680733,0.18720551569166563,22,0.1804776660000016
t=0.02|d=0.70|tol=1e-08|iter=100|words=100|mmr=0.70,train,d111h,converged,0.02,0.7,1e-08,100,100,True,0.7,1,5,14,0.2,0.07142857142857142,0.10526315789473682,1,1,1,100,1.0,214,2837,0.12447896099337458,5,0.02336448598130841,26.514018691588785,6,0.0483479830087984,0.205259286881504,21,0.03414779099999876
t=0.02|d=0.70|tol=1e-08|iter=300|words=100|mmr=0.70,train,d061j,converged,0.02,0.7,1e-08,300,100,True,0.7,1,5,18,0.2,0.05555555555555555,0.08695652173913045,0,0,1,99,0.99,186,4037,0.23464109270560884,1,0.005376344086021506,43.40860215053763,2,0.13429842620730287,0.45430454776676077,21,0.03521570899999915
t=0.02|d=0.70|tol=1e-08|iter=300|words=100|mmr=0.70,train,d062j,converged,0.02,0.7,1e-08,300,100,True,0.7,0,6,0,0.0,0.0,0.0,0,0,0,98,0.98,120,1653,0.23151260504201682,2,0.016666666666666666,27.55,3,0.07196848072945318,0.24710351783829648,18,0.014696707999998893
t=0.02|d=0.70|tol=1e-08|iter=300|words=100|mmr=0.70,train,d063j,converged,0.02,0.7,1e-08,300,100,True,0.7,0,3,18,0.0,0.0,0.0,0,0,0,100,1.0,253,4848,0.1520798042537173,3,0.011857707509881422,38.32411067193676,4,0.22152607046561681,0.3530378592180876,25,0.05098195800000127
t=0.02|d=0.70|tol=1e-08|iter=300|words=100|mmr=0.70,train,d064j,converged,0.02,0.7,1e-08,300,100,True,0.7,1,8,19,0.125,0.05263157894736842,0.07407407407407407,0,1,1,100,1.0,199,3319,0.1684686056545353,2,0.010050251256281407,33.35678391959799,3,0.045155395515103273,0.2988174289990459,17,0.03084133300000147
t=0.02|d=0.70|tol=1e-08|iter=300|words=100|mmr=0.70,train,d065j,converged,0.02,0.7,1e-08,300,100,True,0.7,1,6,12,0.16666666666666666,0.08333333333333333,0.1111111111111111,1,1,1,100,1.0,309,6864,0.14424410540915394,13,0.042071197411003236,44.42718446601942,15,0.043898434478402,0.2047188268814853,25,0.06962941699999803
t=0.02|d=0.70|tol=1e-08|iter=300|words=100|mmr=0.70,train,d066j,converged,0.02,0.7,1e-08,300,100,True,0.7,0,7,19,0.0,0.0,0.0,0,0,0,100,1.0,204,3853,0.18608132908335748,5,0.024509803921568627,37.77450980392157,6,0.01106770126642193,0.12123001481956638,29,0.042843167000000903
t=0.02|d=0.70|tol=1e-08|iter=300|words=100|mmr=0.70,train,d067f,converged,0.02,0.7,1e-08,300,100,True,0.7,0,3,0,0.0,0.0,0.0,0,0,0,99,0.99,134,2185,0.24520255863539445,3,0.022388059701492536,32.61194029850746,4,0.1033119210570852,0.1670610438990799,33,0.024418457999999532
t=0.02|d=0.70|tol=1e-08|iter=300|words=100|mmr=0.70,train,d068f,converged,0.02,0.7,1e-08,300,100,True,0.7,0,7,0,0.0,0.0,0.0,0,0,0,100,1.0,136,2364,0.257516339869281,4,0.029411764705882353,34.76470588235294,5,0.1277819010135278,0.9999999999999999,25,0.021251750000001124
t=0.02|d=0.70|tol=1e-08|iter=300|words=100|mmr=0.70,train,d069f,converged,0.02,0.7,1e-08,300,100,True,0.7,0,4,14,0.0,0.0,0.0,0,0,0,100,1.0,331,13715,0.2511214867710336,1,0.0030211480362537764,82.87009063444108,2,0.10646968269015883,0.14942039715156336,14,0.09551725000000033
t=0.02|d=0.70|tol=1e-08|iter=300|words=100|mmr=0.70,train,d070f,converged,0.02,0.7,1e-08,300,100,True,0.7,1,8,16,0.125,0.0625,0.08333333333333333,0,1,1,100,1.0,167,3139,0.2264627371762499,8,0.04790419161676647,37.59281437125748,9,0.021532164536156966,0.18400632994732116,24,0.026555667000000227
t=0.02|d=0.70|tol=1e-08|iter=300|words=100|mmr=0.70,train,d071f,converged,0.02,0.7,1e-08,300,100,True,0.7,0,6,0,0.0,0.0,0.0,0,0,0,100,1.0,155,1238,0.10372852953498114,17,0.10967741935483871,15.974193548387097,22,0.08126598001961324,0.6086420297263238,34,0.017058708000000422
t=0.02|d=0.70|tol=1e-08|iter=300|words=100|mmr=0.70,train,d072f,converged,0.02,0.7,1e-08,300,100,True,0.7,0,7,0,0.0,0.0,0.0,0,0,0,100,1.0,378,10214,0.14334835024490197,5,0.013227513227513227,54.042328042328045,7,0.10569254796305809,0.6401152146171181,18,0.09670725000000147
t=0.02|d=0.70|tol=1e-08|iter=300|words=100|mmr=0.70,train,d073b,converged,0.02,0.7,1e-08,300,100,True,0.7,1,5,12,0.2,0.08333333333333333,0.11764705882352941,0,0,1,100,1.0,253,3704,0.11619298575820315,12,0.04743083003952569,29.280632411067195,18,0.04540607248173141,0.11981376361872152,36,0.045074209000002696
t=0.02|d=0.70|tol=1e-08|iter=300|words=100|mmr=0.70,train,d074b,converged,0.02,0.7,1e-08,300,100,True,0.7,0,5,0,0.0,0.0,0.0,0,0,0,100,1.0,256,2940,0.0900735294117647,10,0.0390625,22.96875,22,0.006280498023573125,0.06280498023573125,37,0.0400425420000019
t=0.02|d=0.70|tol=1e-08|iter=300|words=100|mmr=0.70,train,d075b,converged,0.02,0.7,1e-08,300,100,True,0.7,1,5,13,0.2,0.07692307692307693,0.1111111111111111,1,1,1,100,1.0,277,10963,0.28679432846753516,1,0.0036101083032490976,79.15523465703971,2,0.15113572749800028,0.39359678862129244,16,0.0655159160000025
t=0.02|d=0.70|tol=1e-08|iter=300|words=100|mmr=0.70,train,d076b,converged,0.02,0.7,1e-08,300,100,True,0.7,0,9,13,0.0,0.0,0.0,0,0,0,100,1.0,323,8152,0.15676018691229351,4,0.01238390092879257,50.476780185758514,5,0.058077091604629455,0.21313451712747633,19,0.073991208999999
t=0.02|d=0.70|tol=1e-08|iter=300|words=100|mmr=0.70,train,d077b,converged,0.02,0.7,1e-08,300,100,True,0.7,1,5,14,0.2,0.07142857142857142,0.10526315789473682,0,1,1,100,1.0,340,10608,0.184070796460177,1,0.0029411764705882353,62.4,2,0.1216978834418985,0.25049967829158,19,0.08994404200000261
t=0.02|d=0.70|tol=1e-08|iter=300|words=100|mmr=0.70,train,d078b,converged,0.02,0.7,1e-08,300,100,True,0.7,0,5,0,0.0,0.0,0.0,0,0,0,100,1.0,276,5670,0.14940711462450593,1,0.0036231884057971015,41.08695652173913,2,0.09162436232222049,0.17916059524736813,20,0.05774770799999729
t=0.02|d=0.70|tol=1e-08|iter=300|words=100|mmr=0.70,train,d079a,converged,0.02,0.7,1e-08,300,100,True,0.7,1,4,14,0.25,0.07142857142857142,0.11111111111111112,1,1,1,99,0.99,316,11902,0.23914004420333534,1,0.0031645569620253164,75.32911392405063,2,0.08253917533593627,0.2305527285940876,19,0.09028941600000095
t=0.02|d=0.70|tol=1e-08|iter=300|words=100|mmr=0.70,train,d080a,converged,0.02,0.7,1e-08,300,100,True,0.7,1,5,10,0.2,0.1,0.13333333333333333,0,1,1,100,1.0,557,23902,0.1543598155586841,3,0.005385996409335727,85.82405745062836,4,0.17500286322707675,0.44325961017662285,20,0.22169208399999718
t=0.02|d=0.70|tol=1e-08|iter=300|words=100|mmr=0.70,train,d081a,converged,0.02,0.7,1e-08,300,100,True,0.7,0,5,17,0.0,0.0,0.0,0,0,0,100,1.0,299,9891,0.2220152185136136,8,0.026755852842809364,66.16053511705685,9,0.04557219265185699,0.17295440833658976,26,0.09923912500000043
t=0.02|d=0.70|tol=1e-08|iter=300|words=100|mmr=0.70,train,d082a,converged,0.02,0.7,1e-08,300,100,True,0.7,2,4,12,0.5,0.16666666666666666,0.25,1,1,1,100,1.0,209,4162,0.19147957305852042,0,0.0,39.82775119617225,2,0.06259706221261174,0.16886778933960314,17,0.0377479170000008
t=0.02|d=0.70|tol=1e-08|iter=300|words=100|mmr=0.70,train,d083a,converged,0.02,0.7,1e-08,300,100,True,0.7,0,5,17,0.0,0.0,0.0,0,0,0,100,1.0,224,5878,0.23534593209481103,1,0.004464285714285714,52.482142857142854,2,0.02546668454274199,0.11614998424287631,24,0.048003666999999695
t=0.02|d=0.70|tol=1e-08|iter=300|words=100|mmr=0.70,train,d084a,converged,0.02,0.7,1e-08,300,100,True,0.7,0,7,0,0.0,0.0,0.0,0,0,0,100,1.0,366,14382,0.21531551762856502,2,0.00546448087431694,78.59016393442623,5,0.1015663924408795,0.26512441540086007,25,0.12112304200000068
t=0.02|d=0.70|tol=1e-08|iter=300|words=100|mmr=0.70,train,d085d,converged,0.02,0.7,1e-08,300,100,True,0.7,0,5,0,0.0,0.0,0.0,0,0,0,100,1.0,224,4446,0.17801089045483665,1,0.004464285714285714,39.69642857142857,2,0.14240203021260536,0.5758265182499325,21,0.048465875000001546
t=0.02|d=0.70|tol=1e-08|iter=300|words=100|mmr=0.70,train,d086d,converged,0.02,0.7,1e-08,300,100,True,0.7,0,3,0,0.0,0.0,0.0,0,0,0,100,1.0,416,18314,0.2121640407784986,0,0.0,88.04807692307692,2,0.00267820437815618,0.00803461313446854,20,0.13619500000000073
t=0.02|d=0.70|tol=1e-08|iter=300|words=100|mmr=0.70,train,d087d,converged,0.02,0.7,1e-08,300,100,True,0.7,1,7,17,0.14285714285714285,0.058823529411764705,0.08333333333333333,0,1,1,100,1.0,292,7045,0.16581932872004895,4,0.0136986301369863,48.25342465753425,6,0.045442138418619646,0.22427752557709513,38,0.11866670799999923
t=0.02|d=0.70|tol=1e-08|iter=300|words=100|mmr=0.70,train,d089d,converged,0.02,0.7,1e-08,300,100,True,0.7,0,5,18,0.0,0.0,0.0,0,0,0,100,1.0,386,12656,0.170325011775789,2,0.0051813471502590676,65.57512953367876,3,0.023783356139542126,0.11375478313864343,22,0.11522795799999841
t=0.02|d=0.70|tol=1e-08|iter=300|words=100|mmr=0.70,train,d090d,converged,0.02,0.7,1e-08,300,100,True,0.7,0,9,0,0.0,0.0,0.0,0,0,0,100,1.0,261,6833,0.20138520483348069,5,0.019157088122605363,52.36015325670498,6,0.16312873338727557,1.0,19,0.0619431249999991
t=0.02|d=0.70|tol=1e-08|iter=300|words=100|mmr=0.70,train,d091c,converged,0.02,0.7,1e-08,300,100,True,0.7,1,6,13,0.16666666666666666,0.07692307692307693,0.10526315789473684,0,1,1,100,1.0,280,7766,0.19882232462877625,1,0.0035714285714285713,55.47142857142857,3,0.04301737120655953,0.16965990484051685,24,0.07297508299999933
t=0.02|d=0.70|tol=1e-08|iter=300|words=100|mmr=0.70,train,d092c,converged,0.02,0.7,1e-08,300,100,True,0.7,0,5,19,0.0,0.0,0.0,0,0,0,100,1.0,291,5913,0.14013508709562744,11,0.037800687285223365,40.63917525773196,13,0.16519167737035517,0.4173701494751245,31,0.07056724999999986
t=0.02|d=0.70|tol=1e-08|iter=300|words=100|mmr=0.70,train,d093c,converged,0.02,0.7,1e-08,300,100,True,0.7,1,7,18,0.14285714285714285,0.05555555555555555,0.08,1,1,1,100,1.0,264,4181,0.12043438184122594,7,0.026515151515151516,31.674242424242426,14,0.05542459467925903,0.45410082900530824,33,0.05171079100000142
t=0.02|d=0.70|tol=1e-08|iter=300|words=100|mmr=0.70,train,d094c,converged,0.02,0.7,1e-08,300,100,True,0.7,2,4,10,0.5,0.2,0.28571428571428575,1,1,1,100,1.0,185,3542,0.20810810810810812,5,0.02702702702702703,38.29189189189189,6,0.06627974988669451,0.12669659804914624,19,0.03105262499999739
t=0.02|d=0.70|tol=1e-08|iter=300|words=100|mmr=0.70,train,d095c,converged,0.02,0.7,1e-08,300,100,True,0.7,0,6,13,0.0,0.0,0.0,0,0,0,100,1.0,240,4223,0.14724546722454673,4,0.016666666666666666,35.19166666666667,5,0.06439180133412785,0.35934724648840083,24,0.04795654100000135
t=0.02|d=0.70|tol=1e-08|iter=300|words=100|mmr=0.70,train,d096c,converged,0.02,0.7,1e-08,300,100,True,0.7,1,12,15,0.08333333333333333,0.06666666666666667,0.07407407407407407,0,0,0,100,1.0,274,5372,0.14363252319456699,11,0.040145985401459854,39.21167883211679,17,0.14437723584712367,1.0,27,0.06475670800000088
t=0.02|d=0.70|tol=1e-08|iter=300|words=100|mmr=0.70,train,d097e,converged,0.02,0.7,1e-08,300,100,True,0.7,0,5,0,0.0,0.0,0.0,0,0,0,100,1.0,225,4651,0.18456349206349207,3,0.013333333333333334,41.34222222222222,4,0.03480704537638372,0.24086354009587335,20,0.05908462500000056
t=0.02|d=0.70|tol=1e-08|iter=300|words=100|mmr=0.70,train,d098e,converged,0.02,0.7,1e-08,300,100,True,0.7,0,4,0,0.0,0.0,0.0,0,0,0,100,1.0,454,19366,0.18832842236290612,1,0.0022026431718061676,85.31277533039648,4,0.04946827207037862,0.11936630012097926,24,0.17317674999999966
t=0.02|d=0.70|tol=1e-08|iter=300|words=100|mmr=0.70,train,d099e,converged,0.02,0.7,1e-08,300,100,True,0.7,1,7,20,0.14285714285714285,0.05,0.07407407407407408,0,0,0,100,1.0,469,12534,0.11420917391066644,12,0.0255863539445629,53.449893390191896,15,0.02293047011185567,0.26359620177873805,26,0.14070875000000171
t=0.02|d=0.70|tol=1e-08|iter=300|words=100|mmr=0.70,train,d100e,converged,0.02,0.7,1e-08,300,100,True,0.7,0,5,10,0.0,0.0,0.0,0,0,0,100,1.0,592,20820,0.11901495404033476,11,0.018581081081081082,70.33783783783784,12,0.05557061006883156,0.2570884255951601,24,0.21665654200000262
t=0.02|d=0.70|tol=1e-08|iter=300|words=100|mmr=0.70,train,d101e,converged,0.02,0.7,1e-08,300,100,True,0.7,1,6,10,0.16666666666666666,0.1,0.125,0,0,0,100,1.0,514,15876,0.12041777595740323,12,0.023346303501945526,61.77431906614786,20,0.016996689236201228,0.0981249372061369,36,0.18869995800000083
t=0.02|d=0.70|tol=1e-08|iter=300|words=100|mmr=0.70,train,d102e,converged,0.02,0.7,1e-08,300,100,True,0.7,0,8,16,0.0,0.0,0.0,0,0,0,100,1.0,678,30836,0.1343598994348658,3,0.004424778761061947,90.96165191740413,5,0.08890516187081181,0.2182847832217777,36,0.36611583400000214
t=0.02|d=0.70|tol=1e-08|iter=300|words=100|mmr=0.70,train,d103g,converged,0.02,0.7,1e-08,300,100,True,0.7,0,9,18,0.0,0.0,0.0,0,0,0,100,1.0,219,4611,0.19316325248209124,8,0.0365296803652968,42.10958904109589,10,0.09878986517077659,1.0,29,0.046830708000001664
t=0.02|d=0.70|tol=1e-08|iter=300|words=100|mmr=0.70,train,d104g,converged,0.02,0.7,1e-08,300,100,True,0.7,0,7,0,0.0,0.0,0.0,0,0,0,99,0.99,352,14370,0.23261460761460762,0,0.0,81.64772727272727,1,0.07778780332050077,0.26471794472401455,24,0.11354333399999916
t=0.02|d=0.70|tol=1e-08|iter=300|words=100|mmr=0.70,train,d105g,converged,0.02,0.7,1e-08,300,100,True,0.7,0,5,11,0.0,0.0,0.0,0,0,0,100,1.0,266,5909,0.16765498652291105,4,0.015037593984962405,44.42857142857143,5,0.024270641107581446,0.08887360414854518,29,0.06350304199999712
t=0.02|d=0.70|tol=1e-08|iter=300|words=100|mmr=0.70,train,d106g,converged,0.02,0.7,1e-08,300,100,True,0.7,0,5,0,0.0,0.0,0.0,0,0,0,100,1.0,237,4067,0.14542658943002218,16,0.06751054852320675,34.32067510548523,17,0.0781676414471939,0.23708289736651472,26,0.04144699999999801
t=0.02|d=0.70|tol=1e-08|iter=300|words=100|mmr=0.70,train,d107g,converged,0.02,0.7,1e-08,300,100,True,0.7,1,5,12,0.2,0.08333333333333333,0.11764705882352941,0,1,1,100,1.0,271,4750,0.12983463167965012,4,0.014760147601476014,35.055350553505534,5,0.0284438621295939,0.14398569394081734,24,0.051754999999999995
t=0.02|d=0.70|tol=1e-08|iter=300|words=100|mmr=0.70,train,d108g,converged,0.02,0.7,1e-08,300,100,True,0.7,0,5,0,0.0,0.0,0.0,0,0,0,100,1.0,216,5330,0.22954349698535745,6,0.027777777777777776,49.351851851851855,7,0.06312044501901114,0.18545858619457245,28,0.045182125000000184
t=0.02|d=0.70|tol=1e-08|iter=300|words=100|mmr=0.70,train,d109h,converged,0.02,0.7,1e-08,300,100,True,0.7,1,5,20,0.2,0.05,0.08000000000000002,0,0,1,99,0.99,143,3351,0.3300502314586822,0,0.0,46.86713286713287,1,0.02721052841462392,0.18993614624064137,19,0.023377291999999272
t=0.02|d=0.70|tol=1e-08|iter=300|words=100|mmr=0.70,train,d110h,converged,0.02,0.7,1e-08,300,100,True,0.7,0,6,20,0.0,0.0,0.0,0,0,0,100,1.0,453,23110,0.22573209087889975,2,0.004415011037527594,102.03090507726269,4,0.04803720951680733,0.18720551569166563,22,0.17910158300000134
t=0.02|d=0.70|tol=1e-08|iter=300|words=100|mmr=0.70,train,d111h,converged,0.02,0.7,1e-08,300,100,True,0.7,1,5,14,0.2,0.07142857142857142,0.10526315789473682,1,1,1,100,1.0,214,2837,0.12447896099337458,5,0.02336448598130841,26.514018691588785,6,0.0483479830087984,0.205259286881504,21,0.03378216699999825
t=0.02|d=0.70|tol=1e-08|iter=1000|words=100|mmr=0.70,train,d061j,converged,0.02,0.7,1e-08,1000,100,True,0.7,1,5,18,0.2,0.05555555555555555,0.08695652173913045,0,0,1,99,0.99,186,4037,0.23464109270560884,1,0.005376344086021506,43.40860215053763,2,0.13429842620730287,0.45430454776676077,21,0.0312965829999996
t=0.02|d=0.70|tol=1e-08|iter=1000|words=100|mmr=0.70,train,d062j,converged,0.02,0.7,1e-08,1000,100,True,0.7,0,6,0,0.0,0.0,0.0,0,0,0,98,0.98,120,1653,0.23151260504201682,2,0.016666666666666666,27.55,3,0.07196848072945318,0.24710351783829648,18,0.014199083000001167
t=0.02|d=0.70|tol=1e-08|iter=1000|words=100|mmr=0.70,train,d063j,converged,0.02,0.7,1e-08,1000,100,True,0.7,0,3,18,0.0,0.0,0.0,0,0,0,100,1.0,253,4848,0.1520798042537173,3,0.011857707509881422,38.32411067193676,4,0.22152607046561681,0.3530378592180876,25,0.047568708000000015
t=0.02|d=0.70|tol=1e-08|iter=1000|words=100|mmr=0.70,train,d064j,converged,0.02,0.7,1e-08,1000,100,True,0.7,1,8,19,0.125,0.05263157894736842,0.07407407407407407,0,1,1,100,1.0,199,3319,0.1684686056545353,2,0.010050251256281407,33.35678391959799,3,0.045155395515103273,0.2988174289990459,17,0.029941665999999145
t=0.02|d=0.70|tol=1e-08|iter=1000|words=100|mmr=0.70,train,d065j,converged,0.02,0.7,1e-08,1000,100,True,0.7,1,6,12,0.16666666666666666,0.08333333333333333,0.1111111111111111,1,1,1,100,1.0,309,6864,0.14424410540915394,13,0.042071197411003236,44.42718446601942,15,0.043898434478402,0.2047188268814853,25,0.07015033299999729
t=0.02|d=0.70|tol=1e-08|iter=1000|words=100|mmr=0.70,train,d066j,converged,0.02,0.7,1e-08,1000,100,True,0.7,0,7,19,0.0,0.0,0.0,0,0,0,100,1.0,204,3853,0.18608132908335748,5,0.024509803921568627,37.77450980392157,6,0.01106770126642193,0.12123001481956638,29,0.038277583999999365
t=0.02|d=0.70|tol=1e-08|iter=1000|words=100|mmr=0.70,train,d067f,converged,0.02,0.7,1e-08,1000,100,True,0.7,0,3,0,0.0,0.0,0.0,0,0,0,99,0.99,134,2185,0.24520255863539445,3,0.022388059701492536,32.61194029850746,4,0.1033119210570852,0.1670610438990799,33,0.02172216700000007
t=0.02|d=0.70|tol=1e-08|iter=1000|words=100|mmr=0.70,train,d068f,converged,0.02,0.7,1e-08,1000,100,True,0.7,0,7,0,0.0,0.0,0.0,0,0,0,100,1.0,136,2364,0.257516339869281,4,0.029411764705882353,34.76470588235294,5,0.1277819010135278,0.9999999999999999,25,0.021219208000001544
t=0.02|d=0.70|tol=1e-08|iter=1000|words=100|mmr=0.70,train,d069f,converged,0.02,0.7,1e-08,1000,100,True,0.7,0,4,14,0.0,0.0,0.0,0,0,0,100,1.0,331,13715,0.2511214867710336,1,0.0030211480362537764,82.87009063444108,2,0.10646968269015883,0.14942039715156336,14,0.09303716700000209
t=0.02|d=0.70|tol=1e-08|iter=1000|words=100|mmr=0.70,train,d070f,converged,0.02,0.7,1e-08,1000,100,True,0.7,1,8,16,0.125,0.0625,0.08333333333333333,0,1,1,100,1.0,167,3139,0.2264627371762499,8,0.04790419161676647,37.59281437125748,9,0.021532164536156966,0.18400632994732116,24,0.026766249999997882
t=0.02|d=0.70|tol=1e-08|iter=1000|words=100|mmr=0.70,train,d071f,converged,0.02,0.7,1e-08,1000,100,True,0.7,0,6,0,0.0,0.0,0.0,0,0,0,100,1.0,155,1238,0.10372852953498114,17,0.10967741935483871,15.974193548387097,22,0.08126598001961324,0.6086420297263238,34,0.0175660829999984
t=0.02|d=0.70|tol=1e-08|iter=1000|words=100|mmr=0.70,train,d072f,converged,0.02,0.7,1e-08,1000,100,True,0.7,0,7,0,0.0,0.0,0.0,0,0,0,100,1.0,378,10214,0.14334835024490197,5,0.013227513227513227,54.042328042328045,7,0.10569254796305809,0.6401152146171181,18,0.09700737500000045
t=0.02|d=0.70|tol=1e-08|iter=1000|words=100|mmr=0.70,train,d073b,converged,0.02,0.7,1e-08,1000,100,True,0.7,1,5,12,0.2,0.08333333333333333,0.11764705882352941,0,0,1,100,1.0,253,3704,0.11619298575820315,12,0.04743083003952569,29.280632411067195,18,0.04540607248173141,0.11981376361872152,36,0.04883470799999756
t=0.02|d=0.70|tol=1e-08|iter=1000|words=100|mmr=0.70,train,d074b,converged,0.02,0.7,1e-08,1000,100,True,0.7,0,5,0,0.0,0.0,0.0,0,0,0,100,1.0,256,2940,0.0900735294117647,10,0.0390625,22.96875,22,0.006280498023573125,0.06280498023573125,37,0.040709124999999347
t=0.02|d=0.70|tol=1e-08|iter=1000|words=100|mmr=0.70,train,d075b,converged,0.02,0.7,1e-08,1000,100,True,0.7,1,5,13,0.2,0.07692307692307693,0.1111111111111111,1,1,1,100,1.0,277,10963,0.28679432846753516,1,0.0036101083032490976,79.15523465703971,2,0.15113572749800028,0.39359678862129244,16,0.067678334
t=0.02|d=0.70|tol=1e-08|iter=1000|words=100|mmr=0.70,train,d076b,converged,0.02,0.7,1e-08,1000,100,True,0.7,0,9,13,0.0,0.0,0.0,0,0,0,100,1.0,323,8152,0.15676018691229351,4,0.01238390092879257,50.476780185758514,5,0.058077091604629455,0.21313451712747633,19,0.07914137499999896
t=0.02|d=0.70|tol=1e-08|iter=1000|words=100|mmr=0.70,train,d077b,converged,0.02,0.7,1e-08,1000,100,True,0.7,1,5,14,0.2,0.07142857142857142,0.10526315789473682,0,1,1,100,1.0,340,10608,0.184070796460177,1,0.0029411764705882353,62.4,2,0.1216978834418985,0.25049967829158,19,0.09483937499999939
t=0.02|d=0.70|tol=1e-08|iter=1000|words=100|mmr=0.70,train,d078b,converged,0.02,0.7,1e-08,1000,100,True,0.7,0,5,0,0.0,0.0,0.0,0,0,0,100,1.0,276,5670,0.14940711462450593,1,0.0036231884057971015,41.08695652173913,2,0.09162436232222049,0.17916059524736813,20,0.05658845900000031
t=0.02|d=0.70|tol=1e-08|iter=1000|words=100|mmr=0.70,train,d079a,converged,0.02,0.7,1e-08,1000,100,True,0.7,1,4,14,0.25,0.07142857142857142,0.11111111111111112,1,1,1,99,0.99,316,11902,0.23914004420333534,1,0.0031645569620253164,75.32911392405063,2,0.08253917533593627,0.2305527285940876,19,0.08588337500000165
t=0.02|d=0.70|tol=1e-08|iter=1000|words=100|mmr=0.70,train,d080a,converged,0.02,0.7,1e-08,1000,100,True,0.7,1,5,10,0.2,0.1,0.13333333333333333,0,1,1,100,1.0,557,23902,0.1543598155586841,3,0.005385996409335727,85.82405745062836,4,0.17500286322707675,0.44325961017662285,20,0.2051444590000031
t=0.02|d=0.70|tol=1e-08|iter=1000|words=100|mmr=0.70,train,d081a,converged,0.02,0.7,1e-08,1000,100,True,0.7,0,5,17,0.0,0.0,0.0,0,0,0,100,1.0,299,9891,0.2220152185136136,8,0.026755852842809364,66.16053511705685,9,0.04557219265185699,0.17295440833658976,26,0.08321774999999931
t=0.02|d=0.70|tol=1e-08|iter=1000|words=100|mmr=0.70,train,d082a,converged,0.02,0.7,1e-08,1000,100,True,0.7,2,4,12,0.5,0.16666666666666666,0.25,1,1,1,100,1.0,209,4162,0.19147957305852042,0,0.0,39.82775119617225,2,0.06259706221261174,0.16886778933960314,17,0.03542966600000241
t=0.02|d=0.70|tol=1e-08|iter=1000|words=100|mmr=0.70,train,d083a,converged,0.02,0.7,1e-08,1000,100,True,0.7,0,5,17,0.0,0.0,0.0,0,0,0,100,1.0,224,5878,0.23534593209481103,1,0.004464285714285714,52.482142857142854,2,0.02546668454274199,0.11614998424287631,24,0.046546334000002076
t=0.02|d=0.70|tol=1e-08|iter=1000|words=100|mmr=0.70,train,d084a,converged,0.02,0.7,1e-08,1000,100,True,0.7,0,7,0,0.0,0.0,0.0,0,0,0,100,1.0,366,14382,0.21531551762856502,2,0.00546448087431694,78.59016393442623,5,0.1015663924408795,0.26512441540086007,25,0.11877325000000027
t=0.02|d=0.70|tol=1e-08|iter=1000|words=100|mmr=0.70,train,d085d,converged,0.02,0.7,1e-08,1000,100,True,0.7,0,5,0,0.0,0.0,0.0,0,0,0,100,1.0,224,4446,0.17801089045483665,1,0.004464285714285714,39.69642857142857,2,0.14240203021260536,0.5758265182499325,21,0.04613341599999998
t=0.02|d=0.70|tol=1e-08|iter=1000|words=100|mmr=0.70,train,d086d,converged,0.02,0.7,1e-08,1000,100,True,0.7,0,3,0,0.0,0.0,0.0,0,0,0,100,1.0,416,18314,0.2121640407784986,0,0.0,88.04807692307692,2,0.00267820437815618,0.00803461313446854,20,0.13539875000000023
t=0.02|d=0.70|tol=1e-08|iter=1000|words=100|mmr=0.70,train,d087d,converged,0.02,0.7,1e-08,1000,100,True,0.7,1,7,17,0.14285714285714285,0.058823529411764705,0.08333333333333333,0,1,1,100,1.0,292,7045,0.16581932872004895,4,0.0136986301369863,48.25342465753425,6,0.045442138418619646,0.22427752557709513,38,0.08398741699999945
t=0.02|d=0.70|tol=1e-08|iter=1000|words=100|mmr=0.70,train,d089d,converged,0.02,0.7,1e-08,1000,100,True,0.7,0,5,18,0.0,0.0,0.0,0,0,0,100,1.0,386,12656,0.170325011775789,2,0.0051813471502590676,65.57512953367876,3,0.023783356139542126,0.11375478313864343,22,0.11167241699999764
t=0.02|d=0.70|tol=1e-08|iter=1000|words=100|mmr=0.70,train,d090d,converged,0.02,0.7,1e-08,1000,100,True,0.7,0,9,0,0.0,0.0,0.0,0,0,0,100,1.0,261,6833,0.20138520483348069,5,0.019157088122605363,52.36015325670498,6,0.16312873338727557,1.0,19,0.05312012499999952
t=0.02|d=0.70|tol=1e-08|iter=1000|words=100|mmr=0.70,train,d091c,converged,0.02,0.7,1e-08,1000,100,True,0.7,1,6,13,0.16666666666666666,0.07692307692307693,0.10526315789473684,0,1,1,100,1.0,280,7766,0.19882232462877625,1,0.0035714285714285713,55.47142857142857,3,0.04301737120655953,0.16965990484051685,24,0.06527054200000038
t=0.02|d=0.70|tol=1e-08|iter=1000|words=100|mmr=0.70,train,d092c,converged,0.02,0.7,1e-08,1000,100,True,0.7,0,5,19,0.0,0.0,0.0,0,0,0,100,1.0,291,5913,0.14013508709562744,11,0.037800687285223365,40.63917525773196,13,0.16519167737035517,0.4173701494751245,31,0.06574612500000043
t=0.02|d=0.70|tol=1e-08|iter=1000|words=100|mmr=0.70,train,d093c,converged,0.02,0.7,1e-08,1000,100,True,0.7,1,7,18,0.14285714285714285,0.05555555555555555,0.08,1,1,1,100,1.0,264,4181,0.12043438184122594,7,0.026515151515151516,31.674242424242426,14,0.05542459467925903,0.45410082900530824,33,0.05091300000000132
t=0.02|d=0.70|tol=1e-08|iter=1000|words=100|mmr=0.70,train,d094c,converged,0.02,0.7,1e-08,1000,100,True,0.7,2,4,10,0.5,0.2,0.28571428571428575,1,1,1,100,1.0,185,3542,0.20810810810810812,5,0.02702702702702703,38.29189189189189,6,0.06627974988669451,0.12669659804914624,19,0.030320457999998496
t=0.02|d=0.70|tol=1e-08|iter=1000|words=100|mmr=0.70,train,d095c,converged,0.02,0.7,1e-08,1000,100,True,0.7,0,6,13,0.0,0.0,0.0,0,0,0,100,1.0,240,4223,0.14724546722454673,4,0.016666666666666666,35.19166666666667,5,0.06439180133412785,0.35934724648840083,24,0.06997349999999969
t=0.02|d=0.70|tol=1e-08|iter=1000|words=100|mmr=0.70,train,d096c,converged,0.02,0.7,1e-08,1000,100,True,0.7,1,12,15,0.08333333333333333,0.06666666666666667,0.07407407407407407,0,0,0,100,1.0,274,5372,0.14363252319456699,11,0.040145985401459854,39.21167883211679,17,0.14437723584712367,1.0,27,0.05454170899999866
t=0.02|d=0.70|tol=1e-08|iter=1000|words=100|mmr=0.70,train,d097e,converged,0.02,0.7,1e-08,1000,100,True,0.7,0,5,0,0.0,0.0,0.0,0,0,0,100,1.0,225,4651,0.18456349206349207,3,0.013333333333333334,41.34222222222222,4,0.03480704537638372,0.24086354009587335,20,0.042279084000000466
t=0.02|d=0.70|tol=1e-08|iter=1000|words=100|mmr=0.70,train,d098e,converged,0.02,0.7,1e-08,1000,100,True,0.7,0,4,0,0.0,0.0,0.0,0,0,0,100,1.0,454,19366,0.18832842236290612,1,0.0022026431718061676,85.31277533039648,4,0.04946827207037862,0.11936630012097926,24,0.180897041999998
t=0.02|d=0.70|tol=1e-08|iter=1000|words=100|mmr=0.70,train,d099e,converged,0.02,0.7,1e-08,1000,100,True,0.7,1,7,20,0.14285714285714285,0.05,0.07407407407407408,0,0,0,100,1.0,469,12534,0.11420917391066644,12,0.0255863539445629,53.449893390191896,15,0.02293047011185567,0.26359620177873805,26,0.14570012499999763
t=0.02|d=0.70|tol=1e-08|iter=1000|words=100|mmr=0.70,train,d100e,converged,0.02,0.7,1e-08,1000,100,True,0.7,0,5,10,0.0,0.0,0.0,0,0,0,100,1.0,592,20820,0.11901495404033476,11,0.018581081081081082,70.33783783783784,12,0.05557061006883156,0.2570884255951601,24,0.22045125
t=0.02|d=0.70|tol=1e-08|iter=1000|words=100|mmr=0.70,train,d101e,converged,0.02,0.7,1e-08,1000,100,True,0.7,1,6,10,0.16666666666666666,0.1,0.125,0,0,0,100,1.0,514,15876,0.12041777595740323,12,0.023346303501945526,61.77431906614786,20,0.016996689236201228,0.0981249372061369,36,0.21798445799999655
t=0.02|d=0.70|tol=1e-08|iter=1000|words=100|mmr=0.70,train,d102e,converged,0.02,0.7,1e-08,1000,100,True,0.7,0,8,16,0.0,0.0,0.0,0,0,0,100,1.0,678,30836,0.1343598994348658,3,0.004424778761061947,90.96165191740413,5,0.08890516187081181,0.2182847832217777,36,0.4070422499999964
t=0.02|d=0.70|tol=1e-08|iter=1000|words=100|mmr=0.70,train,d103g,converged,0.02,0.7,1e-08,1000,100,True,0.7,0,9,18,0.0,0.0,0.0,0,0,0,100,1.0,219,4611,0.19316325248209124,8,0.0365296803652968,42.10958904109589,10,0.09878986517077659,1.0,29,0.044356249999999875
t=0.02|d=0.70|tol=1e-08|iter=1000|words=100|mmr=0.70,train,d104g,converged,0.02,0.7,1e-08,1000,100,True,0.7,0,7,0,0.0,0.0,0.0,0,0,0,99,0.99,352,14370,0.23261460761460762,0,0.0,81.64772727272727,1,0.07778780332050077,0.26471794472401455,24,0.10887075000000124
t=0.02|d=0.70|tol=1e-08|iter=1000|words=100|mmr=0.70,train,d105g,converged,0.02,0.7,1e-08,1000,100,True,0.7,0,5,11,0.0,0.0,0.0,0,0,0,100,1.0,266,5909,0.16765498652291105,4,0.015037593984962405,44.42857142857143,5,0.024270641107581446,0.08887360414854518,29,0.06405170900000456
t=0.02|d=0.70|tol=1e-08|iter=1000|words=100|mmr=0.70,train,d106g,converged,0.02,0.7,1e-08,1000,100,True,0.7,0,5,0,0.0,0.0,0.0,0,0,0,100,1.0,237,4067,0.14542658943002218,16,0.06751054852320675,34.32067510548523,17,0.0781676414471939,0.23708289736651472,26,0.040669124999993755
t=0.02|d=0.70|tol=1e-08|iter=1000|words=100|mmr=0.70,train,d107g,converged,0.02,0.7,1e-08,1000,100,True,0.7,1,5,12,0.2,0.08333333333333333,0.11764705882352941,0,1,1,100,1.0,271,4750,0.12983463167965012,4,0.014760147601476014,35.055350553505534,5,0.0284438621295939,0.14398569394081734,24,0.06363137499999993
t=0.02|d=0.70|tol=1e-08|iter=1000|words=100|mmr=0.70,train,d108g,converged,0.02,0.7,1e-08,1000,100,True,0.7,0,5,0,0.0,0.0,0.0,0,0,0,100,1.0,216,5330,0.22954349698535745,6,0.027777777777777776,49.351851851851855,7,0.06312044501901114,0.18545858619457245,28,0.04883699999999891
t=0.02|d=0.70|tol=1e-08|iter=1000|words=100|mmr=0.70,train,d109h,converged,0.02,0.7,1e-08,1000,100,True,0.7,1,5,20,0.2,0.05,0.08000000000000002,0,0,1,99,0.99,143,3351,0.3300502314586822,0,0.0,46.86713286713287,1,0.02721052841462392,0.18993614624064137,19,0.027093417000003228
t=0.02|d=0.70|tol=1e-08|iter=1000|words=100|mmr=0.70,train,d110h,converged,0.02,0.7,1e-08,1000,100,True,0.7,0,6,20,0.0,0.0,0.0,0,0,0,100,1.0,453,23110,0.22573209087889975,2,0.004415011037527594,102.03090507726269,4,0.04803720951680733,0.18720551569166563,22,0.1854458749999992
t=0.02|d=0.70|tol=1e-08|iter=1000|words=100|mmr=0.70,train,d111h,converged,0.02,0.7,1e-08,1000,100,True,0.7,1,5,14,0.2,0.07142857142857142,0.10526315789473682,1,1,1,100,1.0,214,2837,0.12447896099337458,5,0.02336448598130841,26.514018691588785,6,0.0483479830087984,0.205259286881504,21,0.11985691600000337
t=0.02|d=0.80|tol=1e-04|iter=100|words=100|mmr=0.70,train,d061j,converged,0.02,0.8,0.0001,100,100,True,0.7,1,5,18,0.2,0.05555555555555555,0.08695652173913045,0,0,1,99,0.99,186,4037,0.23464109270560884,1,0.005376344086021506,43.40860215053763,2,0.13429842620730287,0.45430454776676077,11,0.026165291000005197
t=0.02|d=0.80|tol=1e-04|iter=100|words=100|mmr=0.70,train,d062j,converged,0.02,0.8,0.0001,100,100,True,0.7,0,6,0,0.0,0.0,0.0,0,0,0,98,0.98,120,1653,0.23151260504201682,2,0.016666666666666666,27.55,3,0.07196848072945318,0.24710351783829648,9,0.0121585830000015
t=0.02|d=0.80|tol=1e-04|iter=100|words=100|mmr=0.70,train,d063j,converged,0.02,0.8,0.0001,100,100,True,0.7,0,3,18,0.0,0.0,0.0,0,0,0,100,1.0,253,4848,0.1520798042537173,3,0.011857707509881422,38.32411067193676,4,0.22152607046561681,0.3530378592180876,12,0.03866141600000361
t=0.02|d=0.80|tol=1e-04|iter=100|words=100|mmr=0.70,train,d064j,converged,0.02,0.8,0.0001,100,100,True,0.7,1,7,19,0.14285714285714285,0.05263157894736842,0.07692307692307693,1,1,1,100,1.0,199,3319,0.1684686056545353,2,0.010050251256281407,33.35678391959799,3,0.05058519596002425,0.17190936472085516,9,0.02632758400000057
t=0.02|d=0.80|tol=1e-04|iter=100|words=100|mmr=0.70,train,d065j,converged,0.02,0.8,0.0001,100,100,True,0.7,1,5,12,0.2,0.08333333333333333,0.11764705882352941,1,1,1,100,1.0,309,6864,0.14424410540915394,13,0.042071197411003236,44.42718446601942,15,0.06346017987190197,0.14503770614306322,12,0.0536606669999955
t=0.02|d=0.80|tol=1e-04|iter=100|words=100|mmr=0.70,train,d066j,converged,0.02,0.8,0.0001,100,100,True,0.7,0,5,19,0.0,0.0,0.0,0,0,0,100,1.0,204,3853,0.18608132908335748,5,0.024509803921568627,37.77450980392157,6,0.04248254556818008,0.23638592932847835,10,0.026976458000000036
t=0.02|d=0.80|tol=1e-04|iter=100|words=100|mmr=0.70,train,d067f,converged,0.02,0.8,0.0001,100,100,True,0.7,0,3,0,0.0,0.0,0.0,0,0,0,99,0.99,134,2185,0.24520255863539445,3,0.022388059701492536,32.61194029850746,4,0.1033119210570852,0.1670610438990799,15,0.01617429200000231
t=0.02|d=0.80|tol=1e-04|iter=100|words=100|mmr=0.70,train,d068f,converged,0.02,0.8,0.0001,100,100,True,0.7,0,7,0,0.0,0.0,0.0,0,0,0,100,1.0,136,2364,0.257516339869281,4,0.029411764705882353,34.76470588235294,5,0.1277819010135278,0.9999999999999999,13,0.01524191699999733
t=0.02|d=0.80|tol=1e-04|iter=100|words=100|mmr=0.70,train,d069f,converged,0.02,0.8,0.0001,100,100,True,0.7,0,4,14,0.0,0.0,0.0,0,0,0,100,1.0,331,13715,0.2511214867710336,1,0.0030211480362537764,82.87009063444108,2,0.10646968269015883,0.14942039715156336,8,0.07496650000000216
t=0.02|d=0.80|tol=1e-04|iter=100|words=100|mmr=0.70,train,d070f,converged,0.02,0.8,0.0001,100,100,True,0.7,1,7,16,0.14285714285714285,0.0625,0.08695652173913043,1,1,1,100,1.0,167,3139,0.2264627371762499,8,0.04790419161676647,37.59281437125748,9,0.052971820844836065,0.3394669290404032,12,0.02051349999999985
t=0.02|d=0.80|tol=1e-04|iter=100|words=100|mmr=0.70,train,d071f,converged,0.02,0.8,0.0001,100,100,True,0.7,0,6,0,0.0,0.0,0.0,0,0,0,100,1.0,155,1238,0.10372852953498114,17,0.10967741935483871,15.974193548387097,22,0.08126598001961324,0.6086420297263238,17,0.014056625000002043
t=0.02|d=0.80|tol=1e-04|iter=100|words=100|mmr=0.70,train,d072f,converged,0.02,0.8,0.0001,100,100,True,0.7,0,7,0,0.0,0.0,0.0,0,0,0,100,1.0,378,10214,0.14334835024490197,5,0.013227513227513227,54.042328042328045,7,0.10569254796305809,0.6401152146171181,9,0.08297012499999568
t=0.02|d=0.80|tol=1e-04|iter=100|words=100|mmr=0.70,train,d073b,converged,0.02,0.8,0.0001,100,100,True,0.7,1,5,12,0.2,0.08333333333333333,0.11764705882352941,0,0,1,100,1.0,253,3704,0.11619298575820315,12,0.04743083003952569,29.280632411067195,18,0.04540607248173141,0.11981376361872152,19,0.03634091700000397
t=0.02|d=0.80|tol=1e-04|iter=100|words=100|mmr=0.70,train,d074b,converged,0.02,0.8,0.0001,100,100,True,0.7,0,6,0,0.0,0.0,0.0,0,0,0,100,1.0,256,2940,0.0900735294117647,10,0.0390625,22.96875,22,0.0578714638991911,0.41238301648149467,19,0.03269758300000092
t=0.02|d=0.80|tol=1e-04|iter=100|words=100|mmr=0.70,train,d075b,converged,0.02,0.8,0.0001,100,100,True,0.7,1,5,13,0.2,0.07692307692307693,0.1111111111111111,1,1,1,100,1.0,277,10963,0.28679432846753516,1,0.0036101083032490976,79.15523465703971,2,0.15113572749800028,0.39359678862129244,8,0.05197058400000287
t=0.02|d=0.80|tol=1e-04|iter=100|words=100|mmr=0.70,train,d076b,converged,0.02,0.8,0.0001,100,100,True,0.7,0,7,13,0.0,0.0,0.0,0,0,0,100,1.0,323,8152,0.15676018691229351,4,0.01238390092879257,50.476780185758514,5,0.09592776240600331,0.2547666691658744,10,0.06148212499999772
t=0.02|d=0.80|tol=1e-04|iter=100|words=100|mmr=0.70,train,d077b,converged,0.02,0.8,0.0001,100,100,True,0.7,1,4,14,0.25,0.07142857142857142,0.11111111111111112,0,1,1,99,0.99,340,10608,0.184070796460177,1,0.0029411764705882353,62.4,2,0.12077568172187715,0.1548717551888946,10,0.06955970900000352
t=0.02|d=0.80|tol=1e-04|iter=100|words=100|mmr=0.70,train,d078b,converged,0.02,0.8,0.0001,100,100,True,0.7,0,5,0,0.0,0.0,0.0,0,0,0,100,1.0,276,5670,0.14940711462450593,1,0.0036231884057971015,41.08695652173913,2,0.09162436232222049,0.17916059524736813,10,0.04383999999999588
t=0.02|d=0.80|tol=1e-04|iter=100|words=100|mmr=0.70,train,d079a,converged,0.02,0.8,0.0001,100,100,True,0.7,1,4,14,0.25,0.07142857142857142,0.11111111111111112,1,1,1,99,0.99,316,11902,0.23914004420333534,1,0.0031645569620253164,75.32911392405063,2,0.08253917533593627,0.2305527285940876,10,0.06776312499999904
t=0.02|d=0.80|tol=1e-04|iter=100|words=100|mmr=0.70,train,d080a,converged,0.02,0.8,0.0001,100,100,True,0.7,1,5,10,0.2,0.1,0.13333333333333333,0,1,1,100,1.0,557,23902,0.1543598155586841,3,0.005385996409335727,85.82405745062836,4,0.17500286322707675,0.44325961017662285,11,0.17127837499999998
t=0.02|d=0.80|tol=1e-04|iter=100|words=100|mmr=0.70,train,d081a,converged,0.02,0.8,0.0001,100,100,True,0.7,0,5,17,0.0,0.0,0.0,0,0,0,100,1.0,299,9891,0.2220152185136136,8,0.026755852842809364,66.16053511705685,9,0.04557219265185699,0.17295440833658976,10,0.05929595799999987
t=0.02|d=0.80|tol=1e-04|iter=100|words=100|mmr=0.70,train,d082a,converged,0.02,0.8,0.0001,100,100,True,0.7,2,4,12,0.5,0.16666666666666666,0.25,1,1,1,100,1.0,209,4162,0.19147957305852042,0,0.0,39.82775119617225,2,0.06259706221261174,0.16886778933960314,9,0.030848540999997454
t=0.02|d=0.80|tol=1e-04|iter=100|words=100|mmr=0.70,train,d083a,converged,0.02,0.8,0.0001,100,100,True,0.7,0,5,17,0.0,0.0,0.0,0,0,0,100,1.0,224,5878,0.23534593209481103,1,0.004464285714285714,52.482142857142854,2,0.06975931067977838,0.2030437195722716,12,0.03646366699999959
t=0.02|d=0.80|tol=1e-04|iter=100|words=100|mmr=0.70,train,d084a,converged,0.02,0.8,0.0001,100,100,True,0.7,0,7,0,0.0,0.0,0.0,0,0,0,100,1.0,366,14382,0.21531551762856502,2,0.00546448087431694,78.59016393442623,5,0.1015663924408795,0.26512441540086007,11,0.08786829200000312
t=0.02|d=0.80|tol=1e-04|iter=100|words=100|mmr=0.70,train,d085d,converged,0.02,0.8,0.0001,100,100,True,0.7,0,5,0,0.0,0.0,0.0,0,0,0,100,1.0,224,4446,0.17801089045483665,1,0.004464285714285714,39.69642857142857,2,0.14240203021260536,0.5758265182499325,11,0.033477625000003286
t=0.02|d=0.80|tol=1e-04|iter=100|words=100|mmr=0.70,train,d086d,converged,0.02,0.8,0.0001,100,100,True,0.7,0,3,0,0.0,0.0,0.0,0,0,0,100,1.0,416,18314,0.2121640407784986,0,0.0,88.04807692307692,2,0.00267820437815618,0.00803461313446854,9,0.10998212500000193
t=0.02|d=0.80|tol=1e-04|iter=100|words=100|mmr=0.70,train,d087d,converged,0.02,0.8,0.0001,100,100,True,0.7,1,7,17,0.14285714285714285,0.058823529411764705,0.08333333333333333,0,1,1,100,1.0,292,7045,0.16581932872004895,4,0.0136986301369863,48.25342465753425,6,0.045442138418619646,0.22427752557709513,19,0.06302516699999927
t=0.02|d=0.80|tol=1e-04|iter=100|words=100|mmr=0.70,train,d089d,converged,0.02,0.8,0.0001,100,100,True,0.7,0,6,18,0.0,0.0,0.0,0,0,0,100,1.0,386,12656,0.170325011775789,2,0.0051813471502590676,65.57512953367876,3,0.06802976697774192,0.20870182526366293,11,0.09139575000000377
t=0.02|d=0.80|tol=1e-04|iter=100|words=100|mmr=0.70,train,d090d,converged,0.02,0.8,0.0001,100,100,True,0.7,0,6,0,0.0,0.0,0.0,0,0,0,100,1.0,261,6833,0.20138520483348069,5,0.019157088122605363,52.36015325670498,6,0.23551628618835568,1.0,11,0.04504349999999846
t=0.02|d=0.80|tol=1e-04|iter=100|words=100|mmr=0.70,train,d091c,converged,0.02,0.8,0.0001,100,100,True,0.7,1,6,13,0.16666666666666666,0.07692307692307693,0.10526315789473684,0,1,1,100,1.0,280,7766,0.19882232462877625,1,0.0035714285714285713,55.47142857142857,3,0.04301737120655953,0.16965990484051685,12,0.0506104580000013
t=0.02|d=0.80|tol=1e-04|iter=100|words=100|mmr=0.70,train,d092c,converged,0.02,0.8,0.0001,100,100,True,0.7,0,5,19,0.0,0.0,0.0,0,0,0,100,1.0,291,5913,0.14013508709562744,11,0.037800687285223365,40.63917525773196,13,0.16519167737035517,0.4173701494751245,15,0.05093566600000088
t=0.02|d=0.80|tol=1e-04|iter=100|words=100|mmr=0.70,train,d093c,converged,0.02,0.8,0.0001,100,100,True,0.7,1,7,18,0.14285714285714285,0.05555555555555555,0.08,1,1,1,100,1.0,264,4181,0.12043438184122594,7,0.026515151515151516,31.674242424242426,14,0.08496133886243512,0.45410082900530824,16,0.03932350000000184
t=0.02|d=0.80|tol=1e-04|iter=100|words=100|mmr=0.70,train,d094c,converged,0.02,0.8,0.0001,100,100,True,0.7,2,4,10,0.5,0.2,0.28571428571428575,1,1,1,100,1.0,185,3542,0.20810810810810812,5,0.02702702702702703,38.29189189189189,6,0.06627974988669451,0.12669659804914624,10,0.024233958000003497
t=0.02|d=0.80|tol=1e-04|iter=100|words=100|mmr=0.70,train,d095c,converged,0.02,0.8,0.0001,100,100,True,0.7,1,5,13,0.2,0.07692307692307693,0.1111111111111111,0,0,1,99,0.99,240,4223,0.14724546722454673,4,0.016666666666666666,35.19166666666667,5,0.07469251204041197,0.265407035830987,12,0.0349993330000018
t=0.02|d=0.80|tol=1e-04|iter=100|words=100|mmr=0.70,train,d096c,converged,0.02,0.8,0.0001,100,100,True,0.7,1,12,15,0.08333333333333333,0.06666666666666667,0.07407407407407407,0,0,0,100,1.0,274,5372,0.14363252319456699,11,0.040145985401459854,39.21167883211679,17,0.14437723584712367,1.0,12,0.04241450000000668
t=0.02|d=0.80|tol=1e-04|iter=100|words=100|mmr=0.70,train,d097e,converged,0.02,0.8,0.0001,100,100,True,0.7,0,5,0,0.0,0.0,0.0,0,0,0,100,1.0,225,4651,0.18456349206349207,3,0.013333333333333334,41.34222222222222,4,0.03480704537638372,0.24086354009587335,11,0.0363722089999996
t=0.02|d=0.80|tol=1e-04|iter=100|words=100|mmr=0.70,train,d098e,converged,0.02,0.8,0.0001,100,100,True,0.7,0,4,0,0.0,0.0,0.0,0,0,0,100,1.0,454,19366,0.18832842236290612,1,0.0022026431718061676,85.31277533039648,4,0.04946827207037862,0.11936630012097926,10,0.15291845899999856
t=0.02|d=0.80|tol=1e-04|iter=100|words=100|mmr=0.70,train,d099e,converged,0.02,0.8,0.0001,100,100,True,0.7,2,4,20,0.5,0.1,0.16666666666666669,0,1,1,100,1.0,469,12534,0.11420917391066644,12,0.0255863539445629,53.449893390191896,15,0.0761726512431724,0.2092957886755061,10,0.11081145800000058
t=0.02|d=0.80|tol=1e-04|iter=100|words=100|mmr=0.70,train,d100e,converged,0.02,0.8,0.0001,100,100,True,0.7,0,5,10,0.0,0.0,0.0,0,0,0,100,1.0,592,20820,0.11901495404033476,11,0.018581081081081082,70.33783783783784,12,0.05557061006883156,0.2570884255951601,11,0.171421500000001
t=0.02|d=0.80|tol=1e-04|iter=100|words=100|mmr=0.70,train,d101e,converged,0.02,0.8,0.0001,100,100,True,0.7,1,6,10,0.16666666666666666,0.1,0.125,0,0,1,100,1.0,514,15876,0.12041777595740323,12,0.023346303501945526,61.77431906614786,20,0.0363764858387686,0.15412488981132985,20,0.14237329200000204
t=0.02|d=0.80|tol=1e-04|iter=100|words=100|mmr=0.70,train,d102e,converged,0.02,0.8,0.0001,100,100,True,0.7,0,7,16,0.0,0.0,0.0,0,0,0,100,1.0,678,30836,0.1343598994348658,3,0.004424778761061947,90.96165191740413,5,0.09378986319781865,0.2182847832217777,16,0.2613063339999968
t=0.02|d=0.80|tol=1e-04|iter=100|words=100|mmr=0.70,train,d103g,converged,0.02,0.8,0.0001,100,100,True,0.7,0,9,18,0.0,0.0,0.0,0,0,0,100,1.0,219,4611,0.19316325248209124,8,0.0365296803652968,42.10958904109589,10,0.09878986517077659,1.0,11,0.032967207999995196
t=0.02|d=0.80|tol=1e-04|iter=100|words=100|mmr=0.70,train,d104g,converged,0.02,0.8,0.0001,100,100,True,0.7,0,7,0,0.0,0.0,0.0,0,0,0,100,1.0,352,14370,0.23261460761460762,0,0.0,81.64772727272727,1,0.10710099299344258,0.26471794472401455,11,0.07917120799999822
t=0.02|d=0.80|tol=1e-04|iter=100|words=100|mmr=0.70,train,d105g,converged,0.02,0.8,0.0001,100,100,True,0.7,0,4,11,0.0,0.0,0.0,0,0,0,100,1.0,266,5909,0.16765498652291105,4,0.015037593984962405,44.42857142857143,5,0.04045106851263574,0.08887360414854518,10,0.04590162499999906
t=0.02|d=0.80|tol=1e-04|iter=100|words=100|mmr=0.70,train,d106g,converged,0.02,0.8,0.0001,100,100,True,0.7,0,5,0,0.0,0.0,0.0,0,0,0,100,1.0,237,4067,0.14542658943002218,16,0.06751054852320675,34.32067510548523,17,0.0781676414471939,0.23708289736651472,13,0.033510208000002706
t=0.02|d=0.80|tol=1e-04|iter=100|words=100|mmr=0.70,train,d107g,converged,0.02,0.8,0.0001,100,100,True,0.7,2,5,12,0.4,0.16666666666666666,0.23529411764705882,1,1,1,100,1.0,271,4750,0.12983463167965012,4,0.014760147601476014,35.055350553505534,5,0.03857552325482258,0.10292341710174052,12,0.04267500000000268
t=0.02|d=0.80|tol=1e-04|iter=100|words=100|mmr=0.70,train,d108g,converged,0.02,0.8,0.0001,100,100,True,0.7,0,5,0,0.0,0.0,0.0,0,0,0,100,1.0,216,5330,0.22954349698535745,6,0.027777777777777776,49.351851851851855,7,0.06312044501901114,0.18545858619457245,11,0.03179812499999457
t=0.02|d=0.80|tol=1e-04|iter=100|words=100|mmr=0.70,train,d109h,converged,0.02,0.8,0.0001,100,100,True,0.7,1,5,20,0.2,0.05,0.08000000000000002,0,0,1,99,0.99,143,3351,0.3300502314586822,0,0.0,46.86713286713287,1,0.02721052841462392,0.18993614624064137,9,0.018393666999998004
t=0.02|d=0.80|tol=1e-04|iter=100|words=100|mmr=0.70,train,d110h,converged,0.02,0.8,0.0001,100,100,True,0.7,1,6,20,0.16666666666666666,0.05,0.07692307692307691,0,0,1,100,1.0,453,23110,0.22573209087889975,2,0.004415011037527594,102.03090507726269,4,0.04803720951680733,0.18720551569166563,9,0.13249904200000628
t=0.02|d=0.80|tol=1e-04|iter=100|words=100|mmr=0.70,train,d111h,converged,0.02,0.8,0.0001,100,100,True,0.7,1,5,14,0.2,0.07142857142857142,0.10526315789473682,1,1,1,100,1.0,214,2837,0.12447896099337458,5,0.02336448598130841,26.514018691588785,6,0.0483479830087984,0.205259286881504,11,0.027718374999999185
t=0.02|d=0.80|tol=1e-04|iter=300|words=100|mmr=0.70,train,d061j,converged,0.02,0.8,0.0001,300,100,True,0.7,1,5,18,0.2,0.05555555555555555,0.08695652173913045,0,0,1,99,0.99,186,4037,0.23464109270560884,1,0.005376344086021506,43.40860215053763,2,0.13429842620730287,0.45430454776676077,11,0.025291582999997786
t=0.02|d=0.80|tol=1e-04|iter=300|words=100|mmr=0.70,train,d062j,converged,0.02,0.8,0.0001,300,100,True,0.7,0,6,0,0.0,0.0,0.0,0,0,0,98,0.98,120,1653,0.23151260504201682,2,0.016666666666666666,27.55,3,0.07196848072945318,0.24710351783829648,9,0.011979750000001843
t=0.02|d=0.80|tol=1e-04|iter=300|words=100|mmr=0.70,train,d063j,converged,0.02,0.8,0.0001,300,100,True,0.7,0,3,18,0.0,0.0,0.0,0,0,0,100,1.0,253,4848,0.1520798042537173,3,0.011857707509881422,38.32411067193676,4,0.22152607046561681,0.3530378592180876,12,0.0382979999999975
t=0.02|d=0.80|tol=1e-04|iter=300|words=100|mmr=0.70,train,d064j,converged,0.02,0.8,0.0001,300,100,True,0.7,1,7,19,0.14285714285714285,0.05263157894736842,0.07692307692307693,1,1,1,100,1.0,199,3319,0.1684686056545353,2,0.010050251256281407,33.35678391959799,3,0.05058519596002425,0.17190936472085516,9,0.026042332999999473
t=0.02|d=0.80|tol=1e-04|iter=300|words=100|mmr=0.70,train,d065j,converged,0.02,0.8,0.0001,300,100,True,0.7,1,5,12,0.2,0.08333333333333333,0.11764705882352941,1,1,1,100,1.0,309,6864,0.14424410540915394,13,0.042071197411003236,44.42718446601942,15,0.06346017987190197,0.14503770614306322,12,0.053736374999999725
t=0.02|d=0.80|tol=1e-04|iter=300|words=100|mmr=0.70,train,d066j,converged,0.02,0.8,0.0001,300,100,True,0.7,0,5,19,0.0,0.0,0.0,0,0,0,100,1.0,204,3853,0.18608132908335748,5,0.024509803921568627,37.77450980392157,6,0.04248254556818008,0.23638592932847835,10,0.026595707999995
t=0.02|d=0.80|tol=1e-04|iter=300|words=100|mmr=0.70,train,d067f,converged,0.02,0.8,0.0001,300,100,True,0.7,0,3,0,0.0,0.0,0.0,0,0,0,99,0.99,134,2185,0.24520255863539445,3,0.022388059701492536,32.61194029850746,4,0.1033119210570852,0.1670610438990799,15,0.01610270900000188
t=0.02|d=0.80|tol=1e-04|iter=300|words=100|mmr=0.70,train,d068f,converged,0.02,0.8,0.0001,300,100,True,0.7,0,7,0,0.0,0.0,0.0,0,0,0,100,1.0,136,2364,0.257516339869281,4,0.029411764705882353,34.76470588235294,5,0.1277819010135278,0.9999999999999999,13,0.015091042000001664
t=0.02|d=0.80|tol=1e-04|iter=300|words=100|mmr=0.70,train,d069f,converged,0.02,0.8,0.0001,300,100,True,0.7,0,4,14,0.0,0.0,0.0,0,0,0,100,1.0,331,13715,0.2511214867710336,1,0.0030211480362537764,82.87009063444108,2,0.10646968269015883,0.14942039715156336,8,0.07491025000000207
t=0.02|d=0.80|tol=1e-04|iter=300|words=100|mmr=0.70,train,d070f,converged,0.02,0.8,0.0001,300,100,True,0.7,1,7,16,0.14285714285714285,0.0625,0.08695652173913043,1,1,1,100,1.0,167,3139,0.2264627371762499,8,0.04790419161676647,37.59281437125748,9,0.052971820844836065,0.3394669290404032,12,0.021073125000000914
t=0.02|d=0.80|tol=1e-04|iter=300|words=100|mmr=0.70,train,d071f,converged,0.02,0.8,0.0001,300,100,True,0.7,0,6,0,0.0,0.0,0.0,0,0,0,100,1.0,155,1238,0.10372852953498114,17,0.10967741935483871,15.974193548387097,22,0.08126598001961324,0.6086420297263238,17,0.013896249999994836
t=0.02|d=0.80|tol=1e-04|iter=300|words=100|mmr=0.70,train,d072f,converged,0.02,0.8,0.0001,300,100,True,0.7,0,7,0,0.0,0.0,0.0,0,0,0,100,1.0,378,10214,0.14334835024490197,5,0.013227513227513227,54.042328042328045,7,0.10569254796305809,0.6401152146171181,9,0.08220933300000155
t=0.02|d=0.80|tol=1e-04|iter=300|words=100|mmr=0.70,train,d073b,converged,0.02,0.8,0.0001,300,100,True,0.7,1,5,12,0.2,0.08333333333333333,0.11764705882352941,0,0,1,100,1.0,253,3704,0.11619298575820315,12,0.04743083003952569,29.280632411067195,18,0.04540607248173141,0.11981376361872152,19,0.035832708000000935
t=0.02|d=0.80|tol=1e-04|iter=300|words=100|mmr=0.70,train,d074b,converged,0.02,0.8,0.0001,300,100,True,0.7,0,6,0,0.0,0.0,0.0,0,0,0,100,1.0,256,2940,0.0900735294117647,10,0.0390625,22.96875,22,0.0578714638991911,0.41238301648149467,19,0.0325345420000005
t=0.02|d=0.80|tol=1e-04|iter=300|words=100|mmr=0.70,train,d075b,converged,0.02,0.8,0.0001,300,100,True,0.7,1,5,13,0.2,0.07692307692307693,0.1111111111111111,1,1,1,100,1.0,277,10963,0.28679432846753516,1,0.0036101083032490976,79.15523465703971,2,0.15113572749800028,0.39359678862129244,8,0.0526078339999998
t=0.02|d=0.80|tol=1e-04|iter=300|words=100|mmr=0.70,train,d076b,converged,0.02,0.8,0.0001,300,100,True,0.7,0,7,13,0.0,0.0,0.0,0,0,0,100,1.0,323,8152,0.15676018691229351,4,0.01238390092879257,50.476780185758514,5,0.09592776240600331,0.2547666691658744,10,0.06178654200000011
t=0.02|d=0.80|tol=1e-04|iter=300|words=100|mmr=0.70,train,d077b,converged,0.02,0.8,0.0001,300,100,True,0.7,1,4,14,0.25,0.07142857142857142,0.11111111111111112,0,1,1,99,0.99,340,10608,0.184070796460177,1,0.0029411764705882353,62.4,2,0.12077568172187715,0.1548717551888946,10,0.06816579100000553
t=0.02|d=0.80|tol=1e-04|iter=300|words=100|mmr=0.70,train,d078b,converged,0.02,0.8,0.0001,300,100,True,0.7,0,5,0,0.0,0.0,0.0,0,0,0,100,1.0,276,5670,0.14940711462450593,1,0.0036231884057971015,41.08695652173913,2,0.09162436232222049,0.17916059524736813,10,0.043217082999994716
t=0.02|d=0.80|tol=1e-04|iter=300|words=100|mmr=0.70,train,d079a,converged,0.02,0.8,0.0001,300,100,True,0.7,1,4,14,0.25,0.07142857142857142,0.11111111111111112,1,1,1,99,0.99,316,11902,0.23914004420333534,1,0.0031645569620253164,75.32911392405063,2,0.08253917533593627,0.2305527285940876,10,0.06796812500000016
t=0.02|d=0.80|tol=1e-04|iter=300|words=100|mmr=0.70,train,d080a,converged,0.02,0.8,0.0001,300,100,True,0.7,1,5,10,0.2,0.1,0.13333333333333333,0,1,1,100,1.0,557,23902,0.1543598155586841,3,0.005385996409335727,85.82405745062836,4,0.17500286322707675,0.44325961017662285,11,0.19051345799999808
t=0.02|d=0.80|tol=1e-04|iter=300|words=100|mmr=0.70,train,d081a,converged,0.02,0.8,0.0001,300,100,True,0.7,0,5,17,0.0,0.0,0.0,0,0,0,100,1.0,299,9891,0.2220152185136136,8,0.026755852842809364,66.16053511705685,9,0.04557219265185699,0.17295440833658976,10,0.057964790999996296
t=0.02|d=0.80|tol=1e-04|iter=300|words=100|mmr=0.70,train,d082a,converged,0.02,0.8,0.0001,300,100,True,0.7,2,4,12,0.5,0.16666666666666666,0.25,1,1,1,100,1.0,209,4162,0.19147957305852042,0,0.0,39.82775119617225,2,0.06259706221261174,0.16886778933960314,9,0.030659749999998098
t=0.02|d=0.80|tol=1e-04|iter=300|words=100|mmr=0.70,train,d083a,converged,0.02,0.8,0.0001,300,100,True,0.7,0,5,17,0.0,0.0,0.0,0,0,0,100,1.0,224,5878,0.23534593209481103,1,0.004464285714285714,52.482142857142854,2,0.06975931067977838,0.2030437195722716,12,0.036260667000000524
t=0.02|d=0.80|tol=1e-04|iter=300|words=100|mmr=0.70,train,d084a,converged,0.02,0.8,0.0001,300,100,True,0.7,0,7,0,0.0,0.0,0.0,0,0,0,100,1.0,366,14382,0.21531551762856502,2,0.00546448087431694,78.59016393442623,5,0.1015663924408795,0.26512441540086007,11,0.08586291700000004
t=0.02|d=0.80|tol=1e-04|iter=300|words=100|mmr=0.70,train,d085d,converged,0.02,0.8,0.0001,300,100,True,0.7,0,5,0,0.0,0.0,0.0,0,0,0,100,1.0,224,4446,0.17801089045483665,1,0.004464285714285714,39.69642857142857,2,0.14240203021260536,0.5758265182499325,11,0.03409333300000128
t=0.02|d=0.80|tol=1e-04|iter=300|words=100|mmr=0.70,train,d086d,converged,0.02,0.8,0.0001,300,100,True,0.7,0,3,0,0.0,0.0,0.0,0,0,0,100,1.0,416,18314,0.2121640407784986,0,0.0,88.04807692307692,2,0.00267820437815618,0.00803461313446854,9,0.10718495799999772
t=0.02|d=0.80|tol=1e-04|iter=300|words=100|mmr=0.70,train,d087d,converged,0.02,0.8,0.0001,300,100,True,0.7,1,7,17,0.14285714285714285,0.058823529411764705,0.08333333333333333,0,1,1,100,1.0,292,7045,0.16581932872004895,4,0.0136986301369863,48.25342465753425,6,0.045442138418619646,0.22427752557709513,19,0.07203212499999978
t=0.02|d=0.80|tol=1e-04|iter=300|words=100|mmr=0.70,train,d089d,converged,0.02,0.8,0.0001,300,100,True,0.7,0,6,18,0.0,0.0,0.0,0,0,0,100,1.0,386,12656,0.170325011775789,2,0.0051813471502590676,65.57512953367876,3,0.06802976697774192,0.20870182526366293,11,0.09620895799999829
t=0.02|d=0.80|tol=1e-04|iter=300|words=100|mmr=0.70,train,d090d,converged,0.02,0.8,0.0001,300,100,True,0.7,0,6,0,0.0,0.0,0.0,0,0,0,100,1.0,261,6833,0.20138520483348069,5,0.019157088122605363,52.36015325670498,6,0.23551628618835568,1.0,11,0.045802667000003794
t=0.02|d=0.80|tol=1e-04|iter=300|words=100|mmr=0.70,train,d091c,converged,0.02,0.8,0.0001,300,100,True,0.7,1,6,13,0.16666666666666666,0.07692307692307693,0.10526315789473684,0,1,1,100,1.0,280,7766,0.19882232462877625,1,0.0035714285714285713,55.47142857142857,3,0.04301737120655953,0.16965990484051685,12,0.05244466699999606
t=0.02|d=0.80|tol=1e-04|iter=300|words=100|mmr=0.70,train,d092c,converged,0.02,0.8,0.0001,300,100,True,0.7,0,5,19,0.0,0.0,0.0,0,0,0,100,1.0,291,5913,0.14013508709562744,11,0.037800687285223365,40.63917525773196,13,0.16519167737035517,0.4173701494751245,15,0.054128124999998306
t=0.02|d=0.80|tol=1e-04|iter=300|words=100|mmr=0.70,train,d093c,converged,0.02,0.8,0.0001,300,100,True,0.7,1,7,18,0.14285714285714285,0.05555555555555555,0.08,1,1,1,100,1.0,264,4181,0.12043438184122594,7,0.026515151515151516,31.674242424242426,14,0.08496133886243512,0.45410082900530824,16,0.04137866699999648
t=0.02|d=0.80|tol=1e-04|iter=300|words=100|mmr=0.70,train,d094c,converged,0.02,0.8,0.0001,300,100,True,0.7,2,4,10,0.5,0.2,0.28571428571428575,1,1,1,100,1.0,185,3542,0.20810810810810812,5,0.02702702702702703,38.29189189189189,6,0.06627974988669451,0.12669659804914624,10,0.02595866599999397
t=0.02|d=0.80|tol=1e-04|iter=300|words=100|mmr=0.70,train,d095c,converged,0.02,0.8,0.0001,300,100,True,0.7,1,5,13,0.2,0.07692307692307693,0.1111111111111111,0,0,1,99,0.99,240,4223,0.14724546722454673,4,0.016666666666666666,35.19166666666667,5,0.07469251204041197,0.265407035830987,12,0.03766870799999822
t=0.02|d=0.80|tol=1e-04|iter=300|words=100|mmr=0.70,train,d096c,converged,0.02,0.8,0.0001,300,100,True,0.7,1,12,15,0.08333333333333333,0.06666666666666667,0.07407407407407407,0,0,0,100,1.0,274,5372,0.14363252319456699,11,0.040145985401459854,39.21167883211679,17,0.14437723584712367,1.0,12,0.04451483300000092
t=0.02|d=0.80|tol=1e-04|iter=300|words=100|mmr=0.70,train,d097e,converged,0.02,0.8,0.0001,300,100,True,0.7,0,5,0,0.0,0.0,0.0,0,0,0,100,1.0,225,4651,0.18456349206349207,3,0.013333333333333334,41.34222222222222,4,0.03480704537638372,0.24086354009587335,11,0.03667241699999835
t=0.02|d=0.80|tol=1e-04|iter=300|words=100|mmr=0.70,train,d098e,converged,0.02,0.8,0.0001,300,100,True,0.7,0,4,0,0.0,0.0,0.0,0,0,0,100,1.0,454,19366,0.18832842236290612,1,0.0022026431718061676,85.31277533039648,4,0.04946827207037862,0.11936630012097926,10,0.12939512500000205
t=0.02|d=0.80|tol=1e-04|iter=300|words=100|mmr=0.70,train,d099e,converged,0.02,0.8,0.0001,300,100,True,0.7,2,4,20,0.5,0.1,0.16666666666666669,0,1,1,100,1.0,469,12534,0.11420917391066644,12,0.0255863539445629,53.449893390191896,15,0.0761726512431724,0.2092957886755061,10,0.10962183399999503
t=0.02|d=0.80|tol=1e-04|iter=300|words=100|mmr=0.70,train,d100e,converged,0.02,0.8,0.0001,300,100,True,0.7,0,5,10,0.0,0.0,0.0,0,0,0,100,1.0,592,20820,0.11901495404033476,11,0.018581081081081082,70.33783783783784,12,0.05557061006883156,0.2570884255951601,11,0.1944802920000015
t=0.02|d=0.80|tol=1e-04|iter=300|words=100|mmr=0.70,train,d101e,converged,0.02,0.8,0.0001,300,100,True,0.7,1,6,10,0.16666666666666666,0.1,0.125,0,0,1,100,1.0,514,15876,0.12041777595740323,12,0.023346303501945526,61.77431906614786,20,0.0363764858387686,0.15412488981132985,20,0.14842312500000077
t=0.02|d=0.80|tol=1e-04|iter=300|words=100|mmr=0.70,train,d102e,converged,0.02,0.8,0.0001,300,100,True,0.7,0,7,16,0.0,0.0,0.0,0,0,0,100,1.0,678,30836,0.1343598994348658,3,0.004424778761061947,90.96165191740413,5,0.09378986319781865,0.2182847832217777,16,0.2648816669999974
t=0.02|d=0.80|tol=1e-04|iter=300|words=100|mmr=0.70,train,d103g,converged,0.02,0.8,0.0001,300,100,True,0.7,0,9,18,0.0,0.0,0.0,0,0,0,100,1.0,219,4611,0.19316325248209124,8,0.0365296803652968,42.10958904109589,10,0.09878986517077659,1.0,11,0.033650333000004196
t=0.02|d=0.80|tol=1e-04|iter=300|words=100|mmr=0.70,train,d104g,converged,0.02,0.8,0.0001,300,100,True,0.7,0,7,0,0.0,0.0,0.0,0,0,0,100,1.0,352,14370,0.23261460761460762,0,0.0,81.64772727272727,1,0.10710099299344258,0.26471794472401455,11,0.08172924999999509
t=0.02|d=0.80|tol=1e-04|iter=300|words=100|mmr=0.70,train,d105g,converged,0.02,0.8,0.0001,300,100,True,0.7,0,4,11,0.0,0.0,0.0,0,0,0,100,1.0,266,5909,0.16765498652291105,4,0.015037593984962405,44.42857142857143,5,0.04045106851263574,0.08887360414854518,10,0.04732412500000294
t=0.02|d=0.80|tol=1e-04|iter=300|words=100|mmr=0.70,train,d106g,converged,0.02,0.8,0.0001,300,100,True,0.7,0,5,0,0.0,0.0,0.0,0,0,0,100,1.0,237,4067,0.14542658943002218,16,0.06751054852320675,34.32067510548523,17,0.0781676414471939,0.23708289736651472,13,0.03713608300000004
t=0.02|d=0.80|tol=1e-04|iter=300|words=100|mmr=0.70,train,d107g,converged,0.02,0.8,0.0001,300,100,True,0.7,2,5,12,0.4,0.16666666666666666,0.23529411764705882,1,1,1,100,1.0,271,4750,0.12983463167965012,4,0.014760147601476014,35.055350553505534,5,0.03857552325482258,0.10292341710174052,12,0.04650179200000082
t=0.02|d=0.80|tol=1e-04|iter=300|words=100|mmr=0.70,train,d108g,converged,0.02,0.8,0.0001,300,100,True,0.7,0,5,0,0.0,0.0,0.0,0,0,0,100,1.0,216,5330,0.22954349698535745,6,0.027777777777777776,49.351851851851855,7,0.06312044501901114,0.18545858619457245,11,0.03246637499999849
t=0.02|d=0.80|tol=1e-04|iter=300|words=100|mmr=0.70,train,d109h,converged,0.02,0.8,0.0001,300,100,True,0.7,1,5,20,0.2,0.05,0.08000000000000002,0,0,1,99,0.99,143,3351,0.3300502314586822,0,0.0,46.86713286713287,1,0.02721052841462392,0.18993614624064137,9,0.019629208000004894
t=0.02|d=0.80|tol=1e-04|iter=300|words=100|mmr=0.70,train,d110h,converged,0.02,0.8,0.0001,300,100,True,0.7,1,6,20,0.16666666666666666,0.05,0.07692307692307691,0,0,1,100,1.0,453,23110,0.22573209087889975,2,0.004415011037527594,102.03090507726269,4,0.04803720951680733,0.18720551569166563,9,0.12669483300000195
t=0.02|d=0.80|tol=1e-04|iter=300|words=100|mmr=0.70,train,d111h,converged,0.02,0.8,0.0001,300,100,True,0.7,1,5,14,0.2,0.07142857142857142,0.10526315789473682,1,1,1,100,1.0,214,2837,0.12447896099337458,5,0.02336448598130841,26.514018691588785,6,0.0483479830087984,0.205259286881504,11,0.029883290999997314
t=0.02|d=0.80|tol=1e-04|iter=1000|words=100|mmr=0.70,train,d061j,converged,0.02,0.8,0.0001,1000,100,True,0.7,1,5,18,0.2,0.05555555555555555,0.08695652173913045,0,0,1,99,0.99,186,4037,0.23464109270560884,1,0.005376344086021506,43.40860215053763,2,0.13429842620730287,0.45430454776676077,11,0.026424124999998355
t=0.02|d=0.80|tol=1e-04|iter=1000|words=100|mmr=0.70,train,d062j,converged,0.02,0.8,0.0001,1000,100,True,0.7,0,6,0,0.0,0.0,0.0,0,0,0,98,0.98,120,1653,0.23151260504201682,2,0.016666666666666666,27.55,3,0.07196848072945318,0.24710351783829648,9,0.012708375000002547
t=0.02|d=0.80|tol=1e-04|iter=1000|words=100|mmr=0.70,train,d063j,converged,0.02,0.8,0.0001,1000,100,True,0.7,0,3,18,0.0,0.0,0.0,0,0,0,100,1.0,253,4848,0.1520798042537173,3,0.011857707509881422,38.32411067193676,4,0.22152607046561681,0.3530378592180876,12,0.041165583000001504
t=0.02|d=0.80|tol=1e-04|iter=1000|words=100|mmr=0.70,train,d064j,converged,0.02,0.8,0.0001,1000,100,True,0.7,1,7,19,0.14285714285714285,0.05263157894736842,0.07692307692307693,1,1,1,100,1.0,199,3319,0.1684686056545353,2,0.010050251256281407,33.35678391959799,3,0.05058519596002425,0.17190936472085516,9,0.026566584000001114
t=0.02|d=0.80|tol=1e-04|iter=1000|words=100|mmr=0.70,train,d065j,converged,0.02,0.8,0.0001,1000,100,True,0.7,1,5,12,0.2,0.08333333333333333,0.11764705882352941,1,1,1,100,1.0,309,6864,0.14424410540915394,13,0.042071197411003236,44.42718446601942,15,0.06346017987190197,0.14503770614306322,12,0.05579220799999973
t=0.02|d=0.80|tol=1e-04|iter=1000|words=100|mmr=0.70,train,d066j,converged,0.02,0.8,0.0001,1000,100,True,0.7,0,5,19,0.0,0.0,0.0,0,0,0,100,1.0,204,3853,0.18608132908335748,5,0.024509803921568627,37.77450980392157,6,0.04248254556818008,0.23638592932847835,10,0.02704187500000188
t=0.02|d=0.80|tol=1e-04|iter=1000|words=100|mmr=0.70,train,d067f,converged,0.02,0.8,0.0001,1000,100,True,0.7,0,3,0,0.0,0.0,0.0,0,0,0,99,0.99,134,2185,0.24520255863539445,3,0.022388059701492536,32.61194029850746,4,0.1033119210570852,0.1670610438990799,15,0.016251708999995174
t=0.02|d=0.80|tol=1e-04|iter=1000|words=100|mmr=0.70,train,d068f,converged,0.02,0.8,0.0001,1000,100,True,0.7,0,7,0,0.0,0.0,0.0,0,0,0,100,1.0,136,2364,0.257516339869281,4,0.029411764705882353,34.76470588235294,5,0.1277819010135278,0.9999999999999999,13,0.015311750000002178
t=0.02|d=0.80|tol=1e-04|iter=1000|words=100|mmr=0.70,train,d069f,converged,0.02,0.8,0.0001,1000,100,True,0.7,0,4,14,0.0,0.0,0.0,0,0,0,100,1.0,331,13715,0.2511214867710336,1,0.0030211480362537764,82.87009063444108,2,0.10646968269015883,0.14942039715156336,8,0.07574616600000184
t=0.02|d=0.80|tol=1e-04|iter=1000|words=100|mmr=0.70,train,d070f,converged,0.02,0.8,0.0001,1000,100,True,0.7,1,7,16,0.14285714285714285,0.0625,0.08695652173913043,1,1,1,100,1.0,167,3139,0.2264627371762499,8,0.04790419161676647,37.59281437125748,9,0.052971820844836065,0.3394669290404032,12,0.020718957999996235
t=0.02|d=0.80|tol=1e-04|iter=1000|words=100|mmr=0.70,train,d071f,converged,0.02,0.8,0.0001,1000,100,True,0.7,0,6,0,0.0,0.0,0.0,0,0,0,100,1.0,155,1238,0.10372852953498114,17,0.10967741935483871,15.974193548387097,22,0.08126598001961324,0.6086420297263238,17,0.013786708000004921
t=0.02|d=0.80|tol=1e-04|iter=1000|words=100|mmr=0.70,train,d072f,converged,0.02,0.8,0.0001,1000,100,True,0.7,0,7,0,0.0,0.0,0.0,0,0,0,100,1.0,378,10214,0.14334835024490197,5,0.013227513227513227,54.042328042328045,7,0.10569254796305809,0.6401152146171181,9,0.08302312500000397
t=0.02|d=0.80|tol=1e-04|iter=1000|words=100|mmr=0.70,train,d073b,converged,0.02,0.8,0.0001,1000,100,True,0.7,1,5,12,0.2,0.08333333333333333,0.11764705882352941,0,0,1,100,1.0,253,3704,0.11619298575820315,12,0.04743083003952569,29.280632411067195,18,0.04540607248173141,0.11981376361872152,19,0.036160292000005256
t=0.02|d=0.80|tol=1e-04|iter=1000|words=100|mmr=0.70,train,d074b,converged,0.02,0.8,0.0001,1000,100,True,0.7,0,6,0,0.0,0.0,0.0,0,0,0,100,1.0,256,2940,0.0900735294117647,10,0.0390625,22.96875,22,0.0578714638991911,0.41238301648149467,19,0.03219775000000169
t=0.02|d=0.80|tol=1e-04|iter=1000|words=100|mmr=0.70,train,d075b,converged,0.02,0.8,0.0001,1000,100,True,0.7,1,5,13,0.2,0.07692307692307693,0.1111111111111111,1,1,1,100,1.0,277,10963,0.28679432846753516,1,0.0036101083032490976,79.15523465703971,2,0.15113572749800028,0.39359678862129244,8,0.054361542000002316
t=0.02|d=0.80|tol=1e-04|iter=1000|words=100|mmr=0.70,train,d076b,converged,0.02,0.8,0.0001,1000,100,True,0.7,0,7,13,0.0,0.0,0.0,0,0,0,100,1.0,323,8152,0.15676018691229351,4,0.01238390092879257,50.476780185758514,5,0.09592776240600331,0.2547666691658744,10,0.0636369160000001
t=0.02|d=0.80|tol=1e-04|iter=1000|words=100|mmr=0.70,train,d077b,converged,0.02,0.8,0.0001,1000,100,True,0.7,1,4,14,0.25,0.07142857142857142,0.11111111111111112,0,1,1,99,0.99,340,10608,0.184070796460177,1,0.0029411764705882353,62.4,2,0.12077568172187715,0.1548717551888946,10,0.07031050000000505
t=0.02|d=0.80|tol=1e-04|iter=1000|words=100|mmr=0.70,train,d078b,converged,0.02,0.8,0.0001,1000,100,True,0.7,0,5,0,0.0,0.0,0.0,0,0,0,100,1.0,276,5670,0.14940711462450593,1,0.0036231884057971015,41.08695652173913,2,0.09162436232222049,0.17916059524736813,10,0.04527674999999931
t=0.02|d=0.80|tol=1e-04|iter=1000|words=100|mmr=0.70,train,d079a,converged,0.02,0.8,0.0001,1000,100,True,0.7,1,4,14,0.25,0.07142857142857142,0.11111111111111112,1,1,1,99,0.99,316,11902,0.23914004420333534,1,0.0031645569620253164,75.32911392405063,2,0.08253917533593627,0.2305527285940876,10,0.06889774999999787
t=0.02|d=0.80|tol=1e-04|iter=1000|words=100|mmr=0.70,train,d080a,converged,0.02,0.8,0.0001,1000,100,True,0.7,1,5,10,0.2,0.1,0.13333333333333333,0,1,1,100,1.0,557,23902,0.1543598155586841,3,0.005385996409335727,85.82405745062836,4,0.17500286322707675,0.44325961017662285,11,0.19120854100000173
t=0.02|d=0.80|tol=1e-04|iter=1000|words=100|mmr=0.70,train,d081a,converged,0.02,0.8,0.0001,1000,100,True,0.7,0,5,17,0.0,0.0,0.0,0,0,0,100,1.0,299,9891,0.2220152185136136,8,0.026755852842809364,66.16053511705685,9,0.04557219265185699,0.17295440833658976,10,0.061681167000003256
t=0.02|d=0.80|tol=1e-04|iter=1000|words=100|mmr=0.70,train,d082a,converged,0.02,0.8,0.0001,1000,100,True,0.7,2,4,12,0.5,0.16666666666666666,0.25,1,1,1,100,1.0,209,4162,0.19147957305852042,0,0.0,39.82775119617225,2,0.06259706221261174,0.16886778933960314,9,0.03254641699999894
t=0.02|d=0.80|tol=1e-04|iter=1000|words=100|mmr=0.70,train,d083a,converged,0.02,0.8,0.0001,1000,100,True,0.7,0,5,17,0.0,0.0,0.0,0,0,0,100,1.0,224,5878,0.23534593209481103,1,0.004464285714285714,52.482142857142854,2,0.06975931067977838,0.2030437195722716,12,0.03872774999999962
t=0.02|d=0.80|tol=1e-04|iter=1000|words=100|mmr=0.70,train,d084a,converged,0.02,0.8,0.0001,1000,100,True,0.7,0,7,0,0.0,0.0,0.0,0,0,0,100,1.0,366,14382,0.21531551762856502,2,0.00546448087431694,78.59016393442623,5,0.1015663924408795,0.26512441540086007,11,0.0891047080000007
t=0.02|d=0.80|tol=1e-04|iter=1000|words=100|mmr=0.70,train,d085d,converged,0.02,0.8,0.0001,1000,100,True,0.7,0,5,0,0.0,0.0,0.0,0,0,0,100,1.0,224,4446,0.17801089045483665,1,0.004464285714285714,39.69642857142857,2,0.14240203021260536,0.5758265182499325,11,0.034411249999998006
t=0.02|d=0.80|tol=1e-04|iter=1000|words=100|mmr=0.70,train,d086d,converged,0.02,0.8,0.0001,1000,100,True,0.7,0,3,0,0.0,0.0,0.0,0,0,0,100,1.0,416,18314,0.2121640407784986,0,0.0,88.04807692307692,2,0.00267820437815618,0.00803461313446854,9,0.10568762500000162
t=0.02|d=0.80|tol=1e-04|iter=1000|words=100|mmr=0.70,train,d087d,converged,0.02,0.8,0.0001,1000,100,True,0.7,1,7,17,0.14285714285714285,0.058823529411764705,0.08333333333333333,0,1,1,100,1.0,292,7045,0.16581932872004895,4,0.0136986301369863,48.25342465753425,6,0.045442138418619646,0.22427752557709513,19,0.06416091700000237
t=0.02|d=0.80|tol=1e-04|iter=1000|words=100|mmr=0.70,train,d089d,converged,0.02,0.8,0.0001,1000,100,True,0.7,0,6,18,0.0,0.0,0.0,0,0,0,100,1.0,386,12656,0.170325011775789,2,0.0051813471502590676,65.57512953367876,3,0.06802976697774192,0.20870182526366293,11,0.09077150000000245
t=0.02|d=0.80|tol=1e-04|iter=1000|words=100|mmr=0.70,train,d090d,converged,0.02,0.8,0.0001,1000,100,True,0.7,0,6,0,0.0,0.0,0.0,0,0,0,100,1.0,261,6833,0.20138520483348069,5,0.019157088122605363,52.36015325670498,6,0.23551628618835568,1.0,11,0.04444408300000191
t=0.02|d=0.80|tol=1e-04|iter=1000|words=100|mmr=0.70,train,d091c,converged,0.02,0.8,0.0001,1000,100,True,0.7,1,6,13,0.16666666666666666,0.07692307692307693,0.10526315789473684,0,1,1,100,1.0,280,7766,0.19882232462877625,1,0.0035714285714285713,55.47142857142857,3,0.04301737120655953,0.16965990484051685,12,0.06777749999999827
t=0.02|d=0.80|tol=1e-04|iter=1000|words=100|mmr=0.70,train,d092c,converged,0.02,0.8,0.0001,1000,100,True,0.7,0,5,19,0.0,0.0,0.0,0,0,0,100,1.0,291,5913,0.14013508709562744,11,0.037800687285223365,40.63917525773196,13,0.16519167737035517,0.4173701494751245,15,0.05325145799999831
t=0.02|d=0.80|tol=1e-04|iter=1000|words=100|mmr=0.70,train,d093c,converged,0.02,0.8,0.0001,1000,100,True,0.7,1,7,18,0.14285714285714285,0.05555555555555555,0.08,1,1,1,100,1.0,264,4181,0.12043438184122594,7,0.026515151515151516,31.674242424242426,14,0.08496133886243512,0.45410082900530824,16,0.04206816599999996
t=0.02|d=0.80|tol=1e-04|iter=1000|words=100|mmr=0.70,train,d094c,converged,0.02,0.8,0.0001,1000,100,True,0.7,2,4,10,0.5,0.2,0.28571428571428575,1,1,1,100,1.0,185,3542,0.20810810810810812,5,0.02702702702702703,38.29189189189189,6,0.06627974988669451,0.12669659804914624,10,0.02928845899999999
t=0.02|d=0.80|tol=1e-04|iter=1000|words=100|mmr=0.70,train,d095c,converged,0.02,0.8,0.0001,1000,100,True,0.7,1,5,13,0.2,0.07692307692307693,0.1111111111111111,0,0,1,99,0.99,240,4223,0.14724546722454673,4,0.016666666666666666,35.19166666666667,5,0.07469251204041197,0.265407035830987,12,0.03492254199999678
t=0.02|d=0.80|tol=1e-04|iter=1000|words=100|mmr=0.70,train,d096c,converged,0.02,0.8,0.0001,1000,100,True,0.7,1,12,15,0.08333333333333333,0.06666666666666667,0.07407407407407407,0,0,0,100,1.0,274,5372,0.14363252319456699,11,0.040145985401459854,39.21167883211679,17,0.14437723584712367,1.0,12,0.04167950000000076
t=0.02|d=0.80|tol=1e-04|iter=1000|words=100|mmr=0.70,train,d097e,converged,0.02,0.8,0.0001,1000,100,True,0.7,0,5,0,0.0,0.0,0.0,0,0,0,100,1.0,225,4651,0.18456349206349207,3,0.013333333333333334,41.34222222222222,4,0.03480704537638372,0.24086354009587335,11,0.035103958000000546
t=0.02|d=0.80|tol=1e-04|iter=1000|words=100|mmr=0.70,train,d098e,converged,0.02,0.8,0.0001,1000,100,True,0.7,0,4,0,0.0,0.0,0.0,0,0,0,100,1.0,454,19366,0.18832842236290612,1,0.0022026431718061676,85.31277533039648,4,0.04946827207037862,0.11936630012097926,10,0.12609941700000604
t=0.02|d=0.80|tol=1e-04|iter=1000|words=100|mmr=0.70,train,d099e,converged,0.02,0.8,0.0001,1000,100,True,0.7,2,4,20,0.5,0.1,0.16666666666666669,0,1,1,100,1.0,469,12534,0.11420917391066644,12,0.0255863539445629,53.449893390191896,15,0.0761726512431724,0.2092957886755061,10,0.10552091699999977
t=0.02|d=0.80|tol=1e-04|iter=1000|words=100|mmr=0.70,train,d100e,converged,0.02,0.8,0.0001,1000,100,True,0.7,0,5,10,0.0,0.0,0.0,0,0,0,100,1.0,592,20820,0.11901495404033476,11,0.018581081081081082,70.33783783783784,12,0.05557061006883156,0.2570884255951601,11,0.16788912500000208
t=0.02|d=0.80|tol=1e-04|iter=1000|words=100|mmr=0.70,train,d101e,converged,0.02,0.8,0.0001,1000,100,True,0.7,1,6,10,0.16666666666666666,0.1,0.125,0,0,1,100,1.0,514,15876,0.12041777595740323,12,0.023346303501945526,61.77431906614786,20,0.0363764858387686,0.15412488981132985,20,0.14275049999999823
t=0.02|d=0.80|tol=1e-04|iter=1000|words=100|mmr=0.70,train,d102e,converged,0.02,0.8,0.0001,1000,100,True,0.7,0,7,16,0.0,0.0,0.0,0,0,0,100,1.0,678,30836,0.1343598994348658,3,0.004424778761061947,90.96165191740413,5,0.09378986319781865,0.2182847832217777,16,0.26248516700000124
t=0.02|d=0.80|tol=1e-04|iter=1000|words=100|mmr=0.70,train,d103g,converged,0.02,0.8,0.0001,1000,100,True,0.7,0,9,18,0.0,0.0,0.0,0,0,0,100,1.0,219,4611,0.19316325248209124,8,0.0365296803652968,42.10958904109589,10,0.09878986517077659,1.0,11,0.034087707999994166
t=0.02|d=0.80|tol=1e-04|iter=1000|words=100|mmr=0.70,train,d104g,converged,0.02,0.8,0.0001,1000,100,True,0.7,0,7,0,0.0,0.0,0.0,0,0,0,100,1.0,352,14370,0.23261460761460762,0,0.0,81.64772727272727,1,0.10710099299344258,0.26471794472401455,11,0.08245887500000038
t=0.02|d=0.80|tol=1e-04|iter=1000|words=100|mmr=0.70,train,d105g,converged,0.02,0.8,0.0001,1000,100,True,0.7,0,4,11,0.0,0.0,0.0,0,0,0,100,1.0,266,5909,0.16765498652291105,4,0.015037593984962405,44.42857142857143,5,0.04045106851263574,0.08887360414854518,10,0.04693725000000626
t=0.02|d=0.80|tol=1e-04|iter=1000|words=100|mmr=0.70,train,d106g,converged,0.02,0.8,0.0001,1000,100,True,0.7,0,5,0,0.0,0.0,0.0,0,0,0,100,1.0,237,4067,0.14542658943002218,16,0.06751054852320675,34.32067510548523,17,0.0781676414471939,0.23708289736651472,13,0.03376620899999949
t=0.02|d=0.80|tol=1e-04|iter=1000|words=100|mmr=0.70,train,d107g,converged,0.02,0.8,0.0001,1000,100,True,0.7,2,5,12,0.4,0.16666666666666666,0.23529411764705882,1,1,1,100,1.0,271,4750,0.12983463167965012,4,0.014760147601476014,35.055350553505534,5,0.03857552325482258,0.10292341710174052,12,0.04411691600000012
t=0.02|d=0.80|tol=1e-04|iter=1000|words=100|mmr=0.70,train,d108g,converged,0.02,0.8,0.0001,1000,100,True,0.7,0,5,0,0.0,0.0,0.0,0,0,0,100,1.0,216,5330,0.22954349698535745,6,0.027777777777777776,49.351851851851855,7,0.06312044501901114,0.18545858619457245,11,0.037436833000001
t=0.02|d=0.80|tol=1e-04|iter=1000|words=100|mmr=0.70,train,d109h,converged,0.02,0.8,0.0001,1000,100,True,0.7,1,5,20,0.2,0.05,0.08000000000000002,0,0,1,99,0.99,143,3351,0.3300502314586822,0,0.0,46.86713286713287,1,0.02721052841462392,0.18993614624064137,9,0.01829591699999611
t=0.02|d=0.80|tol=1e-04|iter=1000|words=100|mmr=0.70,train,d110h,converged,0.02,0.8,0.0001,1000,100,True,0.7,1,6,20,0.16666666666666666,0.05,0.07692307692307691,0,0,1,100,1.0,453,23110,0.22573209087889975,2,0.004415011037527594,102.03090507726269,4,0.04803720951680733,0.18720551569166563,9,0.12605175000000202
t=0.02|d=0.80|tol=1e-04|iter=1000|words=100|mmr=0.70,train,d111h,converged,0.02,0.8,0.0001,1000,100,True,0.7,1,5,14,0.2,0.07142857142857142,0.10526315789473682,1,1,1,100,1.0,214,2837,0.12447896099337458,5,0.02336448598130841,26.514018691588785,6,0.0483479830087984,0.205259286881504,11,0.027940833000002385
t=0.02|d=0.80|tol=1e-06|iter=100|words=100|mmr=0.70,train,d061j,converged,0.02,0.8,1e-06,100,100,True,0.7,2,5,18,0.4,0.1111111111111111,0.1739130434782609,0,1,1,99,0.99,186,4037,0.23464109270560884,1,0.005376344086021506,43.40860215053763,2,0.13429842620730287,0.45430454776676077,18,0.02965870799999948
t=0.02|d=0.80|tol=1e-06|iter=100|words=100|mmr=0.70,train,d062j,converged,0.02,0.8,1e-06,100,100,True,0.7,0,6,0,0.0,0.0,0.0,0,0,0,98,0.98,120,1653,0.23151260504201682,2,0.016666666666666666,27.55,3,0.07196848072945318,0.24710351783829648,15,0.013833374999997261
t=0.02|d=0.80|tol=1e-06|iter=100|words=100|mmr=0.70,train,d063j,converged,0.02,0.8,1e-06,100,100,True,0.7,0,3,18,0.0,0.0,0.0,0,0,0,100,1.0,253,4848,0.1520798042537173,3,0.011857707509881422,38.32411067193676,4,0.22152607046561681,0.3530378592180876,22,0.048106458999995994
t=0.02|d=0.80|tol=1e-06|iter=100|words=100|mmr=0.70,train,d064j,converged,0.02,0.8,1e-06,100,100,True,0.7,1,7,19,0.14285714285714285,0.05263157894736842,0.07692307692307693,1,1,1,100,1.0,199,3319,0.1684686056545353,2,0.010050251256281407,33.35678391959799,3,0.05058519596002425,0.17190936472085516,14,0.03045841700000551
t=0.02|d=0.80|tol=1e-06|iter=100|words=100|mmr=0.70,train,d065j,converged,0.02,0.8,1e-06,100,100,True,0.7,1,5,12,0.2,0.08333333333333333,0.11764705882352941,1,1,1,100,1.0,309,6864,0.14424410540915394,13,0.042071197411003236,44.42718446601942,15,0.06346017987190197,0.14503770614306322,22,0.06498837499999865
t=0.02|d=0.80|tol=1e-06|iter=100|words=100|mmr=0.70,train,d066j,converged,0.02,0.8,1e-06,100,100,True,0.7,0,5,19,0.0,0.0,0.0,0,0,0,100,1.0,204,3853,0.18608132908335748,5,0.024509803921568627,37.77450980392157,6,0.04248254556818008,0.23638592932847835,26,0.03615970799999957
t=0.02|d=0.80|tol=1e-06|iter=100|words=100|mmr=0.70,train,d067f,converged,0.02,0.8,1e-06,100,100,True,0.7,0,3,0,0.0,0.0,0.0,0,0,0,99,0.99,134,2185,0.24520255863539445,3,0.022388059701492536,32.61194029850746,4,0.1033119210570852,0.1670610438990799,32,0.022302167000006534
t=0.02|d=0.80|tol=1e-06|iter=100|words=100|mmr=0.70,train,d068f,converged,0.02,0.8,1e-06,100,100,True,0.7,0,7,0,0.0,0.0,0.0,0,0,0,100,1.0,136,2364,0.257516339869281,4,0.029411764705882353,34.76470588235294,5,0.1277819010135278,0.9999999999999999,22,0.018693667000000858
t=0.02|d=0.80|tol=1e-06|iter=100|words=100|mmr=0.70,train,d069f,converged,0.02,0.8,1e-06,100,100,True,0.7,0,4,14,0.0,0.0,0.0,0,0,0,100,1.0,331,13715,0.2511214867710336,1,0.0030211480362537764,82.87009063444108,2,0.10646968269015883,0.14942039715156336,12,0.08392795800000385
t=0.02|d=0.80|tol=1e-06|iter=100|words=100|mmr=0.70,train,d070f,converged,0.02,0.8,1e-06,100,100,True,0.7,1,7,16,0.14285714285714285,0.0625,0.08695652173913043,1,1,1,100,1.0,167,3139,0.2264627371762499,8,0.04790419161676647,37.59281437125748,9,0.052971820844836065,0.3394669290404032,21,0.02497937499999381
t=0.02|d=0.80|tol=1e-06|iter=100|words=100|mmr=0.70,train,d071f,converged,0.02,0.8,1e-06,100,100,True,0.7,0,6,0,0.0,0.0,0.0,0,0,0,100,1.0,155,1238,0.10372852953498114,17,0.10967741935483871,15.974193548387097,22,0.08126598001961324,0.6086420297263238,34,0.01738575000000253
t=0.02|d=0.80|tol=1e-06|iter=100|words=100|mmr=0.70,train,d072f,converged,0.02,0.8,1e-06,100,100,True,0.7,0,7,0,0.0,0.0,0.0,0,0,0,100,1.0,378,10214,0.14334835024490197,5,0.013227513227513227,54.042328042328045,7,0.10569254796305809,0.6401152146171181,15,0.09293095799999662
t=0.02|d=0.80|tol=1e-06|iter=100|words=100|mmr=0.70,train,d073b,converged,0.02,0.8,1e-06,100,100,True,0.7,1,5,12,0.2,0.08333333333333333,0.11764705882352941,0,0,1,100,1.0,253,3704,0.11619298575820315,12,0.04743083003952569,29.280632411067195,18,0.04540607248173141,0.11981376361872152,36,0.04741683299999977
t=0.02|d=0.80|tol=1e-06|iter=100|words=100|mmr=0.70,train,d074b,converged,0.02,0.8,1e-06,100,100,True,0.7,0,6,0,0.0,0.0,0.0,0,0,0,100,1.0,256,2940,0.0900735294117647,10,0.0390625,22.96875,22,0.0578714638991911,0.41238301648149467,38,0.0421678330000006
t=0.02|d=0.80|tol=1e-06|iter=100|words=100|mmr=0.70,train,d075b,converged,0.02,0.8,1e-06,100,100,True,0.7,1,5,13,0.2,0.07692307692307693,0.1111111111111111,1,1,1,100,1.0,277,10963,0.28679432846753516,1,0.0036101083032490976,79.15523465703971,2,0.15113572749800028,0.39359678862129244,13,0.06637929099999695
t=0.02|d=0.80|tol=1e-06|iter=100|words=100|mmr=0.70,train,d076b,converged,0.02,0.8,1e-06,100,100,True,0.7,0,7,13,0.0,0.0,0.0,0,0,0,100,1.0,323,8152,0.15676018691229351,4,0.01238390092879257,50.476780185758514,5,0.09592776240600331,0.2547666691658744,16,0.0711379999999977
t=0.02|d=0.80|tol=1e-06|iter=100|words=100|mmr=0.70,train,d077b,converged,0.02,0.8,1e-06,100,100,True,0.7,1,4,14,0.25,0.07142857142857142,0.11111111111111112,0,1,1,99,0.99,340,10608,0.184070796460177,1,0.0029411764705882353,62.4,2,0.12077568172187715,0.1548717551888946,17,0.08133808299999856
t=0.02|d=0.80|tol=1e-06|iter=100|words=100|mmr=0.70,train,d078b,converged,0.02,0.8,1e-06,100,100,True,0.7,0,5,0,0.0,0.0,0.0,0,0,0,100,1.0,276,5670,0.14940711462450593,1,0.0036231884057971015,41.08695652173913,2,0.09162436232222049,0.17916059524736813,17,0.05278912500000388
t=0.02|d=0.80|tol=1e-06|iter=100|words=100|mmr=0.70,train,d079a,converged,0.02,0.8,1e-06,100,100,True,0.7,1,4,14,0.25,0.07142857142857142,0.11111111111111112,1,1,1,99,0.99,316,11902,0.23914004420333534,1,0.0031645569620253164,75.32911392405063,2,0.08253917533593627,0.2305527285940876,16,0.0854219169999979
t=0.02|d=0.80|tol=1e-06|iter=100|words=100|mmr=0.70,train,d080a,converged,0.02,0.8,1e-06,100,100,True,0.7,1,5,10,0.2,0.1,0.13333333333333333,0,1,1,100,1.0,557,23902,0.1543598155586841,3,0.005385996409335727,85.82405745062836,4,0.17500286322707675,0.44325961017662285,17,0.19350354099999834
t=0.02|d=0.80|tol=1e-06|iter=100|words=100|mmr=0.70,train,d081a,converged,0.02,0.8,1e-06,100,100,True,0.7,0,5,17,0.0,0.0,0.0,0,0,0,100,1.0,299,9891,0.2220152185136136,8,0.026755852842809364,66.16053511705685,9,0.04557219265185699,0.17295440833658976,22,0.07634108300000264
t=0.02|d=0.80|tol=1e-06|iter=100|words=100|mmr=0.70,train,d082a,converged,0.02,0.8,1e-06,100,100,True,0.7,2,4,12,0.5,0.16666666666666666,0.25,1,1,1,100,1.0,209,4162,0.19147957305852042,0,0.0,39.82775119617225,2,0.06259706221261174,0.16886778933960314,14,0.03304029200000258
t=0.02|d=0.80|tol=1e-06|iter=100|words=100|mmr=0.70,train,d083a,converged,0.02,0.8,1e-06,100,100,True,0.7,0,4,17,0.0,0.0,0.0,0,0,0,100,1.0,224,5878,0.23534593209481103,1,0.004464285714285714,52.482142857142854,2,0.11609824027842675,0.23149666450745623,20,0.04500837499999477
t=0.02|d=0.80|tol=1e-06|iter=100|words=100|mmr=0.70,train,d084a,converged,0.02,0.8,1e-06,100,100,True,0.7,0,7,0,0.0,0.0,0.0,0,0,0,100,1.0,366,14382,0.21531551762856502,2,0.00546448087431694,78.59016393442623,5,0.1015663924408795,0.26512441540086007,22,0.11349391699999956
t=0.02|d=0.80|tol=1e-06|iter=100|words=100|mmr=0.70,train,d085d,converged,0.02,0.8,1e-06,100,100,True,0.7,0,5,0,0.0,0.0,0.0,0,0,0,100,1.0,224,4446,0.17801089045483665,1,0.004464285714285714,39.69642857142857,2,0.14240203021260536,0.5758265182499325,18,0.03867633399999448
t=0.02|d=0.80|tol=1e-06|iter=100|words=100|mmr=0.70,train,d086d,converged,0.02,0.8,1e-06,100,100,True,0.7,0,3,0,0.0,0.0,0.0,0,0,0,100,1.0,416,18314,0.2121640407784986,0,0.0,88.04807692307692,2,0.00267820437815618,0.00803461313446854,16,0.12614470899999475
t=0.02|d=0.80|tol=1e-06|iter=100|words=100|mmr=0.70,train,d087d,converged,0.02,0.8,1e-06,100,100,True,0.7,1,7,17,0.14285714285714285,0.058823529411764705,0.08333333333333333,0,1,1,100,1.0,292,7045,0.16581932872004895,4,0.0136986301369863,48.25342465753425,6,0.045442138418619646,0.22427752557709513,40,0.08688487500000264
t=0.02|d=0.80|tol=1e-06|iter=100|words=100|mmr=0.70,train,d089d,converged,0.02,0.8,1e-06,100,100,True,0.7,0,6,18,0.0,0.0,0.0,0,0,0,100,1.0,386,12656,0.170325011775789,2,0.0051813471502590676,65.57512953367876,3,0.06899100443670252,0.20870182526366293,19,0.10628854100000495
t=0.02|d=0.80|tol=1e-06|iter=100|words=100|mmr=0.70,train,d090d,converged,0.02,0.8,1e-06,100,100,True,0.7,0,6,0,0.0,0.0,0.0,0,0,0,100,1.0,261,6833,0.20138520483348069,5,0.019157088122605363,52.36015325670498,6,0.23551628618835568,1.0,17,0.051515500000000713
t=0.02|d=0.80|tol=1e-06|iter=100|words=100|mmr=0.70,train,d091c,converged,0.02,0.8,1e-06,100,100,True,0.7,1,6,13,0.16666666666666666,0.07692307692307693,0.10526315789473684,0,1,1,100,1.0,280,7766,0.19882232462877625,1,0.0035714285714285713,55.47142857142857,3,0.04301737120655953,0.16965990484051685,21,0.06274145799999786
t=0.02|d=0.80|tol=1e-06|iter=100|words=100|mmr=0.70,train,d092c,converged,0.02,0.8,1e-06,100,100,True,0.7,0,5,19,0.0,0.0,0.0,0,0,0,100,1.0,291,5913,0.14013508709562744,11,0.037800687285223365,40.63917525773196,13,0.16519167737035517,0.4173701494751245,29,0.06517537500000259
t=0.02|d=0.80|tol=1e-06|iter=100|words=100|mmr=0.70,train,d093c,converged,0.02,0.8,1e-06,100,100,True,0.7,1,7,18,0.14285714285714285,0.05555555555555555,0.08,1,1,1,100,1.0,264,4181,0.12043438184122594,7,0.026515151515151516,31.674242424242426,14,0.08496133886243512,0.45410082900530824,32,0.050460125000000744
t=0.02|d=0.80|tol=1e-06|iter=100|words=100|mmr=0.70,train,d094c,converged,0.02,0.8,1e-06,100,100,True,0.7,2,4,10,0.5,0.2,0.28571428571428575,1,1,1,100,1.0,185,3542,0.20810810810810812,5,0.02702702702702703,38.29189189189189,6,0.06627974988669451,0.12669659804914624,16,0.027922958999994307
t=0.02|d=0.80|tol=1e-06|iter=100|words=100|mmr=0.70,train,d095c,converged,0.02,0.8,1e-06,100,100,True,0.7,1,5,13,0.2,0.07692307692307693,0.1111111111111111,0,0,1,99,0.99,240,4223,0.14724546722454673,4,0.016666666666666666,35.19166666666667,5,0.07469251204041197,0.265407035830987,21,0.041195749999999975
t=0.02|d=0.80|tol=1e-06|iter=100|words=100|mmr=0.70,train,d096c,converged,0.02,0.8,1e-06,100,100,True,0.7,1,12,15,0.08333333333333333,0.06666666666666667,0.07407407407407407,0,0,0,100,1.0,274,5372,0.14363252319456699,11,0.040145985401459854,39.21167883211679,17,0.14437723584712367,1.0,24,0.05212449999999791
t=0.02|d=0.80|tol=1e-06|iter=100|words=100|mmr=0.70,train,d097e,converged,0.02,0.8,1e-06,100,100,True,0.7,0,5,0,0.0,0.0,0.0,0,0,0,100,1.0,225,4651,0.18456349206349207,3,0.013333333333333334,41.34222222222222,4,0.03480704537638372,0.24086354009587335,18,0.040340499999999224
t=0.02|d=0.80|tol=1e-06|iter=100|words=100|mmr=0.70,train,d098e,converged,0.02,0.8,1e-06,100,100,True,0.7,0,4,0,0.0,0.0,0.0,0,0,0,100,1.0,454,19366,0.18832842236290612,1,0.0022026431718061676,85.31277533039648,4,0.04946827207037862,0.11936630012097926,20,0.15701466600000202
t=0.02|d=0.80|tol=1e-06|iter=100|words=100|mmr=0.70,train,d099e,converged,0.02,0.8,1e-06,100,100,True,0.7,2,4,20,0.5,0.1,0.16666666666666669,0,1,1,100,1.0,469,12534,0.11420917391066644,12,0.0255863539445629,53.449893390191896,15,0.0761726512431724,0.2092957886755061,22,0.1385457499999987
t=0.02|d=0.80|tol=1e-06|iter=100|words=100|mmr=0.70,train,d100e,converged,0.02,0.8,1e-06,100,100,True,0.7,0,5,10,0.0,0.0,0.0,0,0,0,100,1.0,592,20820,0.11901495404033476,11,0.018581081081081082,70.33783783783784,12,0.05557061006883156,0.2570884255951601,21,0.23019820799999735
t=0.02|d=0.80|tol=1e-06|iter=100|words=100|mmr=0.70,train,d101e,converged,0.02,0.8,1e-06,100,100,True,0.7,1,6,10,0.16666666666666666,0.1,0.125,0,0,1,100,1.0,514,15876,0.12041777595740323,12,0.023346303501945526,61.77431906614786,20,0.0363764858387686,0.15412488981132985,37,0.2204860839999938
t=0.02|d=0.80|tol=1e-06|iter=100|words=100|mmr=0.70,train,d102e,converged,0.02,0.8,1e-06,100,100,True,0.7,0,7,16,0.0,0.0,0.0,0,0,0,100,1.0,678,30836,0.1343598994348658,3,0.004424778761061947,90.96165191740413,5,0.09378986319781865,0.2182847832217777,36,0.39172949999999673
t=0.02|d=0.80|tol=1e-06|iter=100|words=100|mmr=0.70,train,d103g,converged,0.02,0.8,1e-06,100,100,True,0.7,0,9,18,0.0,0.0,0.0,0,0,0,100,1.0,219,4611,0.19316325248209124,8,0.0365296803652968,42.10958904109589,10,0.09878986517077659,1.0,26,0.043669042000004765
t=0.02|d=0.80|tol=1e-06|iter=100|words=100|mmr=0.70,train,d104g,converged,0.02,0.8,1e-06,100,100,True,0.7,0,7,0,0.0,0.0,0.0,0,0,0,100,1.0,352,14370,0.23261460761460762,0,0.0,81.64772727272727,1,0.10710099299344258,0.26471794472401455,21,0.10124062500000264
t=0.02|d=0.80|tol=1e-06|iter=100|words=100|mmr=0.70,train,d105g,converged,0.02,0.8,1e-06,100,100,True,0.7,0,4,11,0.0,0.0,0.0,0,0,0,100,1.0,266,5909,0.16765498652291105,4,0.015037593984962405,44.42857142857143,5,0.04045106851263574,0.08887360414854518,26,0.06600737499999809
t=0.02|d=0.80|tol=1e-06|iter=100|words=100|mmr=0.70,train,d106g,converged,0.02,0.8,1e-06,100,100,True,0.7,0,5,0,0.0,0.0,0.0,0,0,0,100,1.0,237,4067,0.14542658943002218,16,0.06751054852320675,34.32067510548523,17,0.0781676414471939,0.23708289736651472,23,0.038985499999995454
t=0.02|d=0.80|tol=1e-06|iter=100|words=100|mmr=0.70,train,d107g,converged,0.02,0.8,1e-06,100,100,True,0.7,2,5,12,0.4,0.16666666666666666,0.23529411764705882,1,1,1,100,1.0,271,4750,0.12983463167965012,4,0.014760147601476014,35.055350553505534,5,0.03857552325482258,0.10292341710174052,21,0.05050225000000097
t=0.02|d=0.80|tol=1e-06|iter=100|words=100|mmr=0.70,train,d108g,converged,0.02,0.8,1e-06,100,100,True,0.7,0,5,0,0.0,0.0,0.0,0,0,0,100,1.0,216,5330,0.22954349698535745,6,0.027777777777777776,49.351851851851855,7,0.06312044501901114,0.18545858619457245,25,0.04349316599999753
t=0.02|d=0.80|tol=1e-06|iter=100|words=100|mmr=0.70,train,d109h,converged,0.02,0.8,1e-06,100,100,True,0.7,1,5,20,0.2,0.05,0.08000000000000002,0,0,1,99,0.99,143,3351,0.3300502314586822,0,0.0,46.86713286713287,1,0.02721052841462392,0.18993614624064137,16,0.0223737909999997
t=0.02|d=0.80|tol=1e-06|iter=100|words=100|mmr=0.70,train,d110h,converged,0.02,0.8,1e-06,100,100,True,0.7,0,6,20,0.0,0.0,0.0,0,0,0,100,1.0,453,23110,0.22573209087889975,2,0.004415011037527594,102.03090507726269,4,0.04803720951680733,0.18720551569166563,18,0.16126387500000305
t=0.02|d=0.80|tol=1e-06|iter=100|words=100|mmr=0.70,train,d111h,converged,0.02,0.8,1e-06,100,100,True,0.7,1,5,14,0.2,0.07142857142857142,0.10526315789473682,1,1,1,100,1.0,214,2837,0.12447896099337458,5,0.02336448598130841,26.514018691588785,6,0.0483479830087984,0.205259286881504,18,0.03214058300000033
t=0.02|d=0.80|tol=1e-06|iter=300|words=100|mmr=0.70,train,d061j,converged,0.02,0.8,1e-06,300,100,True,0.7,2,5,18,0.4,0.1111111111111111,0.1739130434782609,0,1,1,99,0.99,186,4037,0.23464109270560884,1,0.005376344086021506,43.40860215053763,2,0.13429842620730287,0.45430454776676077,18,0.03149162500000102
t=0.02|d=0.80|tol=1e-06|iter=300|words=100|mmr=0.70,train,d062j,converged,0.02,0.8,1e-06,300,100,True,0.7,0,6,0,0.0,0.0,0.0,0,0,0,98,0.98,120,1653,0.23151260504201682,2,0.016666666666666666,27.55,3,0.07196848072945318,0.24710351783829648,15,0.014018917000001352
t=0.02|d=0.80|tol=1e-06|iter=300|words=100|mmr=0.70,train,d063j,converged,0.02,0.8,1e-06,300,100,True,0.7,0,3,18,0.0,0.0,0.0,0,0,0,100,1.0,253,4848,0.1520798042537173,3,0.011857707509881422,38.32411067193676,4,0.22152607046561681,0.3530378592180876,22,0.04780812499999598
t=0.02|d=0.80|tol=1e-06|iter=300|words=100|mmr=0.70,train,d064j,converged,0.02,0.8,1e-06,300,100,True,0.7,1,7,19,0.14285714285714285,0.05263157894736842,0.07692307692307693,1,1,1,100,1.0,199,3319,0.1684686056545353,2,0.010050251256281407,33.35678391959799,3,0.05058519596002425,0.17190936472085516,14,0.03027633300000332
t=0.02|d=0.80|tol=1e-06|iter=300|words=100|mmr=0.70,train,d065j,converged,0.02,0.8,1e-06,300,100,True,0.7,1,5,12,0.2,0.08333333333333333,0.11764705882352941,1,1,1,100,1.0,309,6864,0.14424410540915394,13,0.042071197411003236,44.42718446601942,15,0.06346017987190197,0.14503770614306322,22,0.06600429099999872
t=0.02|d=0.80|tol=1e-06|iter=300|words=100|mmr=0.70,train,d066j,converged,0.02,0.8,1e-06,300,100,True,0.7,0,5,19,0.0,0.0,0.0,0,0,0,100,1.0,204,3853,0.18608132908335748,5,0.024509803921568627,37.77450980392157,6,0.04248254556818008,0.23638592932847835,26,0.0379870000000011
t=0.02|d=0.80|tol=1e-06|iter=300|words=100|mmr=0.70,train,d067f,converged,0.02,0.8,1e-06,300,100,True,0.7,0,3,0,0.0,0.0,0.0,0,0,0,99,0.99,134,2185,0.24520255863539445,3,0.022388059701492536,32.61194029850746,4,0.1033119210570852,0.1670610438990799,32,0.021575540999997145
t=0.02|d=0.80|tol=1e-06|iter=300|words=100|mmr=0.70,train,d068f,converged,0.02,0.8,1e-06,300,100,True,0.7,0,7,0,0.0,0.0,0.0,0,0,0,100,1.0,136,2364,0.257516339869281,4,0.029411764705882353,34.76470588235294,5,0.1277819010135278,0.9999999999999999,22,0.01827958299999466
t=0.02|d=0.80|tol=1e-06|iter=300|words=100|mmr=0.70,train,d069f,converged,0.02,0.8,1e-06,300,100,True,0.7,0,4,14,0.0,0.0,0.0,0,0,0,100,1.0,331,13715,0.2511214867710336,1,0.0030211480362537764,82.87009063444108,2,0.10646968269015883,0.14942039715156336,12,0.08396220899999918
t=0.02|d=0.80|tol=1e-06|iter=300|words=100|mmr=0.70,train,d070f,converged,0.02,0.8,1e-06,300,100,True,0.7,1,7,16,0.14285714285714285,0.0625,0.08695652173913043,1,1,1,100,1.0,167,3139,0.2264627371762499,8,0.04790419161676647,37.59281437125748,9,0.052971820844836065,0.3394669290404032,21,0.02516470799999837
t=0.02|d=0.80|tol=1e-06|iter=300|words=100|mmr=0.70,train,d071f,converged,0.02,0.8,1e-06,300,100,True,0.7,0,6,0,0.0,0.0,0.0,0,0,0,100,1.0,155,1238,0.10372852953498114,17,0.10967741935483871,15.974193548387097,22,0.08126598001961324,0.6086420297263238,34,0.01745004200000011
t=0.02|d=0.80|tol=1e-06|iter=300|words=100|mmr=0.70,train,d072f,converged,0.02,0.8,1e-06,300,100,True,0.7,0,7,0,0.0,0.0,0.0,0,0,0,100,1.0,378,10214,0.14334835024490197,5,0.013227513227513227,54.042328042328045,7,0.10569254796305809,0.6401152146171181,15,0.0950359590000005
t=0.02|d=0.80|tol=1e-06|iter=300|words=100|mmr=0.70,train,d073b,converged,0.02,0.8,1e-06,300,100,True,0.7,1,5,12,0.2,0.08333333333333333,0.11764705882352941,0,0,1,100,1.0,253,3704,0.11619298575820315,12,0.04743083003952569,29.280632411067195,18,0.04540607248173141,0.11981376361872152,36,0.04824970800000017
t=0.02|d=0.80|tol=1e-06|iter=300|words=100|mmr=0.70,train,d074b,converged,0.02,0.8,1e-06,300,100,True,0.7,0,6,0,0.0,0.0,0.0,0,0,0,100,1.0,256,2940,0.0900735294117647,10,0.0390625,22.96875,22,0.0578714638991911,0.41238301648149467,38,0.042878541999996855
t=0.02|d=0.80|tol=1e-06|iter=300|words=100|mmr=0.70,train,d075b,converged,0.02,0.8,1e-06,300,100,True,0.7,1,5,13,0.2,0.07692307692307693,0.1111111111111111,1,1,1,100,1.0,277,10963,0.28679432846753516,1,0.0036101083032490976,79.15523465703971,2,0.15113572749800028,0.39359678862129244,13,0.06975899999999768
t=0.02|d=0.80|tol=1e-06|iter=300|words=100|mmr=0.70,train,d076b,converged,0.02,0.8,1e-06,300,100,True,0.7,0,7,13,0.0,0.0,0.0,0,0,0,100,1.0,323,8152,0.15676018691229351,4,0.01238390092879257,50.476780185758514,5,0.09592776240600331,0.2547666691658744,16,0.07214712499999365
t=0.02|d=0.80|tol=1e-06|iter=300|words=100|mmr=0.70,train,d077b,converged,0.02,0.8,1e-06,300,100,True,0.7,1,4,14,0.25,0.07142857142857142,0.11111111111111112,0,1,1,99,0.99,340,10608,0.184070796460177,1,0.0029411764705882353,62.4,2,0.12077568172187715,0.1548717551888946,17,0.08555566700000128
t=0.02|d=0.80|tol=1e-06|iter=300|words=100|mmr=0.70,train,d078b,converged,0.02,0.8,1e-06,300,100,True,0.7,0,5,0,0.0,0.0,0.0,0,0,0,100,1.0,276,5670,0.14940711462450593,1,0.0036231884057971015,41.08695652173913,2,0.09162436232222049,0.17916059524736813,17,0.050080124999993814
t=0.02|d=0.80|tol=1e-06|iter=300|words=100|mmr=0.70,train,d079a,converged,0.02,0.8,1e-06,300,100,True,0.7,1,4,14,0.25,0.07142857142857142,0.11111111111111112,1,1,1,99,0.99,316,11902,0.23914004420333534,1,0.0031645569620253164,75.32911392405063,2,0.08253917533593627,0.2305527285940876,16,0.08252212500000411
t=0.02|d=0.80|tol=1e-06|iter=300|words=100|mmr=0.70,train,d080a,converged,0.02,0.8,1e-06,300,100,True,0.7,1,5,10,0.2,0.1,0.13333333333333333,0,1,1,100,1.0,557,23902,0.1543598155586841,3,0.005385996409335727,85.82405745062836,4,0.17500286322707675,0.44325961017662285,17,0.19850412499999948
t=0.02|d=0.80|tol=1e-06|iter=300|words=100|mmr=0.70,train,d081a,converged,0.02,0.8,1e-06,300,100,True,0.7,0,5,17,0.0,0.0,0.0,0,0,0,100,1.0,299,9891,0.2220152185136136,8,0.026755852842809364,66.16053511705685,9,0.04557219265185699,0.17295440833658976,22,0.08268208399999821
t=0.02|d=0.80|tol=1e-06|iter=300|words=100|mmr=0.70,train,d082a,converged,0.02,0.8,1e-06,300,100,True,0.7,2,4,12,0.5,0.16666666666666666,0.25,1,1,1,100,1.0,209,4162,0.19147957305852042,0,0.0,39.82775119617225,2,0.06259706221261174,0.16886778933960314,14,0.03685137499999769
t=0.02|d=0.80|tol=1e-06|iter=300|words=100|mmr=0.70,train,d083a,converged,0.02,0.8,1e-06,300,100,True,0.7,0,4,17,0.0,0.0,0.0,0,0,0,100,1.0,224,5878,0.23534593209481103,1,0.004464285714285714,52.482142857142854,2,0.11609824027842675,0.23149666450745623,20,0.046223500000003526
t=0.02|d=0.80|tol=1e-06|iter=300|words=100|mmr=0.70,train,d084a,converged,0.02,0.8,1e-06,300,100,True,0.7,0,7,0,0.0,0.0,0.0,0,0,0,100,1.0,366,14382,0.21531551762856502,2,0.00546448087431694,78.59016393442623,5,0.1015663924408795,0.26512441540086007,22,0.11653729199999674
t=0.02|d=0.80|tol=1e-06|iter=300|words=100|mmr=0.70,train,d085d,converged,0.02,0.8,1e-06,300,100,True,0.7,0,5,0,0.0,0.0,0.0,0,0,0,100,1.0,224,4446,0.17801089045483665,1,0.004464285714285714,39.69642857142857,2,0.14240203021260536,0.5758265182499325,18,0.03883462499999979
t=0.02|d=0.80|tol=1e-06|iter=300|words=100|mmr=0.70,train,d086d,converged,0.02,0.8,1e-06,300,100,True,0.7,0,3,0,0.0,0.0,0.0,0,0,0,100,1.0,416,18314,0.2121640407784986,0,0.0,88.04807692307692,2,0.00267820437815618,0.00803461313446854,16,0.12598158299999795
t=0.02|d=0.80|tol=1e-06|iter=300|words=100|mmr=0.70,train,d087d,converged,0.02,0.8,1e-06,300,100,True,0.7,1,7,17,0.14285714285714285,0.058823529411764705,0.08333333333333333,0,1,1,100,1.0,292,7045,0.16581932872004895,4,0.0136986301369863,48.25342465753425,6,0.045442138418619646,0.22427752557709513,40,0.08705229200000275
t=0.02|d=0.80|tol=1e-06|iter=300|words=100|mmr=0.70,train,d089d,converged,0.02,0.8,1e-06,300,100,True,0.7,0,6,18,0.0,0.0,0.0,0,0,0,100,1.0,386,12656,0.170325011775789,2,0.0051813471502590676,65.57512953367876,3,0.06899100443670252,0.20870182526366293,19,0.11037058300000524
t=0.02|d=0.80|tol=1e-06|iter=300|words=100|mmr=0.70,train,d090d,converged,0.02,0.8,1e-06,300,100,True,0.7,0,6,0,0.0,0.0,0.0,0,0,0,100,1.0,261,6833,0.20138520483348069,5,0.019157088122605363,52.36015325670498,6,0.23551628618835568,1.0,17,0.05221199999999726
t=0.02|d=0.80|tol=1e-06|iter=300|words=100|mmr=0.70,train,d091c,converged,0.02,0.8,1e-06,300,100,True,0.7,1,6,13,0.16666666666666666,0.07692307692307693,0.10526315789473684,0,1,1,100,1.0,280,7766,0.19882232462877625,1,0.0035714285714285713,55.47142857142857,3,0.04301737120655953,0.16965990484051685,21,0.06220325000000315
t=0.02|d=0.80|tol=1e-06|iter=300|words=100|mmr=0.70,train,d092c,converged,0.02,0.8,1e-06,300,100,True,0.7,0,5,19,0.0,0.0,0.0,0,0,0,100,1.0,291,5913,0.14013508709562744,11,0.037800687285223365,40.63917525773196,13,0.16519167737035517,0.4173701494751245,29,0.07414716700000668
t=0.02|d=0.80|tol=1e-06|iter=300|words=100|mmr=0.70,train,d093c,converged,0.02,0.8,1e-06,300,100,True,0.7,1,7,18,0.14285714285714285,0.05555555555555555,0.08,1,1,1,100,1.0,264,4181,0.12043438184122594,7,0.026515151515151516,31.674242424242426,14,0.08496133886243512,0.45410082900530824,32,0.05325249999999926
t=0.02|d=0.80|tol=1e-06|iter=300|words=100|mmr=0.70,train,d094c,converged,0.02,0.8,1e-06,300,100,True,0.7,2,4,10,0.5,0.2,0.28571428571428575,1,1,1,100,1.0,185,3542,0.20810810810810812,5,0.02702702702702703,38.29189189189189,6,0.06627974988669451,0.12669659804914624,16,0.029215332999996235
t=0.02|d=0.80|tol=1e-06|iter=300|words=100|mmr=0.70,train,d095c,converged,0.02,0.8,1e-06,300,100,True,0.7,1,5,13,0.2,0.07692307692307693,0.1111111111111111,0,0,1,99,0.99,240,4223,0.14724546722454673,4,0.016666666666666666,35.19166666666667,5,0.07469251204041197,0.265407035830987,21,0.04213641699999471
t=0.02|d=0.80|tol=1e-06|iter=300|words=100|mmr=0.70,train,d096c,converged,0.02,0.8,1e-06,300,100,True,0.7,1,12,15,0.08333333333333333,0.06666666666666667,0.07407407407407407,0,0,0,100,1.0,274,5372,0.14363252319456699,11,0.040145985401459854,39.21167883211679,17,0.14437723584712367,1.0,24,0.05500725000000273
t=0.02|d=0.80|tol=1e-06|iter=300|words=100|mmr=0.70,train,d097e,converged,0.02,0.8,1e-06,300,100,True,0.7,0,5,0,0.0,0.0,0.0,0,0,0,100,1.0,225,4651,0.18456349206349207,3,0.013333333333333334,41.34222222222222,4,0.03480704537638372,0.24086354009587335,18,0.040722791000000313
t=0.02|d=0.80|tol=1e-06|iter=300|words=100|mmr=0.70,train,d098e,converged,0.02,0.8,1e-06,300,100,True,0.7,0,4,0,0.0,0.0,0.0,0,0,0,100,1.0,454,19366,0.18832842236290612,1,0.0022026431718061676,85.31277533039648,4,0.04946827207037862,0.11936630012097926,20,0.15861141699999592
t=0.02|d=0.80|tol=1e-06|iter=300|words=100|mmr=0.70,train,d099e,converged,0.02,0.8,1e-06,300,100,True,0.7,2,4,20,0.5,0.1,0.16666666666666669,0,1,1,100,1.0,469,12534,0.11420917391066644,12,0.0255863539445629,53.449893390191896,15,0.0761726512431724,0.2092957886755061,22,0.15032749999999595
t=0.02|d=0.80|tol=1e-06|iter=300|words=100|mmr=0.70,train,d100e,converged,0.02,0.8,1e-06,300,100,True,0.7,0,5,10,0.0,0.0,0.0,0,0,0,100,1.0,592,20820,0.11901495404033476,11,0.018581081081081082,70.33783783783784,12,0.05557061006883156,0.2570884255951601,21,0.20389737499999683
t=0.02|d=0.80|tol=1e-06|iter=300|words=100|mmr=0.70,train,d101e,converged,0.02,0.8,1e-06,300,100,True,0.7,1,6,10,0.16666666666666666,0.1,0.125,0,0,1,100,1.0,514,15876,0.12041777595740323,12,0.023346303501945526,61.77431906614786,20,0.0363764858387686,0.15412488981132985,37,0.19921979099999731
t=0.02|d=0.80|tol=1e-06|iter=300|words=100|mmr=0.70,train,d102e,converged,0.02,0.8,1e-06,300,100,True,0.7,0,7,16,0.0,0.0,0.0,0,0,0,100,1.0,678,30836,0.1343598994348658,3,0.004424778761061947,90.96165191740413,5,0.09378986319781865,0.2182847832217777,36,0.3741484170000007
t=0.02|d=0.80|tol=1e-06|iter=300|words=100|mmr=0.70,train,d103g,converged,0.02,0.8,1e-06,300,100,True,0.7,0,9,18,0.0,0.0,0.0,0,0,0,100,1.0,219,4611,0.19316325248209124,8,0.0365296803652968,42.10958904109589,10,0.09878986517077659,1.0,26,0.04335037500000283
t=0.02|d=0.80|tol=1e-06|iter=300|words=100|mmr=0.70,train,d104g,converged,0.02,0.8,1e-06,300,100,True,0.7,0,7,0,0.0,0.0,0.0,0,0,0,100,1.0,352,14370,0.23261460761460762,0,0.0,81.64772727272727,1,0.10710099299344258,0.26471794472401455,21,0.1015740829999956
t=0.02|d=0.80|tol=1e-06|iter=300|words=100|mmr=0.70,train,d105g,converged,0.02,0.8,1e-06,300,100,True,0.7,0,4,11,0.0,0.0,0.0,0,0,0,100,1.0,266,5909,0.16765498652291105,4,0.015037593984962405,44.42857142857143,5,0.04045106851263574,0.08887360414854518,26,0.06045191600000521
t=0.02|d=0.80|tol=1e-06|iter=300|words=100|mmr=0.70,train,d106g,converged,0.02,0.8,1e-06,300,100,True,0.7,0,5,0,0.0,0.0,0.0,0,0,0,100,1.0,237,4067,0.14542658943002218,16,0.06751054852320675,34.32067510548523,17,0.0781676414471939,0.23708289736651472,23,0.039871374999997045
t=0.02|d=0.80|tol=1e-06|iter=300|words=100|mmr=0.70,train,d107g,converged,0.02,0.8,1e-06,300,100,True,0.7,2,5,12,0.4,0.16666666666666666,0.23529411764705882,1,1,1,100,1.0,271,4750,0.12983463167965012,4,0.014760147601476014,35.055350553505534,5,0.03857552325482258,0.10292341710174052,21,0.04889795799999774
t=0.02|d=0.80|tol=1e-06|iter=300|words=100|mmr=0.70,train,d108g,converged,0.02,0.8,1e-06,300,100,True,0.7,0,5,0,0.0,0.0,0.0,0,0,0,100,1.0,216,5330,0.22954349698535745,6,0.027777777777777776,49.351851851851855,7,0.06312044501901114,0.18545858619457245,25,0.04298108399999734
t=0.02|d=0.80|tol=1e-06|iter=300|words=100|mmr=0.70,train,d109h,converged,0.02,0.8,1e-06,300,100,True,0.7,1,5,20,0.2,0.05,0.08000000000000002,0,0,1,99,0.99,143,3351,0.3300502314586822,0,0.0,46.86713286713287,1,0.02721052841462392,0.18993614624064137,16,0.022242957999999646
t=0.02|d=0.80|tol=1e-06|iter=300|words=100|mmr=0.70,train,d110h,converged,0.02,0.8,1e-06,300,100,True,0.7,0,6,20,0.0,0.0,0.0,0,0,0,100,1.0,453,23110,0.22573209087889975,2,0.004415011037527594,102.03090507726269,4,0.04803720951680733,0.18720551569166563,18,0.16383345799999915
t=0.02|d=0.80|tol=1e-06|iter=300|words=100|mmr=0.70,train,d111h,converged,0.02,0.8,1e-06,300,100,True,0.7,1,5,14,0.2,0.07142857142857142,0.10526315789473682,1,1,1,100,1.0,214,2837,0.12447896099337458,5,0.02336448598130841,26.514018691588785,6,0.0483479830087984,0.205259286881504,18,0.03180533300000121
t=0.02|d=0.80|tol=1e-06|iter=1000|words=100|mmr=0.70,train,d061j,converged,0.02,0.8,1e-06,1000,100,True,0.7,2,5,18,0.4,0.1111111111111111,0.1739130434782609,0,1,1,99,0.99,186,4037,0.23464109270560884,1,0.005376344086021506,43.40860215053763,2,0.13429842620730287,0.45430454776676077,18,0.030991333000002896
t=0.02|d=0.80|tol=1e-06|iter=1000|words=100|mmr=0.70,train,d062j,converged,0.02,0.8,1e-06,1000,100,True,0.7,0,6,0,0.0,0.0,0.0,0,0,0,98,0.98,120,1653,0.23151260504201682,2,0.016666666666666666,27.55,3,0.07196848072945318,0.24710351783829648,15,0.014305124999999919
t=0.02|d=0.80|tol=1e-06|iter=1000|words=100|mmr=0.70,train,d063j,converged,0.02,0.8,1e-06,1000,100,True,0.7,0,3,18,0.0,0.0,0.0,0,0,0,100,1.0,253,4848,0.1520798042537173,3,0.011857707509881422,38.32411067193676,4,0.22152607046561681,0.3530378592180876,22,0.047982125000004316
t=0.02|d=0.80|tol=1e-06|iter=1000|words=100|mmr=0.70,train,d064j,converged,0.02,0.8,1e-06,1000,100,True,0.7,1,7,19,0.14285714285714285,0.05263157894736842,0.07692307692307693,1,1,1,100,1.0,199,3319,0.1684686056545353,2,0.010050251256281407,33.35678391959799,3,0.05058519596002425,0.17190936472085516,14,0.02957558300000329
t=0.02|d=0.80|tol=1e-06|iter=1000|words=100|mmr=0.70,train,d065j,converged,0.02,0.8,1e-06,1000,100,True,0.7,1,5,12,0.2,0.08333333333333333,0.11764705882352941,1,1,1,100,1.0,309,6864,0.14424410540915394,13,0.042071197411003236,44.42718446601942,15,0.06346017987190197,0.14503770614306322,22,0.06715412500000184
t=0.02|d=0.80|tol=1e-06|iter=1000|words=100|mmr=0.70,train,d066j,converged,0.02,0.8,1e-06,1000,100,True,0.7,0,5,19,0.0,0.0,0.0,0,0,0,100,1.0,204,3853,0.18608132908335748,5,0.024509803921568627,37.77450980392157,6,0.04248254556818008,0.23638592932847835,26,0.03655462500000084
t=0.02|d=0.80|tol=1e-06|iter=1000|words=100|mmr=0.70,train,d067f,converged,0.02,0.8,1e-06,1000,100,True,0.7,0,3,0,0.0,0.0,0.0,0,0,0,99,0.99,134,2185,0.24520255863539445,3,0.022388059701492536,32.61194029850746,4,0.1033119210570852,0.1670610438990799,32,0.021884290999999223
t=0.02|d=0.80|tol=1e-06|iter=1000|words=100|mmr=0.70,train,d068f,converged,0.02,0.8,1e-06,1000,100,True,0.7,0,7,0,0.0,0.0,0.0,0,0,0,100,1.0,136,2364,0.257516339869281,4,0.029411764705882353,34.76470588235294,5,0.1277819010135278,0.9999999999999999,22,0.018550333000000307
t=0.02|d=0.80|tol=1e-06|iter=1000|words=100|mmr=0.70,train,d069f,converged,0.02,0.8,1e-06,1000,100,True,0.7,0,4,14,0.0,0.0,0.0,0,0,0,100,1.0,331,13715,0.2511214867710336,1,0.0030211480362537764,82.87009063444108,2,0.10646968269015883,0.14942039715156336,12,0.09504425000000083
t=0.02|d=0.80|tol=1e-06|iter=1000|words=100|mmr=0.70,train,d070f,converged,0.02,0.8,1e-06,1000,100,True,0.7,1,7,16,0.14285714285714285,0.0625,0.08695652173913043,1,1,1,100,1.0,167,3139,0.2264627371762499,8,0.04790419161676647,37.59281437125748,9,0.052971820844836065,0.3394669290404032,21,0.04891824999999983
t=0.02|d=0.80|tol=1e-06|iter=1000|words=100|mmr=0.70,train,d071f,converged,0.02,0.8,1e-06,1000,100,True,0.7,0,6,0,0.0,0.0,0.0,0,0,0,100,1.0,155,1238,0.10372852953498114,17,0.10967741935483871,15.974193548387097,22,0.08126598001961324,0.6086420297263238,34,0.058689583999999684
t=0.02|d=0.80|tol=1e-06|iter=1000|words=100|mmr=0.70,train,d072f,converged,0.02,0.8,1e-06,1000,100,True,0.7,0,7,0,0.0,0.0,0.0,0,0,0,100,1.0,378,10214,0.14334835024490197,5,0.013227513227513227,54.042328042328045,7,0.10569254796305809,0.6401152146171181,15,0.095863707999996
t=0.02|d=0.80|tol=1e-06|iter=1000|words=100|mmr=0.70,train,d073b,converged,0.02,0.8,1e-06,1000,100,True,0.7,1,5,12,0.2,0.08333333333333333,0.11764705882352941,0,0,1,100,1.0,253,3704,0.11619298575820315,12,0.04743083003952569,29.280632411067195,18,0.04540607248173141,0.11981376361872152,36,0.06211954199999781
t=0.02|d=0.80|tol=1e-06|iter=1000|words=100|mmr=0.70,train,d074b,converged,0.02,0.8,1e-06,1000,100,True,0.7,0,6,0,0.0,0.0,0.0,0,0,0,100,1.0,256,2940,0.0900735294117647,10,0.0390625,22.96875,22,0.0578714638991911,0.41238301648149467,38,0.05979250000000036
t=0.02|d=0.80|tol=1e-06|iter=1000|words=100|mmr=0.70,train,d075b,converged,0.02,0.8,1e-06,1000,100,True,0.7,1,5,13,0.2,0.07692307692307693,0.1111111111111111,1,1,1,100,1.0,277,10963,0.28679432846753516,1,0.0036101083032490976,79.15523465703971,2,0.15113572749800028,0.39359678862129244,13,0.06691716699999972
t=0.02|d=0.80|tol=1e-06|iter=1000|words=100|mmr=0.70,train,d076b,converged,0.02,0.8,1e-06,1000,100,True,0.7,0,7,13,0.0,0.0,0.0,0,0,0,100,1.0,323,8152,0.15676018691229351,4,0.01238390092879257,50.476780185758514,5,0.09592776240600331,0.2547666691658744,16,0.07160891699999894
t=0.02|d=0.80|tol=1e-06|iter=1000|words=100|mmr=0.70,train,d077b,converged,0.02,0.8,1e-06,1000,100,True,0.7,1,4,14,0.25,0.07142857142857142,0.11111111111111112,0,1,1,99,0.99,340,10608,0.184070796460177,1,0.0029411764705882353,62.4,2,0.12077568172187715,0.1548717551888946,17,0.08583645899999937
t=0.02|d=0.80|tol=1e-06|iter=1000|words=100|mmr=0.70,train,d078b,converged,0.02,0.8,1e-06,1000,100,True,0.7,0,5,0,0.0,0.0,0.0,0,0,0,100,1.0,276,5670,0.14940711462450593,1,0.0036231884057971015,41.08695652173913,2,0.09162436232222049,0.17916059524736813,17,0.0518648749999997
t=0.02|d=0.80|tol=1e-06|iter=1000|words=100|mmr=0.70,train,d079a,converged,0.02,0.8,1e-06,1000,100,True,0.7,1,4,14,0.25,0.07142857142857142,0.11111111111111112,1,1,1,99,0.99,316,11902,0.23914004420333534,1,0.0031645569620253164,75.32911392405063,2,0.08253917533593627,0.2305527285940876,16,0.0888614160000003
t=0.02|d=0.80|tol=1e-06|iter=1000|words=100|mmr=0.70,train,d080a,converged,0.02,0.8,1e-06,1000,100,True,0.7,1,5,10,0.2,0.1,0.13333333333333333,0,1,1,100,1.0,557,23902,0.1543598155586841,3,0.005385996409335727,85.82405745062836,4,0.17500286322707675,0.44325961017662285,17,0.19929462500000028
t=0.02|d=0.80|tol=1e-06|iter=1000|words=100|mmr=0.70,train,d081a,converged,0.02,0.8,1e-06,1000,100,True,0.7,0,5,17,0.0,0.0,0.0,0,0,0,100,1.0,299,9891,0.2220152185136136,8,0.026755852842809364,66.16053511705685,9,0.04557219265185699,0.17295440833658976,22,0.07696895800000192
t=0.02|d=0.80|tol=1e-06|iter=1000|words=100|mmr=0.70,train,d082a,converged,0.02,0.8,1e-06,1000,100,True,0.7,2,4,12,0.5,0.16666666666666666,0.25,1,1,1,100,1.0,209,4162,0.19147957305852042,0,0.0,39.82775119617225,2,0.06259706221261174,0.16886778933960314,14,0.03417204199999446
t=0.02|d=0.80|tol=1e-06|iter=1000|words=100|mmr=0.70,train,d083a,converged,0.02,0.8,1e-06,1000,100,True,0.7,0,4,17,0.0,0.0,0.0,0,0,0,100,1.0,224,5878,0.23534593209481103,1,0.004464285714285714,52.482142857142854,2,0.11609824027842675,0.23149666450745623,20,0.04365849999999938
t=0.02|d=0.80|tol=1e-06|iter=1000|words=100|mmr=0.70,train,d084a,converged,0.02,0.8,1e-06,1000,100,True,0.7,0,7,0,0.0,0.0,0.0,0,0,0,100,1.0,366,14382,0.21531551762856502,2,0.00546448087431694,78.59016393442623,5,0.1015663924408795,0.26512441540086007,22,0.1150471250000038
t=0.02|d=0.80|tol=1e-06|iter=1000|words=100|mmr=0.70,train,d085d,converged,0.02,0.8,1e-06,1000,100,True,0.7,0,5,0,0.0,0.0,0.0,0,0,0,100,1.0,224,4446,0.17801089045483665,1,0.004464285714285714,39.69642857142857,2,0.14240203021260536,0.5758265182499325,18,0.03852220800000339
t=0.02|d=0.80|tol=1e-06|iter=1000|words=100|mmr=0.70,train,d086d,converged,0.02,0.8,1e-06,1000,100,True,0.7,0,3,0,0.0,0.0,0.0,0,0,0,100,1.0,416,18314,0.2121640407784986,0,0.0,88.04807692307692,2,0.00267820437815618,0.00803461313446854,16,0.1252710420000014
t=0.02|d=0.80|tol=1e-06|iter=1000|words=100|mmr=0.70,train,d087d,converged,0.02,0.8,1e-06,1000,100,True,0.7,1,7,17,0.14285714285714285,0.058823529411764705,0.08333333333333333,0,1,1,100,1.0,292,7045,0.16581932872004895,4,0.0136986301369863,48.25342465753425,6,0.045442138418619646,0.22427752557709513,40,0.08671720799999605
t=0.02|d=0.80|tol=1e-06|iter=1000|words=100|mmr=0.70,train,d089d,converged,0.02,0.8,1e-06,1000,100,True,0.7,0,6,18,0.0,0.0,0.0,0,0,0,100,1.0,386,12656,0.170325011775789,2,0.0051813471502590676,65.57512953367876,3,0.06899100443670252,0.20870182526366293,19,0.10614520800000093
t=0.02|d=0.80|tol=1e-06|iter=1000|words=100|mmr=0.70,train,d090d,converged,0.02,0.8,1e-06,1000,100,True,0.7,0,6,0,0.0,0.0,0.0,0,0,0,100,1.0,261,6833,0.20138520483348069,5,0.019157088122605363,52.36015325670498,6,0.23551628618835568,1.0,17,0.057822209000001124
t=0.02|d=0.80|tol=1e-06|iter=1000|words=100|mmr=0.70,train,d091c,converged,0.02,0.8,1e-06,1000,100,True,0.7,1,6,13,0.16666666666666666,0.07692307692307693,0.10526315789473684,0,1,1,100,1.0,280,7766,0.19882232462877625,1,0.0035714285714285713,55.47142857142857,3,0.04301737120655953,0.16965990484051685,21,0.06064620800000142
t=0.02|d=0.80|tol=1e-06|iter=1000|words=100|mmr=0.70,train,d092c,converged,0.02,0.8,1e-06,1000,100,True,0.7,0,5,19,0.0,0.0,0.0,0,0,0,100,1.0,291,5913,0.14013508709562744,11,0.037800687285223365,40.63917525773196,13,0.16519167737035517,0.4173701494751245,29,0.06445391700000158
t=0.02|d=0.80|tol=1e-06|iter=1000|words=100|mmr=0.70,train,d093c,converged,0.02,0.8,1e-06,1000,100,True,0.7,1,7,18,0.14285714285714285,0.05555555555555555,0.08,1,1,1,100,1.0,264,4181,0.12043438184122594,7,0.026515151515151516,31.674242424242426,14,0.08496133886243512,0.45410082900530824,32,0.04945191699999896
t=0.02|d=0.80|tol=1e-06|iter=1000|words=100|mmr=0.70,train,d094c,converged,0.02,0.8,1e-06,1000,100,True,0.7,2,4,10,0.5,0.2,0.28571428571428575,1,1,1,100,1.0,185,3542,0.20810810810810812,5,0.02702702702702703,38.29189189189189,6,0.06627974988669451,0.12669659804914624,16,0.027608292000003587
t=0.02|d=0.80|tol=1e-06|iter=1000|words=100|mmr=0.70,train,d095c,converged,0.02,0.8,1e-06,1000,100,True,0.7,1,5,13,0.2,0.07692307692307693,0.1111111111111111,0,0,1,99,0.99,240,4223,0.14724546722454673,4,0.016666666666666666,35.19166666666667,5,0.07469251204041197,0.265407035830987,21,0.040754874999997526
t=0.02|d=0.80|tol=1e-06|iter=1000|words=100|mmr=0.70,train,d096c,converged,0.02,0.8,1e-06,1000,100,True,0.7,1,12,15,0.08333333333333333,0.06666666666666667,0.07407407407407407,0,0,0,100,1.0,274,5372,0.14363252319456699,11,0.040145985401459854,39.21167883211679,17,0.14437723584712367,1.0,24,0.053232790999999224
t=0.02|d=0.80|tol=1e-06|iter=1000|words=100|mmr=0.70,train,d097e,converged,0.02,0.8,1e-06,1000,100,True,0.7,0,5,0,0.0,0.0,0.0,0,0,0,100,1.0,225,4651,0.18456349206349207,3,0.013333333333333334,41.34222222222222,4,0.03480704537638372,0.24086354009587335,18,0.05529829199999625
t=0.02|d=0.80|tol=1e-06|iter=1000|words=100|mmr=0.70,train,d098e,converged,0.02,0.8,1e-06,1000,100,True,0.7,0,4,0,0.0,0.0,0.0,0,0,0,100,1.0,454,19366,0.18832842236290612,1,0.0022026431718061676,85.31277533039648,4,0.04946827207037862,0.11936630012097926,20,0.1585476250000042
t=0.02|d=0.80|tol=1e-06|iter=1000|words=100|mmr=0.70,train,d099e,converged,0.02,0.8,1e-06,1000,100,True,0.7,2,4,20,0.5,0.1,0.16666666666666669,0,1,1,100,1.0,469,12534,0.11420917391066644,12,0.0255863539445629,53.449893390191896,15,0.0761726512431724,0.2092957886755061,22,0.1319181659999984
t=0.02|d=0.80|tol=1e-06|iter=1000|words=100|mmr=0.70,train,d100e,converged,0.02,0.8,1e-06,1000,100,True,0.7,0,5,10,0.0,0.0,0.0,0,0,0,100,1.0,592,20820,0.11901495404033476,11,0.018581081081081082,70.33783783783784,12,0.05557061006883156,0.2570884255951601,21,0.20538062499999654
t=0.02|d=0.80|tol=1e-06|iter=1000|words=100|mmr=0.70,train,d101e,converged,0.02,0.8,1e-06,1000,100,True,0.7,1,6,10,0.16666666666666666,0.1,0.125,0,0,1,100,1.0,514,15876,0.12041777595740323,12,0.023346303501945526,61.77431906614786,20,0.0363764858387686,0.15412488981132985,37,0.1885532919999946
t=0.02|d=0.80|tol=1e-06|iter=1000|words=100|mmr=0.70,train,d102e,converged,0.02,0.8,1e-06,1000,100,True,0.7,0,7,16,0.0,0.0,0.0,0,0,0,100,1.0,678,30836,0.1343598994348658,3,0.004424778761061947,90.96165191740413,5,0.09378986319781865,0.2182847832217777,36,0.363752667
t=0.02|d=0.80|tol=1e-06|iter=1000|words=100|mmr=0.70,train,d103g,converged,0.02,0.8,1e-06,1000,100,True,0.7,0,9,18,0.0,0.0,0.0,0,0,0,100,1.0,219,4611,0.19316325248209124,8,0.0365296803652968,42.10958904109589,10,0.09878986517077659,1.0,26,0.04311970799999898
t=0.02|d=0.80|tol=1e-06|iter=1000|words=100|mmr=0.70,train,d104g,converged,0.02,0.8,1e-06,1000,100,True,0.7,0,7,0,0.0,0.0,0.0,0,0,0,100,1.0,352,14370,0.23261460761460762,0,0.0,81.64772727272727,1,0.10710099299344258,0.26471794472401455,21,0.09981750000000034
t=0.02|d=0.80|tol=1e-06|iter=1000|words=100|mmr=0.70,train,d105g,converged,0.02,0.8,1e-06,1000,100,True,0.7,0,4,11,0.0,0.0,0.0,0,0,0,100,1.0,266,5909,0.16765498652291105,4,0.015037593984962405,44.42857142857143,5,0.04045106851263574,0.08887360414854518,26,0.059929291999999634
t=0.02|d=0.80|tol=1e-06|iter=1000|words=100|mmr=0.70,train,d106g,converged,0.02,0.8,1e-06,1000,100,True,0.7,0,5,0,0.0,0.0,0.0,0,0,0,100,1.0,237,4067,0.14542658943002218,16,0.06751054852320675,34.32067510548523,17,0.0781676414471939,0.23708289736651472,23,0.03960841699999662
t=0.02|d=0.80|tol=1e-06|iter=1000|words=100|mmr=0.70,train,d107g,converged,0.02,0.8,1e-06,1000,100,True,0.7,2,5,12,0.4,0.16666666666666666,0.23529411764705882,1,1,1,100,1.0,271,4750,0.12983463167965012,4,0.014760147601476014,35.055350553505534,5,0.03857552325482258,0.10292341710174052,21,0.04950133400000567
t=0.02|d=0.80|tol=1e-06|iter=1000|words=100|mmr=0.70,train,d108g,converged,0.02,0.8,1e-06,1000,100,True,0.7,0,5,0,0.0,0.0,0.0,0,0,0,100,1.0,216,5330,0.22954349698535745,6,0.027777777777777776,49.351851851851855,7,0.06312044501901114,0.18545858619457245,25,0.04232874999999581
t=0.02|d=0.80|tol=1e-06|iter=1000|words=100|mmr=0.70,train,d109h,converged,0.02,0.8,1e-06,1000,100,True,0.7,1,5,20,0.2,0.05,0.08000000000000002,0,0,1,99,0.99,143,3351,0.3300502314586822,0,0.0,46.86713286713287,1,0.02721052841462392,0.18993614624064137,16,0.021578957999999204
t=0.02|d=0.80|tol=1e-06|iter=1000|words=100|mmr=0.70,train,d110h,converged,0.02,0.8,1e-06,1000,100,True,0.7,0,6,20,0.0,0.0,0.0,0,0,0,100,1.0,453,23110,0.22573209087889975,2,0.004415011037527594,102.03090507726269,4,0.04803720951680733,0.18720551569166563,18,0.1598654169999989
t=0.02|d=0.80|tol=1e-06|iter=1000|words=100|mmr=0.70,train,d111h,converged,0.02,0.8,1e-06,1000,100,True,0.7,1,5,14,0.2,0.07142857142857142,0.10526315789473682,1,1,1,100,1.0,214,2837,0.12447896099337458,5,0.02336448598130841,26.514018691588785,6,0.0483479830087984,0.205259286881504,18,0.03126575000000287
t=0.02|d=0.80|tol=1e-08|iter=100|words=100|mmr=0.70,train,d061j,converged,0.02,0.8,1e-08,100,100,True,0.7,1,5,18,0.2,0.05555555555555555,0.08695652173913045,0,0,1,99,0.99,186,4037,0.23464109270560884,1,0.005376344086021506,43.40860215053763,2,0.13429842620730287,0.45430454776676077,27,0.034967582999996694
t=0.02|d=0.80|tol=1e-08|iter=100|words=100|mmr=0.70,train,d062j,converged,0.02,0.8,1e-08,100,100,True,0.7,0,6,0,0.0,0.0,0.0,0,0,0,98,0.98,120,1653,0.23151260504201682,2,0.016666666666666666,27.55,3,0.07196848072945318,0.24710351783829648,21,0.01486824999999925
t=0.02|d=0.80|tol=1e-08|iter=100|words=100|mmr=0.70,train,d063j,converged,0.02,0.8,1e-08,100,100,True,0.7,0,3,18,0.0,0.0,0.0,0,0,0,100,1.0,253,4848,0.1520798042537173,3,0.011857707509881422,38.32411067193676,4,0.22152607046561681,0.3530378592180876,33,0.05393124999999799
t=0.02|d=0.80|tol=1e-08|iter=100|words=100|mmr=0.70,train,d064j,converged,0.02,0.8,1e-08,100,100,True,0.7,1,7,19,0.14285714285714285,0.05263157894736842,0.07692307692307693,1,1,1,100,1.0,199,3319,0.1684686056545353,2,0.010050251256281407,33.35678391959799,3,0.05058519596002425,0.17190936472085516,19,0.031028040999999007
t=0.02|d=0.80|tol=1e-08|iter=100|words=100|mmr=0.70,train,d065j,converged,0.02,0.8,1e-08,100,100,True,0.7,1,5,12,0.2,0.08333333333333333,0.11764705882352941,1,1,1,100,1.0,309,6864,0.14424410540915394,13,0.042071197411003236,44.42718446601942,15,0.06346017987190197,0.14503770614306322,32,0.07508258299999682
t=0.02|d=0.80|tol=1e-08|iter=100|words=100|mmr=0.70,train,d066j,converged,0.02,0.8,1e-08,100,100,True,0.7,0,5,19,0.0,0.0,0.0,0,0,0,100,1.0,204,3853,0.18608132908335748,5,0.024509803921568627,37.77450980392157,6,0.04248254556818008,0.23638592932847835,43,0.046768374999999196
t=0.02|d=0.80|tol=1e-08|iter=100|words=100|mmr=0.70,train,d067f,converged,0.02,0.8,1e-08,100,100,True,0.7,0,3,0,0.0,0.0,0.0,0,0,0,99,0.99,134,2185,0.24520255863539445,3,0.022388059701492536,32.61194029850746,4,0.1033119210570852,0.1670610438990799,49,0.027242499999999836
t=0.02|d=0.80|tol=1e-08|iter=100|words=100|mmr=0.70,train,d068f,converged,0.02,0.8,1e-08,100,100,True,0.7,0,7,0,0.0,0.0,0.0,0,0,0,100,1.0,136,2364,0.257516339869281,4,0.029411764705882353,34.76470588235294,5,0.1277819010135278,0.9999999999999999,32,0.022284083999998927
t=0.02|d=0.80|tol=1e-08|iter=100|words=100|mmr=0.70,train,d069f,converged,0.02,0.8,1e-08,100,100,True,0.7,0,4,14,0.0,0.0,0.0,0,0,0,100,1.0,331,13715,0.2511214867710336,1,0.0030211480362537764,82.87009063444108,2,0.10646968269015883,0.14942039715156336,16,0.09289575000000383
t=0.02|d=0.80|tol=1e-08|iter=100|words=100|mmr=0.70,train,d070f,converged,0.02,0.8,1e-08,100,100,True,0.7,1,7,16,0.14285714285714285,0.0625,0.08695652173913043,1,1,1,100,1.0,167,3139,0.2264627371762499,8,0.04790419161676647,37.59281437125748,9,0.052971820844836065,0.3394669290404032,30,0.02924254100000212
t=0.02|d=0.80|tol=1e-08|iter=100|words=100|mmr=0.70,train,d071f,converged,0.02,0.8,1e-08,100,100,True,0.7,0,6,0,0.0,0.0,0.0,0,0,0,100,1.0,155,1238,0.10372852953498114,17,0.10967741935483871,15.974193548387097,22,0.08126598001961324,0.6086420297263238,51,0.021121416999996256
t=0.02|d=0.80|tol=1e-08|iter=100|words=100|mmr=0.70,train,d072f,converged,0.02,0.8,1e-08,100,100,True,0.7,0,7,0,0.0,0.0,0.0,0,0,0,100,1.0,378,10214,0.14334835024490197,5,0.013227513227513227,54.042328042328045,7,0.10569254796305809,0.6401152146171181,21,0.10608091599999625
t=0.02|d=0.80|tol=1e-08|iter=100|words=100|mmr=0.70,train,d073b,converged,0.02,0.8,1e-08,100,100,True,0.7,1,5,12,0.2,0.08333333333333333,0.11764705882352941,0,0,1,100,1.0,253,3704,0.11619298575820315,12,0.04743083003952569,29.280632411067195,18,0.04540607248173141,0.11981376361872152,54,0.05632070799999411
t=0.02|d=0.80|tol=1e-08|iter=100|words=100|mmr=0.70,train,d074b,converged,0.02,0.8,1e-08,100,100,True,0.7,0,6,0,0.0,0.0,0.0,0,0,0,100,1.0,256,2940,0.0900735294117647,10,0.0390625,22.96875,22,0.0578714638991911,0.41238301648149467,56,0.0542365000000018
t=0.02|d=0.80|tol=1e-08|iter=100|words=100|mmr=0.70,train,d075b,converged,0.02,0.8,1e-08,100,100,True,0.7,1,5,13,0.2,0.07692307692307693,0.1111111111111111,1,1,1,100,1.0,277,10963,0.28679432846753516,1,0.0036101083032490976,79.15523465703971,2,0.15113572749800028,0.39359678862129244,19,0.09028466699999882
t=0.02|d=0.80|tol=1e-08|iter=100|words=100|mmr=0.70,train,d076b,converged,0.02,0.8,1e-08,100,100,True,0.7,0,7,13,0.0,0.0,0.0,0,0,0,100,1.0,323,8152,0.15676018691229351,4,0.01238390092879257,50.476780185758514,5,0.09592776240600331,0.2547666691658744,23,0.07698858300000211
t=0.02|d=0.80|tol=1e-08|iter=100|words=100|mmr=0.70,train,d077b,converged,0.02,0.8,1e-08,100,100,True,0.7,1,4,14,0.25,0.07142857142857142,0.11111111111111112,0,1,1,99,0.99,340,10608,0.184070796460177,1,0.0029411764705882353,62.4,2,0.12077568172187715,0.1548717551888946,23,0.0893951250000029
t=0.02|d=0.80|tol=1e-08|iter=100|words=100|mmr=0.70,train,d078b,converged,0.02,0.8,1e-08,100,100,True,0.7,0,5,0,0.0,0.0,0.0,0,0,0,100,1.0,276,5670,0.14940711462450593,1,0.0036231884057971015,41.08695652173913,2,0.09162436232222049,0.17916059524736813,24,0.057654916000004164
t=0.02|d=0.80|tol=1e-08|iter=100|words=100|mmr=0.70,train,d079a,converged,0.02,0.8,1e-08,100,100,True,0.7,1,4,14,0.25,0.07142857142857142,0.11111111111111112,1,1,1,99,0.99,316,11902,0.23914004420333534,1,0.0031645569620253164,75.32911392405063,2,0.08253917533593627,0.2305527285940876,23,0.09121349999999495
t=0.02|d=0.80|tol=1e-08|iter=100|words=100|mmr=0.70,train,d080a,converged,0.02,0.8,1e-08,100,100,True,0.7,1,5,10,0.2,0.1,0.13333333333333333,0,1,1,100,1.0,557,23902,0.1543598155586841,3,0.005385996409335727,85.82405745062836,4,0.17500286322707675,0.44325961017662285,24,0.2291836659999973
t=0.02|d=0.80|tol=1e-08|iter=100|words=100|mmr=0.70,train,d081a,converged,0.02,0.8,1e-08,100,100,True,0.7,0,5,17,0.0,0.0,0.0,0,0,0,100,1.0,299,9891,0.2220152185136136,8,0.026755852842809364,66.16053511705685,9,0.04557219265185699,0.17295440833658976,36,0.11571958400000426
t=0.02|d=0.80|tol=1e-08|iter=100|words=100|mmr=0.70,train,d082a,converged,0.02,0.8,1e-08,100,100,True,0.7,2,4,12,0.5,0.16666666666666666,0.25,1,1,1,100,1.0,209,4162,0.19147957305852042,0,0.0,39.82775119617225,2,0.06259706221261174,0.16886778933960314,19,0.03828137500000395
t=0.02|d=0.80|tol=1e-08|iter=100|words=100|mmr=0.70,train,d083a,converged,0.02,0.8,1e-08,100,100,True,0.7,0,4,17,0.0,0.0,0.0,0,0,0,100,1.0,224,5878,0.23534593209481103,1,0.004464285714285714,52.482142857142854,2,0.11609824027842675,0.23149666450745623,31,0.05623141699999934
t=0.02|d=0.80|tol=1e-08|iter=100|words=100|mmr=0.70,train,d084a,converged,0.02,0.8,1e-08,100,100,True,0.7,0,7,0,0.0,0.0,0.0,0,0,0,100,1.0,366,14382,0.21531551762856502,2,0.00546448087431694,78.59016393442623,5,0.1015663924408795,0.26512441540086007,33,0.1367835839999998
t=0.02|d=0.80|tol=1e-08|iter=100|words=100|mmr=0.70,train,d085d,converged,0.02,0.8,1e-08,100,100,True,0.7,0,5,0,0.0,0.0,0.0,0,0,0,100,1.0,224,4446,0.17801089045483665,1,0.004464285714285714,39.69642857142857,2,0.14240203021260536,0.5758265182499325,25,0.04345683300000047
t=0.02|d=0.80|tol=1e-08|iter=100|words=100|mmr=0.70,train,d086d,converged,0.02,0.8,1e-08,100,100,True,0.7,0,3,0,0.0,0.0,0.0,0,0,0,100,1.0,416,18314,0.2121640407784986,0,0.0,88.04807692307692,2,0.00267820437815618,0.00803461313446854,24,0.15004737499999976
t=0.02|d=0.80|tol=1e-08|iter=100|words=100|mmr=0.70,train,d087d,converged,0.02,0.8,1e-08,100,100,True,0.7,1,7,17,0.14285714285714285,0.058823529411764705,0.08333333333333333,0,1,1,100,1.0,292,7045,0.16581932872004895,4,0.0136986301369863,48.25342465753425,6,0.045442138418619646,0.22427752557709513,61,0.11020295899999866
t=0.02|d=0.80|tol=1e-08|iter=100|words=100|mmr=0.70,train,d089d,converged,0.02,0.8,1e-08,100,100,True,0.7,0,6,18,0.0,0.0,0.0,0,0,0,100,1.0,386,12656,0.170325011775789,2,0.0051813471502590676,65.57512953367876,3,0.06899100443670252,0.20870182526366293,27,0.12215175000000045
t=0.02|d=0.80|tol=1e-08|iter=100|words=100|mmr=0.70,train,d090d,converged,0.02,0.8,1e-08,100,100,True,0.7,0,6,0,0.0,0.0,0.0,0,0,0,100,1.0,261,6833,0.20138520483348069,5,0.019157088122605363,52.36015325670498,6,0.23551628618835568,1.0,23,0.05696479200000226
t=0.02|d=0.80|tol=1e-08|iter=100|words=100|mmr=0.70,train,d091c,converged,0.02,0.8,1e-08,100,100,True,0.7,1,6,13,0.16666666666666666,0.07692307692307693,0.10526315789473684,0,1,1,100,1.0,280,7766,0.19882232462877625,1,0.0035714285714285713,55.47142857142857,3,0.1096840378732262,1.0,31,0.07256191700000159
t=0.02|d=0.80|tol=1e-08|iter=100|words=100|mmr=0.70,train,d092c,converged,0.02,0.8,1e-08,100,100,True,0.7,0,5,19,0.0,0.0,0.0,0,0,0,100,1.0,291,5913,0.14013508709562744,11,0.037800687285223365,40.63917525773196,13,0.16519167737035517,0.4173701494751245,45,0.08515879099999779
t=0.02|d=0.80|tol=1e-08|iter=100|words=100|mmr=0.70,train,d093c,converged,0.02,0.8,1e-08,100,100,True,0.7,1,7,18,0.14285714285714285,0.05555555555555555,0.08,1,1,1,100,1.0,264,4181,0.12043438184122594,7,0.026515151515151516,31.674242424242426,14,0.08496133886243512,0.45410082900530824,47,0.06997912499999615
t=0.02|d=0.80|tol=1e-08|iter=100|words=100|mmr=0.70,train,d094c,converged,0.02,0.8,1e-08,100,100,True,0.7,2,4,10,0.5,0.2,0.28571428571428575,1,1,1,100,1.0,185,3542,0.20810810810810812,5,0.02702702702702703,38.29189189189189,6,0.06627974988669451,0.12669659804914624,23,0.036264459000001636
t=0.02|d=0.80|tol=1e-08|iter=100|words=100|mmr=0.70,train,d095c,converged,0.02,0.8,1e-08,100,100,True,0.7,1,5,13,0.2,0.07692307692307693,0.1111111111111111,0,0,1,99,0.99,240,4223,0.14724546722454673,4,0.016666666666666666,35.19166666666667,5,0.07469251204041197,0.265407035830987,31,0.04821041699999995
t=0.02|d=0.80|tol=1e-08|iter=100|words=100|mmr=0.70,train,d096c,converged,0.02,0.8,1e-08,100,100,True,0.7,1,12,15,0.08333333333333333,0.06666666666666667,0.07407407407407407,0,0,0,100,1.0,274,5372,0.14363252319456699,11,0.040145985401459854,39.21167883211679,17,0.14437723584712367,1.0,37,0.0634798339999989
t=0.02|d=0.80|tol=1e-08|iter=100|words=100|mmr=0.70,train,d097e,converged,0.02,0.8,1e-08,100,100,True,0.7,0,5,0,0.0,0.0,0.0,0,0,0,100,1.0,225,4651,0.18456349206349207,3,0.013333333333333334,41.34222222222222,4,0.03480704537638372,0.24086354009587335,24,0.044382709000004184
t=0.02|d=0.80|tol=1e-08|iter=100|words=100|mmr=0.70,train,d098e,converged,0.02,0.8,1e-08,100,100,True,0.7,0,4,0,0.0,0.0,0.0,0,0,0,100,1.0,454,19366,0.18832842236290612,1,0.0022026431718061676,85.31277533039648,4,0.04946827207037862,0.11936630012097926,32,0.19373629200000408
t=0.02|d=0.80|tol=1e-08|iter=100|words=100|mmr=0.70,train,d099e,converged,0.02,0.8,1e-08,100,100,True,0.7,2,4,20,0.5,0.1,0.16666666666666669,0,1,1,100,1.0,469,12534,0.11420917391066644,12,0.0255863539445629,53.449893390191896,15,0.0761726512431724,0.2092957886755061,36,0.1649726249999972
t=0.02|d=0.80|tol=1e-08|iter=100|words=100|mmr=0.70,train,d100e,converged,0.02,0.8,1e-08,100,100,True,0.7,0,5,10,0.0,0.0,0.0,0,0,0,100,1.0,592,20820,0.11901495404033476,11,0.018581081081081082,70.33783783783784,12,0.05557061006883156,0.2570884255951601,32,0.24163845799999706
t=0.02|d=0.80|tol=1e-08|iter=100|words=100|mmr=0.70,train,d101e,converged,0.02,0.8,1e-08,100,100,True,0.7,1,6,10,0.16666666666666666,0.1,0.125,0,0,1,100,1.0,514,15876,0.12041777595740323,12,0.023346303501945526,61.77431906614786,20,0.0363764858387686,0.15412488981132985,55,0.24146574999999615
t=0.02|d=0.80|tol=1e-08|iter=100|words=100|mmr=0.70,train,d102e,converged,0.02,0.8,1e-08,100,100,True,0.7,0,8,16,0.0,0.0,0.0,0,0,0,100,1.0,678,30836,0.1343598994348658,3,0.004424778761061947,90.96165191740413,5,0.08890516187081181,0.2182847832217777,57,0.4727620419999994
t=0.02|d=0.80|tol=1e-08|iter=100|words=100|mmr=0.70,train,d103g,converged,0.02,0.8,1e-08,100,100,True,0.7,0,9,18,0.0,0.0,0.0,0,0,0,100,1.0,219,4611,0.19316325248209124,8,0.0365296803652968,42.10958904109589,10,0.09878986517077659,1.0,42,0.05412791700000241
t=0.02|d=0.80|tol=1e-08|iter=100|words=100|mmr=0.70,train,d104g,converged,0.02,0.8,1e-08,100,100,True,0.7,0,7,0,0.0,0.0,0.0,0,0,0,100,1.0,352,14370,0.23261460761460762,0,0.0,81.64772727272727,1,0.10710099299344258,0.26471794472401455,32,0.12532570899999484
t=0.02|d=0.80|tol=1e-08|iter=100|words=100|mmr=0.70,train,d105g,converged,0.02,0.8,1e-08,100,100,True,0.7,0,4,11,0.0,0.0,0.0,0,0,0,100,1.0,266,5909,0.16765498652291105,4,0.015037593984962405,44.42857142857143,5,0.04045106851263574,0.08887360414854518,44,0.07750654200000184
t=0.02|d=0.80|tol=1e-08|iter=100|words=100|mmr=0.70,train,d106g,converged,0.02,0.8,1e-08,100,100,True,0.7,0,5,0,0.0,0.0,0.0,0,0,0,100,1.0,237,4067,0.14542658943002218,16,0.06751054852320675,34.32067510548523,17,0.0781676414471939,0.23708289736651472,34,0.0466993329999994
t=0.02|d=0.80|tol=1e-08|iter=100|words=100|mmr=0.70,train,d107g,converged,0.02,0.8,1e-08,100,100,True,0.7,2,5,12,0.4,0.16666666666666666,0.23529411764705882,1,1,1,100,1.0,271,4750,0.12983463167965012,4,0.014760147601476014,35.055350553505534,5,0.03857552325482258,0.10292341710174052,31,0.05688225000000102
t=0.02|d=0.80|tol=1e-08|iter=100|words=100|mmr=0.70,train,d108g,converged,0.02,0.8,1e-08,100,100,True,0.7,0,5,0,0.0,0.0,0.0,0,0,0,100,1.0,216,5330,0.22954349698535745,6,0.027777777777777776,49.351851851851855,7,0.06312044501901114,0.18545858619457245,40,0.055113208999998164
t=0.02|d=0.80|tol=1e-08|iter=100|words=100|mmr=0.70,train,d109h,converged,0.02,0.8,1e-08,100,100,True,0.7,1,5,20,0.2,0.05,0.08000000000000002,0,0,1,99,0.99,143,3351,0.3300502314586822,0,0.0,46.86713286713287,1,0.02721052841462392,0.18993614624064137,23,0.025889332999994963
t=0.02|d=0.80|tol=1e-08|iter=100|words=100|mmr=0.70,train,d110h,converged,0.02,0.8,1e-08,100,100,True,0.7,0,6,20,0.0,0.0,0.0,0,0,0,100,1.0,453,23110,0.22573209087889975,2,0.004415011037527594,102.03090507726269,4,0.04803720951680733,0.18720551569166563,28,0.19669658299999782
t=0.02|d=0.80|tol=1e-08|iter=100|words=100|mmr=0.70,train,d111h,converged,0.02,0.8,1e-08,100,100,True,0.7,1,5,14,0.2,0.07142857142857142,0.10526315789473682,1,1,1,100,1.0,214,2837,0.12447896099337458,5,0.02336448598130841,26.514018691588785,6,0.0483479830087984,0.205259286881504,26,0.03514004200000187
t=0.02|d=0.80|tol=1e-08|iter=300|words=100|mmr=0.70,train,d061j,converged,0.02,0.8,1e-08,300,100,True,0.7,1,5,18,0.2,0.05555555555555555,0.08695652173913045,0,0,1,99,0.99,186,4037,0.23464109270560884,1,0.005376344086021506,43.40860215053763,2,0.13429842620730287,0.45430454776676077,27,0.0479185419999979
t=0.02|d=0.80|tol=1e-08|iter=300|words=100|mmr=0.70,train,d062j,converged,0.02,0.8,1e-08,300,100,True,0.7,0,6,0,0.0,0.0,0.0,0,0,0,98,0.98,120,1653,0.23151260504201682,2,0.016666666666666666,27.55,3,0.07196848072945318,0.24710351783829648,21,0.017586041999997803
t=0.02|d=0.80|tol=1e-08|iter=300|words=100|mmr=0.70,train,d063j,converged,0.02,0.8,1e-08,300,100,True,0.7,0,3,18,0.0,0.0,0.0,0,0,0,100,1.0,253,4848,0.1520798042537173,3,0.011857707509881422,38.32411067193676,4,0.22152607046561681,0.3530378592180876,33,0.05446262499999932
t=0.02|d=0.80|tol=1e-08|iter=300|words=100|mmr=0.70,train,d064j,converged,0.02,0.8,1e-08,300,100,True,0.7,1,7,19,0.14285714285714285,0.05263157894736842,0.07692307692307693,1,1,1,100,1.0,199,3319,0.1684686056545353,2,0.010050251256281407,33.35678391959799,3,0.05058519596002425,0.17190936472085516,19,0.03092670799999553
t=0.02|d=0.80|tol=1e-08|iter=300|words=100|mmr=0.70,train,d065j,converged,0.02,0.8,1e-08,300,100,True,0.7,1,5,12,0.2,0.08333333333333333,0.11764705882352941,1,1,1,100,1.0,309,6864,0.14424410540915394,13,0.042071197411003236,44.42718446601942,15,0.06346017987190197,0.14503770614306322,32,0.07552170900000021
t=0.02|d=0.80|tol=1e-08|iter=300|words=100|mmr=0.70,train,d066j,converged,0.02,0.8,1e-08,300,100,True,0.7,0,5,19,0.0,0.0,0.0,0,0,0,100,1.0,204,3853,0.18608132908335748,5,0.024509803921568627,37.77450980392157,6,0.04248254556818008,0.23638592932847835,43,0.04636275000000012
t=0.02|d=0.80|tol=1e-08|iter=300|words=100|mmr=0.70,train,d067f,converged,0.02,0.8,1e-08,300,100,True,0.7,0,3,0,0.0,0.0,0.0,0,0,0,99,0.99,134,2185,0.24520255863539445,3,0.022388059701492536,32.61194029850746,4,0.1033119210570852,0.1670610438990799,49,0.02772066699999698
t=0.02|d=0.80|tol=1e-08|iter=300|words=100|mmr=0.70,train,d068f,converged,0.02,0.8,1e-08,300,100,True,0.7,0,7,0,0.0,0.0,0.0,0,0,0,100,1.0,136,2364,0.257516339869281,4,0.029411764705882353,34.76470588235294,5,0.1277819010135278,0.9999999999999999,32,0.02200529199999579
t=0.02|d=0.80|tol=1e-08|iter=300|words=100|mmr=0.70,train,d069f,converged,0.02,0.8,1e-08,300,100,True,0.7,0,4,14,0.0,0.0,0.0,0,0,0,100,1.0,331,13715,0.2511214867710336,1,0.0030211480362537764,82.87009063444108,2,0.10646968269015883,0.14942039715156336,16,0.09292454199999867
t=0.02|d=0.80|tol=1e-08|iter=300|words=100|mmr=0.70,train,d070f,converged,0.02,0.8,1e-08,300,100,True,0.7,1,7,16,0.14285714285714285,0.0625,0.08695652173913043,1,1,1,100,1.0,167,3139,0.2264627371762499,8,0.04790419161676647,37.59281437125748,9,0.052971820844836065,0.3394669290404032,30,0.03001029200000005
t=0.02|d=0.80|tol=1e-08|iter=300|words=100|mmr=0.70,train,d071f,converged,0.02,0.8,1e-08,300,100,True,0.7,0,6,0,0.0,0.0,0.0,0,0,0,100,1.0,155,1238,0.10372852953498114,17,0.10967741935483871,15.974193548387097,22,0.08126598001961324,0.6086420297263238,51,0.020987875000002987
t=0.02|d=0.80|tol=1e-08|iter=300|words=100|mmr=0.70,train,d072f,converged,0.02,0.8,1e-08,300,100,True,0.7,0,7,0,0.0,0.0,0.0,0,0,0,100,1.0,378,10214,0.14334835024490197,5,0.013227513227513227,54.042328042328045,7,0.10569254796305809,0.6401152146171181,21,0.10274087499999496
t=0.02|d=0.80|tol=1e-08|iter=300|words=100|mmr=0.70,train,d073b,converged,0.02,0.8,1e-08,300,100,True,0.7,1,5,12,0.2,0.08333333333333333,0.11764705882352941,0,0,1,100,1.0,253,3704,0.11619298575820315,12,0.04743083003952569,29.280632411067195,18,0.04540607248173141,0.11981376361872152,54,0.05681716699999839
t=0.02|d=0.80|tol=1e-08|iter=300|words=100|mmr=0.70,train,d074b,converged,0.02,0.8,1e-08,300,100,True,0.7,0,6,0,0.0,0.0,0.0,0,0,0,100,1.0,256,2940,0.0900735294117647,10,0.0390625,22.96875,22,0.0578714638991911,0.41238301648149467,56,0.06695958400000279
t=0.02|d=0.80|tol=1e-08|iter=300|words=100|mmr=0.70,train,d075b,converged,0.02,0.8,1e-08,300,100,True,0.7,1,5,13,0.2,0.07692307692307693,0.1111111111111111,1,1,1,100,1.0,277,10963,0.28679432846753516,1,0.0036101083032490976,79.15523465703971,2,0.15113572749800028,0.39359678862129244,19,0.07089599999999763
t=0.02|d=0.80|tol=1e-08|iter=300|words=100|mmr=0.70,train,d076b,converged,0.02,0.8,1e-08,300,100,True,0.7,0,7,13,0.0,0.0,0.0,0,0,0,100,1.0,323,8152,0.15676018691229351,4,0.01238390092879257,50.476780185758514,5,0.09592776240600331,0.2547666691658744,23,0.07887666599999932
t=0.02|d=0.80|tol=1e-08|iter=300|words=100|mmr=0.70,train,d077b,converged,0.02,0.8,1e-08,300,100,True,0.7,1,4,14,0.25,0.07142857142857142,0.11111111111111112,0,1,1,99,0.99,340,10608,0.184070796460177,1,0.0029411764705882353,62.4,2,0.12077568172187715,0.1548717551888946,23,0.09124904199999406
t=0.02|d=0.80|tol=1e-08|iter=300|words=100|mmr=0.70,train,d078b,converged,0.02,0.8,1e-08,300,100,True,0.7,0,5,0,0.0,0.0,0.0,0,0,0,100,1.0,276,5670,0.14940711462450593,1,0.0036231884057971015,41.08695652173913,2,0.09162436232222049,0.17916059524736813,24,0.06100587499999932
t=0.02|d=0.80|tol=1e-08|iter=300|words=100|mmr=0.70,train,d079a,converged,0.02,0.8,1e-08,300,100,True,0.7,1,4,14,0.25,0.07142857142857142,0.11111111111111112,1,1,1,99,0.99,316,11902,0.23914004420333534,1,0.0031645569620253164,75.32911392405063,2,0.08253917533593627,0.2305527285940876,23,0.09820370799999978
t=0.02|d=0.80|tol=1e-08|iter=300|words=100|mmr=0.70,train,d080a,converged,0.02,0.8,1e-08,300,100,True,0.7,1,5,10,0.2,0.1,0.13333333333333333,0,1,1,100,1.0,557,23902,0.1543598155586841,3,0.005385996409335727,85.82405745062836,4,0.17500286322707675,0.44325961017662285,24,0.24385066600000016
t=0.02|d=0.80|tol=1e-08|iter=300|words=100|mmr=0.70,train,d081a,converged,0.02,0.8,1e-08,300,100,True,0.7,0,5,17,0.0,0.0,0.0,0,0,0,100,1.0,299,9891,0.2220152185136136,8,0.026755852842809364,66.16053511705685,9,0.04557219265185699,0.17295440833658976,36,0.10245004199999386
t=0.02|d=0.80|tol=1e-08|iter=300|words=100|mmr=0.70,train,d082a,converged,0.02,0.8,1e-08,300,100,True,0.7,2,4,12,0.5,0.16666666666666666,0.25,1,1,1,100,1.0,209,4162,0.19147957305852042,0,0.0,39.82775119617225,2,0.06259706221261174,0.16886778933960314,19,0.039162666000002844
t=0.02|d=0.80|tol=1e-08|iter=300|words=100|mmr=0.70,train,d083a,converged,0.02,0.8,1e-08,300,100,True,0.7,0,4,17,0.0,0.0,0.0,0,0,0,100,1.0,224,5878,0.23534593209481103,1,0.004464285714285714,52.482142857142854,2,0.11609824027842675,0.23149666450745623,31,0.05437004199999507
t=0.02|d=0.80|tol=1e-08|iter=300|words=100|mmr=0.70,train,d084a,converged,0.02,0.8,1e-08,300,100,True,0.7,0,7,0,0.0,0.0,0.0,0,0,0,100,1.0,366,14382,0.21531551762856502,2,0.00546448087431694,78.59016393442623,5,0.1015663924408795,0.26512441540086007,33,0.1452325839999986
t=0.02|d=0.80|tol=1e-08|iter=300|words=100|mmr=0.70,train,d085d,converged,0.02,0.8,1e-08,300,100,True,0.7,0,5,0,0.0,0.0,0.0,0,0,0,100,1.0,224,4446,0.17801089045483665,1,0.004464285714285714,39.69642857142857,2,0.14240203021260536,0.5758265182499325,25,0.04523041699999908
t=0.02|d=0.80|tol=1e-08|iter=300|words=100|mmr=0.70,train,d086d,converged,0.02,0.8,1e-08,300,100,True,0.7,0,3,0,0.0,0.0,0.0,0,0,0,100,1.0,416,18314,0.2121640407784986,0,0.0,88.04807692307692,2,0.00267820437815618,0.00803461313446854,24,0.15561841699999945
t=0.02|d=0.80|tol=1e-08|iter=300|words=100|mmr=0.70,train,d087d,converged,0.02,0.8,1e-08,300,100,True,0.7,1,7,17,0.14285714285714285,0.058823529411764705,0.08333333333333333,0,1,1,100,1.0,292,7045,0.16581932872004895,4,0.0136986301369863,48.25342465753425,6,0.045442138418619646,0.22427752557709513,61,0.11489233300000024
t=0.02|d=0.80|tol=1e-08|iter=300|words=100|mmr=0.70,train,d089d,converged,0.02,0.8,1e-08,300,100,True,0.7,0,6,18,0.0,0.0,0.0,0,0,0,100,1.0,386,12656,0.170325011775789,2,0.0051813471502590676,65.57512953367876,3,0.06899100443670252,0.20870182526366293,27,0.12956270899999822
t=0.02|d=0.80|tol=1e-08|iter=300|words=100|mmr=0.70,train,d090d,converged,0.02,0.8,1e-08,300,100,True,0.7,0,6,0,0.0,0.0,0.0,0,0,0,100,1.0,261,6833,0.20138520483348069,5,0.019157088122605363,52.36015325670498,6,0.23551628618835568,1.0,23,0.05748899999999679
t=0.02|d=0.80|tol=1e-08|iter=300|words=100|mmr=0.70,train,d091c,converged,0.02,0.8,1e-08,300,100,True,0.7,1,6,13,0.16666666666666666,0.07692307692307693,0.10526315789473684,0,1,1,100,1.0,280,7766,0.19882232462877625,1,0.0035714285714285713,55.47142857142857,3,0.1096840378732262,1.0,31,0.07355958299999799
t=0.02|d=0.80|tol=1e-08|iter=300|words=100|mmr=0.70,train,d092c,converged,0.02,0.8,1e-08,300,100,True,0.7,0,5,19,0.0,0.0,0.0,0,0,0,100,1.0,291,5913,0.14013508709562744,11,0.037800687285223365,40.63917525773196,13,0.16519167737035517,0.4173701494751245,45,0.07826999999999629
t=0.02|d=0.80|tol=1e-08|iter=300|words=100|mmr=0.70,train,d093c,converged,0.02,0.8,1e-08,300,100,True,0.7,1,7,18,0.14285714285714285,0.05555555555555555,0.08,1,1,1,100,1.0,264,4181,0.12043438184122594,7,0.026515151515151516,31.674242424242426,14,0.08496133886243512,0.45410082900530824,47,0.0634531669999987
t=0.02|d=0.80|tol=1e-08|iter=300|words=100|mmr=0.70,train,d094c,converged,0.02,0.8,1e-08,300,100,True,0.7,2,4,10,0.5,0.2,0.28571428571428575,1,1,1,100,1.0,185,3542,0.20810810810810812,5,0.02702702702702703,38.29189189189189,6,0.06627974988669451,0.12669659804914624,23,0.04312133300000198
t=0.02|d=0.80|tol=1e-08|iter=300|words=100|mmr=0.70,train,d095c,converged,0.02,0.8,1e-08,300,100,True,0.7,1,5,13,0.2,0.07692307692307693,0.1111111111111111,0,0,1,99,0.99,240,4223,0.14724546722454673,4,0.016666666666666666,35.19166666666667,5,0.07469251204041197,0.265407035830987,31,0.05035916599999979
t=0.02|d=0.80|tol=1e-08|iter=300|words=100|mmr=0.70,train,d096c,converged,0.02,0.8,1e-08,300,100,True,0.7,1,12,15,0.08333333333333333,0.06666666666666667,0.07407407407407407,0,0,0,100,1.0,274,5372,0.14363252319456699,11,0.040145985401459854,39.21167883211679,17,0.14437723584712367,1.0,37,0.06628312500000533
t=0.02|d=0.80|tol=1e-08|iter=300|words=100|mmr=0.70,train,d097e,converged,0.02,0.8,1e-08,300,100,True,0.7,0,5,0,0.0,0.0,0.0,0,0,0,100,1.0,225,4651,0.18456349206349207,3,0.013333333333333334,41.34222222222222,4,0.03480704537638372,0.24086354009587335,24,0.0457255829999994
t=0.02|d=0.80|tol=1e-08|iter=300|words=100|mmr=0.70,train,d098e,converged,0.02,0.8,1e-08,300,100,True,0.7,0,4,0,0.0,0.0,0.0,0,0,0,100,1.0,454,19366,0.18832842236290612,1,0.0022026431718061676,85.31277533039648,4,0.04946827207037862,0.11936630012097926,32,0.20251724999999965
t=0.02|d=0.80|tol=1e-08|iter=300|words=100|mmr=0.70,train,d099e,converged,0.02,0.8,1e-08,300,100,True,0.7,2,4,20,0.5,0.1,0.16666666666666669,0,1,1,100,1.0,469,12534,0.11420917391066644,12,0.0255863539445629,53.449893390191896,15,0.0761726512431724,0.2092957886755061,36,0.1621340830000051
t=0.02|d=0.80|tol=1e-08|iter=300|words=100|mmr=0.70,train,d100e,converged,0.02,0.8,1e-08,300,100,True,0.7,0,5,10,0.0,0.0,0.0,0,0,0,100,1.0,592,20820,0.11901495404033476,11,0.018581081081081082,70.33783783783784,12,0.05557061006883156,0.2570884255951601,32,0.24280504200000053
t=0.02|d=0.80|tol=1e-08|iter=300|words=100|mmr=0.70,train,d101e,converged,0.02,0.8,1e-08,300,100,True,0.7,1,6,10,0.16666666666666666,0.1,0.125,0,0,1,100,1.0,514,15876,0.12041777595740323,12,0.023346303501945526,61.77431906614786,20,0.0363764858387686,0.15412488981132985,55,0.23768870900000394
t=0.02|d=0.80|tol=1e-08|iter=300|words=100|mmr=0.70,train,d102e,converged,0.02,0.8,1e-08,300,100,True,0.7,0,8,16,0.0,0.0,0.0,0,0,0,100,1.0,678,30836,0.1343598994348658,3,0.004424778761061947,90.96165191740413,5,0.08890516187081181,0.2182847832217777,57,0.49584187499999643
t=0.02|d=0.80|tol=1e-08|iter=300|words=100|mmr=0.70,train,d103g,converged,0.02,0.8,1e-08,300,100,True,0.7,0,9,18,0.0,0.0,0.0,0,0,0,100,1.0,219,4611,0.19316325248209124,8,0.0365296803652968,42.10958904109589,10,0.09878986517077659,1.0,42,0.06428391699999736
t=0.02|d=0.80|tol=1e-08|iter=300|words=100|mmr=0.70,train,d104g,converged,0.02,0.8,1e-08,300,100,True,0.7,0,7,0,0.0,0.0,0.0,0,0,0,100,1.0,352,14370,0.23261460761460762,0,0.0,81.64772727272727,1,0.10710099299344258,0.26471794472401455,32,0.13149854199999567
t=0.02|d=0.80|tol=1e-08|iter=300|words=100|mmr=0.70,train,d105g,converged,0.02,0.8,1e-08,300,100,True,0.7,0,4,11,0.0,0.0,0.0,0,0,0,100,1.0,266,5909,0.16765498652291105,4,0.015037593984962405,44.42857142857143,5,0.04045106851263574,0.08887360414854518,44,0.0843996250000032
t=0.02|d=0.80|tol=1e-08|iter=300|words=100|mmr=0.70,train,d106g,converged,0.02,0.8,1e-08,300,100,True,0.7,0,5,0,0.0,0.0,0.0,0,0,0,100,1.0,237,4067,0.14542658943002218,16,0.06751054852320675,34.32067510548523,17,0.0781676414471939,0.23708289736651472,34,0.06822954199999742
t=0.02|d=0.80|tol=1e-08|iter=300|words=100|mmr=0.70,train,d107g,converged,0.02,0.8,1e-08,300,100,True,0.7,2,5,12,0.4,0.16666666666666666,0.23529411764705882,1,1,1,100,1.0,271,4750,0.12983463167965012,4,0.014760147601476014,35.055350553505534,5,0.03857552325482258,0.10292341710174052,31,0.07069700000000267
t=0.02|d=0.80|tol=1e-08|iter=300|words=100|mmr=0.70,train,d108g,converged,0.02,0.8,1e-08,300,100,True,0.7,0,5,0,0.0,0.0,0.0,0,0,0,100,1.0,216,5330,0.22954349698535745,6,0.027777777777777776,49.351851851851855,7,0.06312044501901114,0.18545858619457245,40,0.10571362499999992
t=0.02|d=0.80|tol=1e-08|iter=300|words=100|mmr=0.70,train,d109h,converged,0.02,0.8,1e-08,300,100,True,0.7,1,5,20,0.2,0.05,0.08000000000000002,0,0,1,99,0.99,143,3351,0.3300502314586822,0,0.0,46.86713286713287,1,0.02721052841462392,0.18993614624064137,23,0.04984212499999785
t=0.02|d=0.80|tol=1e-08|iter=300|words=100|mmr=0.70,train,d110h,converged,0.02,0.8,1e-08,300,100,True,0.7,0,6,20,0.0,0.0,0.0,0,0,0,100,1.0,453,23110,0.22573209087889975,2,0.004415011037527594,102.03090507726269,4,0.04803720951680733,0.18720551569166563,28,0.2043802920000033
t=0.02|d=0.80|tol=1e-08|iter=300|words=100|mmr=0.70,train,d111h,converged,0.02,0.8,1e-08,300,100,True,0.7,1,5,14,0.2,0.07142857142857142,0.10526315789473682,1,1,1,100,1.0,214,2837,0.12447896099337458,5,0.02336448598130841,26.514018691588785,6,0.0483479830087984,0.205259286881504,26,0.06565116600000209
t=0.02|d=0.80|tol=1e-08|iter=1000|words=100|mmr=0.70,train,d061j,converged,0.02,0.8,1e-08,1000,100,True,0.7,1,5,18,0.2,0.05555555555555555,0.08695652173913045,0,0,1,99,0.99,186,4037,0.23464109270560884,1,0.005376344086021506,43.40860215053763,2,0.13429842620730287,0.45430454776676077,27,0.035347084000001416
t=0.02|d=0.80|tol=1e-08|iter=1000|words=100|mmr=0.70,train,d062j,converged,0.02,0.8,1e-08,1000,100,True,0.7,0,6,0,0.0,0.0,0.0,0,0,0,98,0.98,120,1653,0.23151260504201682,2,0.016666666666666666,27.55,3,0.07196848072945318,0.24710351783829648,21,0.014956875000009973
t=0.02|d=0.80|tol=1e-08|iter=1000|words=100|mmr=0.70,train,d063j,converged,0.02,0.8,1e-08,1000,100,True,0.7,0,3,18,0.0,0.0,0.0,0,0,0,100,1.0,253,4848,0.1520798042537173,3,0.011857707509881422,38.32411067193676,4,0.22152607046561681,0.3530378592180876,33,0.05493324999999061
t=0.02|d=0.80|tol=1e-08|iter=1000|words=100|mmr=0.70,train,d064j,converged,0.02,0.8,1e-08,1000,100,True,0.7,1,7,19,0.14285714285714285,0.05263157894736842,0.07692307692307693,1,1,1,100,1.0,199,3319,0.1684686056545353,2,0.010050251256281407,33.35678391959799,3,0.05058519596002425,0.17190936472085516,19,0.03144916700000522
t=0.02|d=0.80|tol=1e-08|iter=1000|words=100|mmr=0.70,train,d065j,converged,0.02,0.8,1e-08,1000,100,True,0.7,1,5,12,0.2,0.08333333333333333,0.11764705882352941,1,1,1,100,1.0,309,6864,0.14424410540915394,13,0.042071197411003236,44.42718446601942,15,0.06346017987190197,0.14503770614306322,32,0.07487241699999458
t=0.02|d=0.80|tol=1e-08|iter=1000|words=100|mmr=0.70,train,d066j,converged,0.02,0.8,1e-08,1000,100,True,0.7,0,5,19,0.0,0.0,0.0,0,0,0,100,1.0,204,3853,0.18608132908335748,5,0.024509803921568627,37.77450980392157,6,0.04248254556818008,0.23638592932847835,43,0.04622641699999974
t=0.02|d=0.80|tol=1e-08|iter=1000|words=100|mmr=0.70,train,d067f,converged,0.02,0.8,1e-08,1000,100,True,0.7,0,3,0,0.0,0.0,0.0,0,0,0,99,0.99,134,2185,0.24520255863539445,3,0.022388059701492536,32.61194029850746,4,0.1033119210570852,0.1670610438990799,49,0.027156832999992275
t=0.02|d=0.80|tol=1e-08|iter=1000|words=100|mmr=0.70,train,d068f,converged,0.02,0.8,1e-08,1000,100,True,0.7,0,7,0,0.0,0.0,0.0,0,0,0,100,1.0,136,2364,0.257516339869281,4,0.029411764705882353,34.76470588235294,5,0.1277819010135278,0.9999999999999999,32,0.02223787500000185
t=0.02|d=0.80|tol=1e-08|iter=1000|words=100|mmr=0.70,train,d069f,converged,0.02,0.8,1e-08,1000,100,True,0.7,0,4,14,0.0,0.0,0.0,0,0,0,100,1.0,331,13715,0.2511214867710336,1,0.0030211480362537764,82.87009063444108,2,0.10646968269015883,0.14942039715156336,16,0.09213283299999375
t=0.02|d=0.80|tol=1e-08|iter=1000|words=100|mmr=0.70,train,d070f,converged,0.02,0.8,1e-08,1000,100,True,0.7,1,7,16,0.14285714285714285,0.0625,0.08695652173913043,1,1,1,100,1.0,167,3139,0.2264627371762499,8,0.04790419161676647,37.59281437125748,9,0.052971820844836065,0.3394669290404032,30,0.03089737499999501
t=0.02|d=0.80|tol=1e-08|iter=1000|words=100|mmr=0.70,train,d071f,converged,0.02,0.8,1e-08,1000,100,True,0.7,0,6,0,0.0,0.0,0.0,0,0,0,100,1.0,155,1238,0.10372852953498114,17,0.10967741935483871,15.974193548387097,22,0.08126598001961324,0.6086420297263238,51,0.02079949999999542
t=0.02|d=0.80|tol=1e-08|iter=1000|words=100|mmr=0.70,train,d072f,converged,0.02,0.8,1e-08,1000,100,True,0.7,0,7,0,0.0,0.0,0.0,0,0,0,100,1.0,378,10214,0.14334835024490197,5,0.013227513227513227,54.042328042328045,7,0.10569254796305809,0.6401152146171181,21,0.10376454200000751
t=0.02|d=0.80|tol=1e-08|iter=1000|words=100|mmr=0.70,train,d073b,converged,0.02,0.8,1e-08,1000,100,True,0.7,1,5,12,0.2,0.08333333333333333,0.11764705882352941,0,0,1,100,1.0,253,3704,0.11619298575820315,12,0.04743083003952569,29.280632411067195,18,0.04540607248173141,0.11981376361872152,54,0.05615212500001121
t=0.02|d=0.80|tol=1e-08|iter=1000|words=100|mmr=0.70,train,d074b,converged,0.02,0.8,1e-08,1000,100,True,0.7,0,6,0,0.0,0.0,0.0,0,0,0,100,1.0,256,2940,0.0900735294117647,10,0.0390625,22.96875,22,0.0578714638991911,0.41238301648149467,56,0.051136458000001994
t=0.02|d=0.80|tol=1e-08|iter=1000|words=100|mmr=0.70,train,d075b,converged,0.02,0.8,1e-08,1000,100,True,0.7,1,5,13,0.2,0.07692307692307693,0.1111111111111111,1,1,1,100,1.0,277,10963,0.28679432846753516,1,0.0036101083032490976,79.15523465703971,2,0.15113572749800028,0.39359678862129244,19,0.07732595800000297
t=0.02|d=0.80|tol=1e-08|iter=1000|words=100|mmr=0.70,train,d076b,converged,0.02,0.8,1e-08,1000,100,True,0.7,0,7,13,0.0,0.0,0.0,0,0,0,100,1.0,323,8152,0.15676018691229351,4,0.01238390092879257,50.476780185758514,5,0.09592776240600331,0.2547666691658744,23,0.08499887499999659
t=0.02|d=0.80|tol=1e-08|iter=1000|words=100|mmr=0.70,train,d077b,converged,0.02,0.8,1e-08,1000,100,True,0.7,1,4,14,0.25,0.07142857142857142,0.11111111111111112,0,1,1,99,0.99,340,10608,0.184070796460177,1,0.0029411764705882353,62.4,2,0.12077568172187715,0.1548717551888946,23,0.09694929100000138
t=0.02|d=0.80|tol=1e-08|iter=1000|words=100|mmr=0.70,train,d078b,converged,0.02,0.8,1e-08,1000,100,True,0.7,0,5,0,0.0,0.0,0.0,0,0,0,100,1.0,276,5670,0.14940711462450593,1,0.0036231884057971015,41.08695652173913,2,0.09162436232222049,0.17916059524736813,24,0.05976995900000759
t=0.02|d=0.80|tol=1e-08|iter=1000|words=100|mmr=0.70,train,d079a,converged,0.02,0.8,1e-08,1000,100,True,0.7,1,4,14,0.25,0.07142857142857142,0.11111111111111112,1,1,1,99,0.99,316,11902,0.23914004420333534,1,0.0031645569620253164,75.32911392405063,2,0.08253917533593627,0.2305527285940876,23,0.0959861669999924
t=0.02|d=0.80|tol=1e-08|iter=1000|words=100|mmr=0.70,train,d080a,converged,0.02,0.8,1e-08,1000,100,True,0.7,1,5,10,0.2,0.1,0.13333333333333333,0,1,1,100,1.0,557,23902,0.1543598155586841,3,0.005385996409335727,85.82405745062836,4,0.17500286322707675,0.44325961017662285,24,0.2695873749999862
t=0.02|d=0.80|tol=1e-08|iter=1000|words=100|mmr=0.70,train,d081a,converged,0.02,0.8,1e-08,1000,100,True,0.7,0,5,17,0.0,0.0,0.0,0,0,0,100,1.0,299,9891,0.2220152185136136,8,0.026755852842809364,66.16053511705685,9,0.04557219265185699,0.17295440833658976,36,0.09705591700000582
t=0.02|d=0.80|tol=1e-08|iter=1000|words=100|mmr=0.70,train,d082a,converged,0.02,0.8,1e-08,1000,100,True,0.7,2,4,12,0.5,0.16666666666666666,0.25,1,1,1,100,1.0,209,4162,0.19147957305852042,0,0.0,39.82775119617225,2,0.06259706221261174,0.16886778933960314,19,0.03612204099999872
t=0.02|d=0.80|tol=1e-08|iter=1000|words=100|mmr=0.70,train,d083a,converged,0.02,0.8,1e-08,1000,100,True,0.7,0,4,17,0.0,0.0,0.0,0,0,0,100,1.0,224,5878,0.23534593209481103,1,0.004464285714285714,52.482142857142854,2,0.11609824027842675,0.23149666450745623,31,0.05253679100000852
t=0.02|d=0.80|tol=1e-08|iter=1000|words=100|mmr=0.70,train,d084a,converged,0.02,0.8,1e-08,1000,100,True,0.7,0,7,0,0.0,0.0,0.0,0,0,0,100,1.0,366,14382,0.21531551762856502,2,0.00546448087431694,78.59016393442623,5,0.1015663924408795,0.26512441540086007,33,0.1462410829999925
t=0.02|d=0.80|tol=1e-08|iter=1000|words=100|mmr=0.70,train,d085d,converged,0.02,0.8,1e-08,1000,100,True,0.7,0,5,0,0.0,0.0,0.0,0,0,0,100,1.0,224,4446,0.17801089045483665,1,0.004464285714285714,39.69642857142857,2,0.14240203021260536,0.5758265182499325,25,0.04524699999998916
t=0.02|d=0.80|tol=1e-08|iter=1000|words=100|mmr=0.70,train,d086d,converged,0.02,0.8,1e-08,1000,100,True,0.7,0,3,0,0.0,0.0,0.0,0,0,0,100,1.0,416,18314,0.2121640407784986,0,0.0,88.04807692307692,2,0.00267820437815618,0.00803461313446854,24,0.1580918330000003
t=0.02|d=0.80|tol=1e-08|iter=1000|words=100|mmr=0.70,train,d087d,converged,0.02,0.8,1e-08,1000,100,True,0.7,1,7,17,0.14285714285714285,0.058823529411764705,0.08333333333333333,0,1,1,100,1.0,292,7045,0.16581932872004895,4,0.0136986301369863,48.25342465753425,6,0.045442138418619646,0.22427752557709513,61,0.11035408299999006
t=0.02|d=0.80|tol=1e-08|iter=1000|words=100|mmr=0.70,train,d089d,converged,0.02,0.8,1e-08,1000,100,True,0.7,0,6,18,0.0,0.0,0.0,0,0,0,100,1.0,386,12656,0.170325011775789,2,0.0051813471502590676,65.57512953367876,3,0.06899100443670252,0.20870182526366293,27,0.12280691700000546
t=0.02|d=0.80|tol=1e-08|iter=1000|words=100|mmr=0.70,train,d090d,converged,0.02,0.8,1e-08,1000,100,True,0.7,0,6,0,0.0,0.0,0.0,0,0,0,100,1.0,261,6833,0.20138520483348069,5,0.019157088122605363,52.36015325670498,6,0.23551628618835568,1.0,23,0.06126679199999785
t=0.02|d=0.80|tol=1e-08|iter=1000|words=100|mmr=0.70,train,d091c,converged,0.02,0.8,1e-08,1000,100,True,0.7,1,6,13,0.16666666666666666,0.07692307692307693,0.10526315789473684,0,1,1,100,1.0,280,7766,0.19882232462877625,1,0.0035714285714285713,55.47142857142857,3,0.1096840378732262,1.0,31,0.07525791700000184
t=0.02|d=0.80|tol=1e-08|iter=1000|words=100|mmr=0.70,train,d092c,converged,0.02,0.8,1e-08,1000,100,True,0.7,0,5,19,0.0,0.0,0.0,0,0,0,100,1.0,291,5913,0.14013508709562744,11,0.037800687285223365,40.63917525773196,13,0.16519167737035517,0.4173701494751245,45,0.08119866699999534
t=0.02|d=0.80|tol=1e-08|iter=1000|words=100|mmr=0.70,train,d093c,converged,0.02,0.8,1e-08,1000,100,True,0.7,1,7,18,0.14285714285714285,0.05555555555555555,0.08,1,1,1,100,1.0,264,4181,0.12043438184122594,7,0.026515151515151516,31.674242424242426,14,0.08496133886243512,0.45410082900530824,47,0.05918504200000996
t=0.02|d=0.80|tol=1e-08|iter=1000|words=100|mmr=0.70,train,d094c,converged,0.02,0.8,1e-08,1000,100,True,0.7,2,4,10,0.5,0.2,0.28571428571428575,1,1,1,100,1.0,185,3542,0.20810810810810812,5,0.02702702702702703,38.29189189189189,6,0.06627974988669451,0.12669659804914624,23,0.03397058400000219
t=0.02|d=0.80|tol=1e-08|iter=1000|words=100|mmr=0.70,train,d095c,converged,0.02,0.8,1e-08,1000,100,True,0.7,1,5,13,0.2,0.07692307692307693,0.1111111111111111,0,0,1,99,0.99,240,4223,0.14724546722454673,4,0.016666666666666666,35.19166666666667,5,0.07469251204041197,0.265407035830987,31,0.04729058400000952
t=0.02|d=0.80|tol=1e-08|iter=1000|words=100|mmr=0.70,train,d096c,converged,0.02,0.8,1e-08,1000,100,True,0.7,1,12,15,0.08333333333333333,0.06666666666666667,0.07407407407407407,0,0,0,100,1.0,274,5372,0.14363252319456699,11,0.040145985401459854,39.21167883211679,17,0.14437723584712367,1.0,37,0.0636006249999923
t=0.02|d=0.80|tol=1e-08|iter=1000|words=100|mmr=0.70,train,d097e,converged,0.02,0.8,1e-08,1000,100,True,0.7,0,5,0,0.0,0.0,0.0,0,0,0,100,1.0,225,4651,0.18456349206349207,3,0.013333333333333334,41.34222222222222,4,0.03480704537638372,0.24086354009587335,24,0.04443991699999117
t=0.02|d=0.80|tol=1e-08|iter=1000|words=100|mmr=0.70,train,d098e,converged,0.02,0.8,1e-08,1000,100,True,0.7,0,4,0,0.0,0.0,0.0,0,0,0,100,1.0,454,19366,0.18832842236290612,1,0.0022026431718061676,85.31277533039648,4,0.04946827207037862,0.11936630012097926,32,0.1957440000000048
t=0.02|d=0.80|tol=1e-08|iter=1000|words=100|mmr=0.70,train,d099e,converged,0.02,0.8,1e-08,1000,100,True,0.7,2,4,20,0.5,0.1,0.16666666666666669,0,1,1,100,1.0,469,12534,0.11420917391066644,12,0.0255863539445629,53.449893390191896,15,0.0761726512431724,0.2092957886755061,36,0.16443850000000282
t=0.02|d=0.80|tol=1e-08|iter=1000|words=100|mmr=0.70,train,d100e,converged,0.02,0.8,1e-08,1000,100,True,0.7,0,5,10,0.0,0.0,0.0,0,0,0,100,1.0,592,20820,0.11901495404033476,11,0.018581081081081082,70.33783783783784,12,0.05557061006883156,0.2570884255951601,32,0.24975187500000118
t=0.02|d=0.80|tol=1e-08|iter=1000|words=100|mmr=0.70,train,d101e,converged,0.02,0.8,1e-08,1000,100,True,0.7,1,6,10,0.16666666666666666,0.1,0.125,0,0,1,100,1.0,514,15876,0.12041777595740323,12,0.023346303501945526,61.77431906614786,20,0.0363764858387686,0.15412488981132985,55,0.25088362500000017
t=0.02|d=0.80|tol=1e-08|iter=1000|words=100|mmr=0.70,train,d102e,converged,0.02,0.8,1e-08,1000,100,True,0.7,0,8,16,0.0,0.0,0.0,0,0,0,100,1.0,678,30836,0.1343598994348658,3,0.004424778761061947,90.96165191740413,5,0.08890516187081181,0.2182847832217777,57,0.4754848330000101
t=0.02|d=0.80|tol=1e-08|iter=1000|words=100|mmr=0.70,train,d103g,converged,0.02,0.8,1e-08,1000,100,True,0.7,0,9,18,0.0,0.0,0.0,0,0,0,100,1.0,219,4611,0.19316325248209124,8,0.0365296803652968,42.10958904109589,10,0.09878986517077659,1.0,42,0.05392725000000098
t=0.02|d=0.80|tol=1e-08|iter=1000|words=100|mmr=0.70,train,d104g,converged,0.02,0.8,1e-08,1000,100,True,0.7,0,7,0,0.0,0.0,0.0,0,0,0,100,1.0,352,14370,0.23261460761460762,0,0.0,81.64772727272727,1,0.10710099299344258,0.26471794472401455,32,0.13172687499999824
t=0.02|d=0.80|tol=1e-08|iter=1000|words=100|mmr=0.70,train,d105g,converged,0.02,0.8,1e-08,1000,100,True,0.7,0,4,11,0.0,0.0,0.0,0,0,0,100,1.0,266,5909,0.16765498652291105,4,0.015037593984962405,44.42857142857143,5,0.04045106851263574,0.08887360414854518,44,0.0784278750000027
t=0.02|d=0.80|tol=1e-08|iter=1000|words=100|mmr=0.70,train,d106g,converged,0.02,0.8,1e-08,1000,100,True,0.7,0,5,0,0.0,0.0,0.0,0,0,0,100,1.0,237,4067,0.14542658943002218,16,0.06751054852320675,34.32067510548523,17,0.0781676414471939,0.23708289736651472,34,0.046268249999997124
t=0.02|d=0.80|tol=1e-08|iter=1000|words=100|mmr=0.70,train,d107g,converged,0.02,0.8,1e-08,1000,100,True,0.7,2,5,12,0.4,0.16666666666666666,0.23529411764705882,1,1,1,100,1.0,271,4750,0.12983463167965012,4,0.014760147601476014,35.055350553505534,5,0.03857552325482258,0.10292341710174052,31,0.056521832999990806
t=0.02|d=0.80|tol=1e-08|iter=1000|words=100|mmr=0.70,train,d108g,converged,0.02,0.8,1e-08,1000,100,True,0.7,0,5,0,0.0,0.0,0.0,0,0,0,100,1.0,216,5330,0.22954349698535745,6,0.027777777777777776,49.351851851851855,7,0.06312044501901114,0.18545858619457245,40,0.05424379199999407
t=0.02|d=0.80|tol=1e-08|iter=1000|words=100|mmr=0.70,train,d109h,converged,0.02,0.8,1e-08,1000,100,True,0.7,1,5,20,0.2,0.05,0.08000000000000002,0,0,1,99,0.99,143,3351,0.3300502314586822,0,0.0,46.86713286713287,1,0.02721052841462392,0.18993614624064137,23,0.025832084000001032
t=0.02|d=0.80|tol=1e-08|iter=1000|words=100|mmr=0.70,train,d110h,converged,0.02,0.8,1e-08,1000,100,True,0.7,0,6,20,0.0,0.0,0.0,0,0,0,100,1.0,453,23110,0.22573209087889975,2,0.004415011037527594,102.03090507726269,4,0.04803720951680733,0.18720551569166563,28,0.20430262499999685
t=0.02|d=0.80|tol=1e-08|iter=1000|words=100|mmr=0.70,train,d111h,converged,0.02,0.8,1e-08,1000,100,True,0.7,1,5,14,0.2,0.07142857142857142,0.10526315789473682,1,1,1,100,1.0,214,2837,0.12447896099337458,5,0.02336448598130841,26.514018691588785,6,0.0483479830087984,0.205259286881504,26,0.03537216699999135
t=0.02|d=0.85|tol=1e-04|iter=100|words=100|mmr=0.70,train,d061j,converged,0.02,0.85,0.0001,100,100,True,0.7,1,5,18,0.2,0.05555555555555555,0.08695652173913045,0,0,1,99,0.99,186,4037,0.23464109270560884,1,0.005376344086021506,43.40860215053763,2,0.13429842620730287,0.45430454776676077,12,0.026760707999997635
t=0.02|d=0.85|tol=1e-04|iter=100|words=100|mmr=0.70,train,d062j,converged,0.02,0.85,0.0001,100,100,True,0.7,0,6,0,0.0,0.0,0.0,0,0,0,98,0.98,120,1653,0.23151260504201682,2,0.016666666666666666,27.55,3,0.07196848072945318,0.24710351783829648,10,0.013190874999992275
t=0.02|d=0.85|tol=1e-04|iter=100|words=100|mmr=0.70,train,d063j,converged,0.02,0.85,0.0001,100,100,True,0.7,0,3,18,0.0,0.0,0.0,0,0,0,100,1.0,253,4848,0.1520798042537173,3,0.011857707509881422,38.32411067193676,4,0.22152607046561681,0.3530378592180876,13,0.03949183299999959
t=0.02|d=0.85|tol=1e-04|iter=100|words=100|mmr=0.70,train,d064j,converged,0.02,0.85,0.0001,100,100,True,0.7,1,7,19,0.14285714285714285,0.05263157894736842,0.07692307692307693,1,1,1,100,1.0,199,3319,0.1684686056545353,2,0.010050251256281407,33.35678391959799,3,0.05058519596002425,0.17190936472085516,9,0.026772958999998764
t=0.02|d=0.85|tol=1e-04|iter=100|words=100|mmr=0.70,train,d065j,converged,0.02,0.85,0.0001,100,100,True,0.7,1,5,12,0.2,0.08333333333333333,0.11764705882352941,1,1,1,100,1.0,309,6864,0.14424410540915394,13,0.042071197411003236,44.42718446601942,15,0.06346017987190197,0.14503770614306322,13,0.05480537500000082
t=0.02|d=0.85|tol=1e-04|iter=100|words=100|mmr=0.70,train,d066j,converged,0.02,0.85,0.0001,100,100,True,0.7,0,5,19,0.0,0.0,0.0,0,0,0,100,1.0,204,3853,0.18608132908335748,5,0.024509803921568627,37.77450980392157,6,0.04248254556818008,0.23638592932847835,12,0.028023540999996044
t=0.02|d=0.85|tol=1e-04|iter=100|words=100|mmr=0.70,train,d067f,converged,0.02,0.85,0.0001,100,100,True,0.7,0,3,0,0.0,0.0,0.0,0,0,0,99,0.99,134,2185,0.24520255863539445,3,0.022388059701492536,32.61194029850746,4,0.1033119210570852,0.1670610438990799,19,0.017414375000001314
t=0.02|d=0.85|tol=1e-04|iter=100|words=100|mmr=0.70,train,d068f,converged,0.02,0.85,0.0001,100,100,True,0.7,0,7,0,0.0,0.0,0.0,0,0,0,100,1.0,136,2364,0.257516339869281,4,0.029411764705882353,34.76470588235294,5,0.1277819010135278,0.9999999999999999,14,0.015709916999995244
t=0.02|d=0.85|tol=1e-04|iter=100|words=100|mmr=0.70,train,d069f,converged,0.02,0.85,0.0001,100,100,True,0.7,0,4,14,0.0,0.0,0.0,0,0,0,100,1.0,331,13715,0.2511214867710336,1,0.0030211480362537764,82.87009063444108,2,0.10646968269015883,0.14942039715156336,8,0.0765373750000009
t=0.02|d=0.85|tol=1e-04|iter=100|words=100|mmr=0.70,train,d070f,converged,0.02,0.85,0.0001,100,100,True,0.7,1,7,16,0.14285714285714285,0.0625,0.08695652173913043,1,1,1,100,1.0,167,3139,0.2264627371762499,8,0.04790419161676647,37.59281437125748,9,0.052971820844836065,0.3394669290404032,13,0.021301291999989758
t=0.02|d=0.85|tol=1e-04|iter=100|words=100|mmr=0.70,train,d071f,converged,0.02,0.85,0.0001,100,100,True,0.7,0,5,0,0.0,0.0,0.0,0,0,0,100,1.0,155,1238,0.10372852953498114,17,0.10967741935483871,15.974193548387097,22,0.04072328162753003,0.12346416812998832,22,0.014957750000007763
t=0.02|d=0.85|tol=1e-04|iter=100|words=100|mmr=0.70,train,d072f,converged,0.02,0.85,0.0001,100,100,True,0.7,0,7,0,0.0,0.0,0.0,0,0,0,100,1.0,378,10214,0.14334835024490197,5,0.013227513227513227,54.042328042328045,7,0.10569254796305809,0.6401152146171181,10,0.08547929199998805
t=0.02|d=0.85|tol=1e-04|iter=100|words=100|mmr=0.70,train,d073b,converged,0.02,0.85,0.0001,100,100,True,0.7,1,5,12,0.2,0.08333333333333333,0.11764705882352941,0,0,1,100,1.0,253,3704,0.11619298575820315,12,0.04743083003952569,29.280632411067195,18,0.04540607248173141,0.11981376361872152,25,0.0398335829999894
t=0.02|d=0.85|tol=1e-04|iter=100|words=100|mmr=0.70,train,d074b,converged,0.02,0.85,0.0001,100,100,True,0.7,0,6,0,0.0,0.0,0.0,0,0,0,100,1.0,256,2940,0.0900735294117647,10,0.0390625,22.96875,22,0.0578714638991911,0.41238301648149467,25,0.03536562500001139
t=0.02|d=0.85|tol=1e-04|iter=100|words=100|mmr=0.70,train,d075b,converged,0.02,0.85,0.0001,100,100,True,0.7,1,6,13,0.16666666666666666,0.07692307692307693,0.10526315789473684,0,1,1,100,1.0,277,10963,0.28679432846753516,1,0.0036101083032490976,79.15523465703971,2,0.041709678174563725,0.1746525119154121,9,0.05539487499999041
t=0.02|d=0.85|tol=1e-04|iter=100|words=100|mmr=0.70,train,d076b,converged,0.02,0.85,0.0001,100,100,True,0.7,0,7,13,0.0,0.0,0.0,0,0,0,100,1.0,323,8152,0.15676018691229351,4,0.01238390092879257,50.476780185758514,5,0.09592776240600331,0.2547666691658744,11,0.06312795799999549
t=0.02|d=0.85|tol=1e-04|iter=100|words=100|mmr=0.70,train,d077b,converged,0.02,0.85,0.0001,100,100,True,0.7,1,4,14,0.25,0.07142857142857142,0.11111111111111112,0,1,1,99,0.99,340,10608,0.184070796460177,1,0.0029411764705882353,62.4,2,0.12077568172187715,0.1548717551888946,11,0.0708002500000049
t=0.02|d=0.85|tol=1e-04|iter=100|words=100|mmr=0.70,train,d078b,converged,0.02,0.85,0.0001,100,100,True,0.7,0,5,0,0.0,0.0,0.0,0,0,0,100,1.0,276,5670,0.14940711462450593,1,0.0036231884057971015,41.08695652173913,2,0.09162436232222049,0.17916059524736813,10,0.043984041999991064
t=0.02|d=0.85|tol=1e-04|iter=100|words=100|mmr=0.70,train,d079a,converged,0.02,0.85,0.0001,100,100,True,0.7,1,4,14,0.25,0.07142857142857142,0.11111111111111112,1,1,1,99,0.99,316,11902,0.23914004420333534,1,0.0031645569620253164,75.32911392405063,2,0.08253917533593627,0.2305527285940876,11,0.06982262500000047
t=0.02|d=0.85|tol=1e-04|iter=100|words=100|mmr=0.70,train,d080a,converged,0.02,0.85,0.0001,100,100,True,0.7,1,5,10,0.2,0.1,0.13333333333333333,0,1,1,100,1.0,557,23902,0.1543598155586841,3,0.005385996409335727,85.82405745062836,4,0.17500286322707675,0.44325961017662285,12,0.1838435419999911
t=0.02|d=0.85|tol=1e-04|iter=100|words=100|mmr=0.70,train,d081a,converged,0.02,0.85,0.0001,100,100,True,0.7,0,5,17,0.0,0.0,0.0,0,0,0,100,1.0,299,9891,0.2220152185136136,8,0.026755852842809364,66.16053511705685,9,0.04557219265185699,0.17295440833658976,11,0.06391158399999597
t=0.02|d=0.85|tol=1e-04|iter=100|words=100|mmr=0.70,train,d082a,converged,0.02,0.85,0.0001,100,100,True,0.7,2,4,12,0.5,0.16666666666666666,0.25,1,1,1,100,1.0,209,4162,0.19147957305852042,0,0.0,39.82775119617225,2,0.06259706221261174,0.16886778933960314,9,0.032483332999987624
t=0.02|d=0.85|tol=1e-04|iter=100|words=100|mmr=0.70,train,d083a,converged,0.02,0.85,0.0001,100,100,True,0.7,0,4,17,0.0,0.0,0.0,0,0,0,100,1.0,224,5878,0.23534593209481103,1,0.004464285714285714,52.482142857142854,2,0.11609824027842675,0.23149666450745623,13,0.03949791699999139
t=0.02|d=0.85|tol=1e-04|iter=100|words=100|mmr=0.70,train,d084a,converged,0.02,0.85,0.0001,100,100,True,0.7,0,7,0,0.0,0.0,0.0,0,0,0,100,1.0,366,14382,0.21531551762856502,2,0.00546448087431694,78.59016393442623,5,0.1015663924408795,0.26512441540086007,13,0.09534216699999831
t=0.02|d=0.85|tol=1e-04|iter=100|words=100|mmr=0.70,train,d085d,converged,0.02,0.85,0.0001,100,100,True,0.7,0,5,0,0.0,0.0,0.0,0,0,0,100,1.0,224,4446,0.17801089045483665,1,0.004464285714285714,39.69642857142857,2,0.14240203021260536,0.5758265182499325,12,0.03537433299999293
t=0.02|d=0.85|tol=1e-04|iter=100|words=100|mmr=0.70,train,d086d,converged,0.02,0.85,0.0001,100,100,True,0.7,0,3,0,0.0,0.0,0.0,0,0,0,100,1.0,416,18314,0.2121640407784986,0,0.0,88.04807692307692,2,0.00267820437815618,0.00803461313446854,10,0.11072862499999303
t=0.02|d=0.85|tol=1e-04|iter=100|words=100|mmr=0.70,train,d087d,converged,0.02,0.85,0.0001,100,100,True,0.7,1,7,17,0.14285714285714285,0.058823529411764705,0.08333333333333333,0,1,1,100,1.0,292,7045,0.16581932872004895,4,0.0136986301369863,48.25342465753425,6,0.045442138418619646,0.22427752557709513,26,0.07106304100000216
t=0.02|d=0.85|tol=1e-04|iter=100|words=100|mmr=0.70,train,d089d,converged,0.02,0.85,0.0001,100,100,True,0.7,0,6,18,0.0,0.0,0.0,0,0,0,100,1.0,386,12656,0.170325011775789,2,0.0051813471502590676,65.57512953367876,3,0.06802976697774192,0.20870182526366293,12,0.09145795799999235
t=0.02|d=0.85|tol=1e-04|iter=100|words=100|mmr=0.70,train,d090d,converged,0.02,0.85,0.0001,100,100,True,0.7,0,7,0,0.0,0.0,0.0,0,0,0,99,0.99,261,6833,0.20138520483348069,5,0.019157088122605363,52.36015325670498,6,0.23629589099257603,1.0,12,0.04619141700000284
t=0.02|d=0.85|tol=1e-04|iter=100|words=100|mmr=0.70,train,d091c,converged,0.02,0.85,0.0001,100,100,True,0.7,1,5,13,0.2,0.07692307692307693,0.1111111111111111,1,1,1,100,1.0,280,7766,0.19882232462877625,1,0.0035714285714285713,55.47142857142857,3,0.06452605680983929,0.16965990484051685,13,0.051572750000005385
t=0.02|d=0.85|tol=1e-04|iter=100|words=100|mmr=0.70,train,d092c,converged,0.02,0.85,0.0001,100,100,True,0.7,0,5,19,0.0,0.0,0.0,0,0,0,100,1.0,291,5913,0.14013508709562744,11,0.037800687285223365,40.63917525773196,13,0.16519167737035517,0.4173701494751245,18,0.05512304100000165
t=0.02|d=0.85|tol=1e-04|iter=100|words=100|mmr=0.70,train,d093c,converged,0.02,0.85,0.0001,100,100,True,0.7,1,7,18,0.14285714285714285,0.05555555555555555,0.08,1,1,1,100,1.0,264,4181,0.12043438184122594,7,0.026515151515151516,31.674242424242426,14,0.08496133886243512,0.45410082900530824,20,0.04174083299999154
t=0.02|d=0.85|tol=1e-04|iter=100|words=100|mmr=0.70,train,d094c,converged,0.02,0.85,0.0001,100,100,True,0.7,2,4,10,0.5,0.2,0.28571428571428575,1,1,1,100,1.0,185,3542,0.20810810810810812,5,0.02702702702702703,38.29189189189189,6,0.06627974988669451,0.12669659804914624,10,0.024073000000001343
t=0.02|d=0.85|tol=1e-04|iter=100|words=100|mmr=0.70,train,d095c,converged,0.02,0.85,0.0001,100,100,True,0.7,1,5,13,0.2,0.07692307692307693,0.1111111111111111,0,0,1,99,0.99,240,4223,0.14724546722454673,4,0.016666666666666666,35.19166666666667,5,0.07469251204041197,0.265407035830987,13,0.03516704199999765
t=0.02|d=0.85|tol=1e-04|iter=100|words=100|mmr=0.70,train,d096c,converged,0.02,0.85,0.0001,100,100,True,0.7,1,12,15,0.08333333333333333,0.06666666666666667,0.07407407407407407,0,0,0,100,1.0,274,5372,0.14363252319456699,11,0.040145985401459854,39.21167883211679,17,0.14437723584712367,1.0,14,0.043331416999990324
t=0.02|d=0.85|tol=1e-04|iter=100|words=100|mmr=0.70,train,d097e,converged,0.02,0.85,0.0001,100,100,True,0.7,0,5,0,0.0,0.0,0.0,0,0,0,100,1.0,225,4651,0.18456349206349207,3,0.013333333333333334,41.34222222222222,4,0.03480704537638372,0.24086354009587335,12,0.03573312499999304
t=0.02|d=0.85|tol=1e-04|iter=100|words=100|mmr=0.70,train,d098e,converged,0.02,0.85,0.0001,100,100,True,0.7,0,4,0,0.0,0.0,0.0,0,0,0,100,1.0,454,19366,0.18832842236290612,1,0.0022026431718061676,85.31277533039648,4,0.04946827207037862,0.11936630012097926,11,0.1286333749999926
t=0.02|d=0.85|tol=1e-04|iter=100|words=100|mmr=0.70,train,d099e,converged,0.02,0.85,0.0001,100,100,True,0.7,2,4,20,0.5,0.1,0.16666666666666669,0,1,1,100,1.0,469,12534,0.11420917391066644,12,0.0255863539445629,53.449893390191896,15,0.0761726512431724,0.2092957886755061,11,0.10993399999999554
t=0.02|d=0.85|tol=1e-04|iter=100|words=100|mmr=0.70,train,d100e,converged,0.02,0.85,0.0001,100,100,True,0.7,0,5,10,0.0,0.0,0.0,0,0,0,100,1.0,592,20820,0.11901495404033476,11,0.018581081081081082,70.33783783783784,12,0.07268517558852014,0.2570884255951601,12,0.17395058299999278
t=0.02|d=0.85|tol=1e-04|iter=100|words=100|mmr=0.70,train,d101e,converged,0.02,0.85,0.0001,100,100,True,0.7,1,6,10,0.16666666666666666,0.1,0.125,0,0,1,100,1.0,514,15876,0.12041777595740323,12,0.023346303501945526,61.77431906614786,20,0.0363764858387686,0.15412488981132985,25,0.15587900000001298
t=0.02|d=0.85|tol=1e-04|iter=100|words=100|mmr=0.70,train,d102e,converged,0.02,0.85,0.0001,100,100,True,0.7,0,7,16,0.0,0.0,0.0,0,0,0,100,1.0,678,30836,0.1343598994348658,3,0.004424778761061947,90.96165191740413,5,0.09378986319781865,0.2182847832217777,21,0.3045629580000053
t=0.02|d=0.85|tol=1e-04|iter=100|words=100|mmr=0.70,train,d103g,converged,0.02,0.85,0.0001,100,100,True,0.7,0,9,18,0.0,0.0,0.0,0,0,0,100,1.0,219,4611,0.19316325248209124,8,0.0365296803652968,42.10958904109589,10,0.09878986517077659,1.0,13,0.037532665999989945
t=0.02|d=0.85|tol=1e-04|iter=100|words=100|mmr=0.70,train,d104g,converged,0.02,0.85,0.0001,100,100,True,0.7,0,7,0,0.0,0.0,0.0,0,0,0,100,1.0,352,14370,0.23261460761460762,0,0.0,81.64772727272727,1,0.10710099299344258,0.26471794472401455,13,0.09882320799999889
t=0.02|d=0.85|tol=1e-04|iter=100|words=100|mmr=0.70,train,d105g,converged,0.02,0.85,0.0001,100,100,True,0.7,0,4,11,0.0,0.0,0.0,0,0,0,100,1.0,266,5909,0.16765498652291105,4,0.015037593984962405,44.42857142857143,5,0.04045106851263574,0.08887360414854518,12,0.0486052079999979
t=0.02|d=0.85|tol=1e-04|iter=100|words=100|mmr=0.70,train,d106g,converged,0.02,0.85,0.0001,100,100,True,0.7,0,5,0,0.0,0.0,0.0,0,0,0,100,1.0,237,4067,0.14542658943002218,16,0.06751054852320675,34.32067510548523,17,0.0781676414471939,0.23708289736651472,15,0.03660558300001071
t=0.02|d=0.85|tol=1e-04|iter=100|words=100|mmr=0.70,train,d107g,converged,0.02,0.85,0.0001,100,100,True,0.7,2,5,12,0.4,0.16666666666666666,0.23529411764705882,1,1,1,100,1.0,271,4750,0.12983463167965012,4,0.014760147601476014,35.055350553505534,5,0.03857552325482258,0.10292341710174052,13,0.04705658399998924
t=0.02|d=0.85|tol=1e-04|iter=100|words=100|mmr=0.70,train,d108g,converged,0.02,0.85,0.0001,100,100,True,0.7,0,5,0,0.0,0.0,0.0,0,0,0,100,1.0,216,5330,0.22954349698535745,6,0.027777777777777776,49.351851851851855,7,0.06312044501901114,0.18545858619457245,12,0.03235004100000083
t=0.02|d=0.85|tol=1e-04|iter=100|words=100|mmr=0.70,train,d109h,converged,0.02,0.85,0.0001,100,100,True,0.7,1,5,20,0.2,0.05,0.08000000000000002,0,0,1,99,0.99,143,3351,0.3300502314586822,0,0.0,46.86713286713287,1,0.02721052841462392,0.18993614624064137,10,0.018995416999999293
t=0.02|d=0.85|tol=1e-04|iter=100|words=100|mmr=0.70,train,d110h,converged,0.02,0.85,0.0001,100,100,True,0.7,1,5,20,0.2,0.05,0.08000000000000002,0,1,1,100,1.0,453,23110,0.22573209087889975,2,0.004415011037527594,102.03090507726269,4,0.07221491561784345,0.17621645683465142,10,0.13103220900001133
t=0.02|d=0.85|tol=1e-04|iter=100|words=100|mmr=0.70,train,d111h,converged,0.02,0.85,0.0001,100,100,True,0.7,1,5,14,0.2,0.07142857142857142,0.10526315789473682,1,1,1,100,1.0,214,2837,0.12447896099337458,5,0.02336448598130841,26.514018691588785,6,0.0483479830087984,0.205259286881504,12,0.02861308299999621
t=0.02|d=0.85|tol=1e-04|iter=300|words=100|mmr=0.70,train,d061j,converged,0.02,0.85,0.0001,300,100,True,0.7,1,5,18,0.2,0.05555555555555555,0.08695652173913045,0,0,1,99,0.99,186,4037,0.23464109270560884,1,0.005376344086021506,43.40860215053763,2,0.13429842620730287,0.45430454776676077,12,0.025934375000005616
t=0.02|d=0.85|tol=1e-04|iter=300|words=100|mmr=0.70,train,d062j,converged,0.02,0.85,0.0001,300,100,True,0.7,0,6,0,0.0,0.0,0.0,0,0,0,98,0.98,120,1653,0.23151260504201682,2,0.016666666666666666,27.55,3,0.07196848072945318,0.24710351783829648,10,0.012760749999998211
t=0.02|d=0.85|tol=1e-04|iter=300|words=100|mmr=0.70,train,d063j,converged,0.02,0.85,0.0001,300,100,True,0.7,0,3,18,0.0,0.0,0.0,0,0,0,100,1.0,253,4848,0.1520798042537173,3,0.011857707509881422,38.32411067193676,4,0.22152607046561681,0.3530378592180876,13,0.03944245799999635
t=0.02|d=0.85|tol=1e-04|iter=300|words=100|mmr=0.70,train,d064j,converged,0.02,0.85,0.0001,300,100,True,0.7,1,7,19,0.14285714285714285,0.05263157894736842,0.07692307692307693,1,1,1,100,1.0,199,3319,0.1684686056545353,2,0.010050251256281407,33.35678391959799,3,0.05058519596002425,0.17190936472085516,9,0.026429625000005785
t=0.02|d=0.85|tol=1e-04|iter=300|words=100|mmr=0.70,train,d065j,converged,0.02,0.85,0.0001,300,100,True,0.7,1,5,12,0.2,0.08333333333333333,0.11764705882352941,1,1,1,100,1.0,309,6864,0.14424410540915394,13,0.042071197411003236,44.42718446601942,15,0.06346017987190197,0.14503770614306322,13,0.05554050000000643
t=0.02|d=0.85|tol=1e-04|iter=300|words=100|mmr=0.70,train,d066j,converged,0.02,0.85,0.0001,300,100,True,0.7,0,5,19,0.0,0.0,0.0,0,0,0,100,1.0,204,3853,0.18608132908335748,5,0.024509803921568627,37.77450980392157,6,0.04248254556818008,0.23638592932847835,12,0.028274333999988244
t=0.02|d=0.85|tol=1e-04|iter=300|words=100|mmr=0.70,train,d067f,converged,0.02,0.85,0.0001,300,100,True,0.7,0,3,0,0.0,0.0,0.0,0,0,0,99,0.99,134,2185,0.24520255863539445,3,0.022388059701492536,32.61194029850746,4,0.1033119210570852,0.1670610438990799,19,0.017542125000005626
t=0.02|d=0.85|tol=1e-04|iter=300|words=100|mmr=0.70,train,d068f,converged,0.02,0.85,0.0001,300,100,True,0.7,0,7,0,0.0,0.0,0.0,0,0,0,100,1.0,136,2364,0.257516339869281,4,0.029411764705882353,34.76470588235294,5,0.1277819010135278,0.9999999999999999,14,0.016229124999995292
t=0.02|d=0.85|tol=1e-04|iter=300|words=100|mmr=0.70,train,d069f,converged,0.02,0.85,0.0001,300,100,True,0.7,0,4,14,0.0,0.0,0.0,0,0,0,100,1.0,331,13715,0.2511214867710336,1,0.0030211480362537764,82.87009063444108,2,0.10646968269015883,0.14942039715156336,8,0.1044347499999958
t=0.02|d=0.85|tol=1e-04|iter=300|words=100|mmr=0.70,train,d070f,converged,0.02,0.85,0.0001,300,100,True,0.7,1,7,16,0.14285714285714285,0.0625,0.08695652173913043,1,1,1,100,1.0,167,3139,0.2264627371762499,8,0.04790419161676647,37.59281437125748,9,0.052971820844836065,0.3394669290404032,13,0.02159416599999986
t=0.02|d=0.85|tol=1e-04|iter=300|words=100|mmr=0.70,train,d071f,converged,0.02,0.85,0.0001,300,100,True,0.7,0,5,0,0.0,0.0,0.0,0,0,0,100,1.0,155,1238,0.10372852953498114,17,0.10967741935483871,15.974193548387097,22,0.04072328162753003,0.12346416812998832,22,0.015153374999997027
t=0.02|d=0.85|tol=1e-04|iter=300|words=100|mmr=0.70,train,d072f,converged,0.02,0.85,0.0001,300,100,True,0.7,0,7,0,0.0,0.0,0.0,0,0,0,100,1.0,378,10214,0.14334835024490197,5,0.013227513227513227,54.042328042328045,7,0.10569254796305809,0.6401152146171181,10,0.08463479099999915
t=0.02|d=0.85|tol=1e-04|iter=300|words=100|mmr=0.70,train,d073b,converged,0.02,0.85,0.0001,300,100,True,0.7,1,5,12,0.2,0.08333333333333333,0.11764705882352941,0,0,1,100,1.0,253,3704,0.11619298575820315,12,0.04743083003952569,29.280632411067195,18,0.04540607248173141,0.11981376361872152,25,0.0398293749999965
t=0.02|d=0.85|tol=1e-04|iter=300|words=100|mmr=0.70,train,d074b,converged,0.02,0.85,0.0001,300,100,True,0.7,0,6,0,0.0,0.0,0.0,0,0,0,100,1.0,256,2940,0.0900735294117647,10,0.0390625,22.96875,22,0.0578714638991911,0.41238301648149467,25,0.03496916699999986
t=0.02|d=0.85|tol=1e-04|iter=300|words=100|mmr=0.70,train,d075b,converged,0.02,0.85,0.0001,300,100,True,0.7,1,6,13,0.16666666666666666,0.07692307692307693,0.10526315789473684,0,1,1,100,1.0,277,10963,0.28679432846753516,1,0.0036101083032490976,79.15523465703971,2,0.041709678174563725,0.1746525119154121,9,0.054080749999997124
t=0.02|d=0.85|tol=1e-04|iter=300|words=100|mmr=0.70,train,d076b,converged,0.02,0.85,0.0001,300,100,True,0.7,0,7,13,0.0,0.0,0.0,0,0,0,100,1.0,323,8152,0.15676018691229351,4,0.01238390092879257,50.476780185758514,5,0.09592776240600331,0.2547666691658744,11,0.06263754200000449
t=0.02|d=0.85|tol=1e-04|iter=300|words=100|mmr=0.70,train,d077b,converged,0.02,0.85,0.0001,300,100,True,0.7,1,4,14,0.25,0.07142857142857142,0.11111111111111112,0,1,1,99,0.99,340,10608,0.184070796460177,1,0.0029411764705882353,62.4,2,0.12077568172187715,0.1548717551888946,11,0.07064595800000006
t=0.02|d=0.85|tol=1e-04|iter=300|words=100|mmr=0.70,train,d078b,converged,0.02,0.85,0.0001,300,100,True,0.7,0,5,0,0.0,0.0,0.0,0,0,0,100,1.0,276,5670,0.14940711462450593,1,0.0036231884057971015,41.08695652173913,2,0.09162436232222049,0.17916059524736813,10,0.04479329200000848
t=0.02|d=0.85|tol=1e-04|iter=300|words=100|mmr=0.70,train,d079a,converged,0.02,0.85,0.0001,300,100,True,0.7,1,4,14,0.25,0.07142857142857142,0.11111111111111112,1,1,1,99,0.99,316,11902,0.23914004420333534,1,0.0031645569620253164,75.32911392405063,2,0.08253917533593627,0.2305527285940876,11,0.06938795800000719
t=0.02|d=0.85|tol=1e-04|iter=300|words=100|mmr=0.70,train,d080a,converged,0.02,0.85,0.0001,300,100,True,0.7,1,5,10,0.2,0.1,0.13333333333333333,0,1,1,100,1.0,557,23902,0.1543598155586841,3,0.005385996409335727,85.82405745062836,4,0.17500286322707675,0.44325961017662285,12,0.17880708299999526
t=0.02|d=0.85|tol=1e-04|iter=300|words=100|mmr=0.70,train,d081a,converged,0.02,0.85,0.0001,300,100,True,0.7,0,5,17,0.0,0.0,0.0,0,0,0,100,1.0,299,9891,0.2220152185136136,8,0.026755852842809364,66.16053511705685,9,0.04557219265185699,0.17295440833658976,11,0.059531875000004675
t=0.02|d=0.85|tol=1e-04|iter=300|words=100|mmr=0.70,train,d082a,converged,0.02,0.85,0.0001,300,100,True,0.7,2,4,12,0.5,0.16666666666666666,0.25,1,1,1,100,1.0,209,4162,0.19147957305852042,0,0.0,39.82775119617225,2,0.06259706221261174,0.16886778933960314,9,0.030892332999997052
t=0.02|d=0.85|tol=1e-04|iter=300|words=100|mmr=0.70,train,d083a,converged,0.02,0.85,0.0001,300,100,True,0.7,0,4,17,0.0,0.0,0.0,0,0,0,100,1.0,224,5878,0.23534593209481103,1,0.004464285714285714,52.482142857142854,2,0.11609824027842675,0.23149666450745623,13,0.0379269579999999
t=0.02|d=0.85|tol=1e-04|iter=300|words=100|mmr=0.70,train,d084a,converged,0.02,0.85,0.0001,300,100,True,0.7,0,7,0,0.0,0.0,0.0,0,0,0,100,1.0,366,14382,0.21531551762856502,2,0.00546448087431694,78.59016393442623,5,0.1015663924408795,0.26512441540086007,13,0.09365629200000569
t=0.02|d=0.85|tol=1e-04|iter=300|words=100|mmr=0.70,train,d085d,converged,0.02,0.85,0.0001,300,100,True,0.7,0,5,0,0.0,0.0,0.0,0,0,0,100,1.0,224,4446,0.17801089045483665,1,0.004464285714285714,39.69642857142857,2,0.14240203021260536,0.5758265182499325,12,0.03558620800001222
t=0.02|d=0.85|tol=1e-04|iter=300|words=100|mmr=0.70,train,d086d,converged,0.02,0.85,0.0001,300,100,True,0.7,0,3,0,0.0,0.0,0.0,0,0,0,100,1.0,416,18314,0.2121640407784986,0,0.0,88.04807692307692,2,0.00267820437815618,0.00803461313446854,10,0.10881549999999152
t=0.02|d=0.85|tol=1e-04|iter=300|words=100|mmr=0.70,train,d087d,converged,0.02,0.85,0.0001,300,100,True,0.7,1,7,17,0.14285714285714285,0.058823529411764705,0.08333333333333333,0,1,1,100,1.0,292,7045,0.16581932872004895,4,0.0136986301369863,48.25342465753425,6,0.045442138418619646,0.22427752557709513,26,0.07202604100000087
t=0.02|d=0.85|tol=1e-04|iter=300|words=100|mmr=0.70,train,d089d,converged,0.02,0.85,0.0001,300,100,True,0.7,0,6,18,0.0,0.0,0.0,0,0,0,100,1.0,386,12656,0.170325011775789,2,0.0051813471502590676,65.57512953367876,3,0.06802976697774192,0.20870182526366293,12,0.09562287499998945
t=0.02|d=0.85|tol=1e-04|iter=300|words=100|mmr=0.70,train,d090d,converged,0.02,0.85,0.0001,300,100,True,0.7,0,7,0,0.0,0.0,0.0,0,0,0,99,0.99,261,6833,0.20138520483348069,5,0.019157088122605363,52.36015325670498,6,0.23629589099257603,1.0,12,0.049131082999991804
t=0.02|d=0.85|tol=1e-04|iter=300|words=100|mmr=0.70,train,d091c,converged,0.02,0.85,0.0001,300,100,True,0.7,1,5,13,0.2,0.07692307692307693,0.1111111111111111,1,1,1,100,1.0,280,7766,0.19882232462877625,1,0.0035714285714285713,55.47142857142857,3,0.06452605680983929,0.16965990484051685,13,0.05317900000000009
t=0.02|d=0.85|tol=1e-04|iter=300|words=100|mmr=0.70,train,d092c,converged,0.02,0.85,0.0001,300,100,True,0.7,0,5,19,0.0,0.0,0.0,0,0,0,100,1.0,291,5913,0.14013508709562744,11,0.037800687285223365,40.63917525773196,13,0.16519167737035517,0.4173701494751245,18,0.05597695900000588
t=0.02|d=0.85|tol=1e-04|iter=300|words=100|mmr=0.70,train,d093c,converged,0.02,0.85,0.0001,300,100,True,0.7,1,7,18,0.14285714285714285,0.05555555555555555,0.08,1,1,1,100,1.0,264,4181,0.12043438184122594,7,0.026515151515151516,31.674242424242426,14,0.08496133886243512,0.45410082900530824,20,0.05139533400000573
t=0.02|d=0.85|tol=1e-04|iter=300|words=100|mmr=0.70,train,d094c,converged,0.02,0.85,0.0001,300,100,True,0.7,2,4,10,0.5,0.2,0.28571428571428575,1,1,1,100,1.0,185,3542,0.20810810810810812,5,0.02702702702702703,38.29189189189189,6,0.06627974988669451,0.12669659804914624,10,0.03287933299999679
t=0.02|d=0.85|tol=1e-04|iter=300|words=100|mmr=0.70,train,d095c,converged,0.02,0.85,0.0001,300,100,True,0.7,1,5,13,0.2,0.07692307692307693,0.1111111111111111,0,0,1,99,0.99,240,4223,0.14724546722454673,4,0.016666666666666666,35.19166666666667,5,0.07469251204041197,0.265407035830987,13,0.04155379200000198
t=0.02|d=0.85|tol=1e-04|iter=300|words=100|mmr=0.70,train,d096c,converged,0.02,0.85,0.0001,300,100,True,0.7,1,12,15,0.08333333333333333,0.06666666666666667,0.07407407407407407,0,0,0,100,1.0,274,5372,0.14363252319456699,11,0.040145985401459854,39.21167883211679,17,0.14437723584712367,1.0,14,0.05262070799999208
t=0.02|d=0.85|tol=1e-04|iter=300|words=100|mmr=0.70,train,d097e,converged,0.02,0.85,0.0001,300,100,True,0.7,0,5,0,0.0,0.0,0.0,0,0,0,100,1.0,225,4651,0.18456349206349207,3,0.013333333333333334,41.34222222222222,4,0.03480704537638372,0.24086354009587335,12,0.03641712499999983
t=0.02|d=0.85|tol=1e-04|iter=300|words=100|mmr=0.70,train,d098e,converged,0.02,0.85,0.0001,300,100,True,0.7,0,4,0,0.0,0.0,0.0,0,0,0,100,1.0,454,19366,0.18832842236290612,1,0.0022026431718061676,85.31277533039648,4,0.04946827207037862,0.11936630012097926,11,0.13571254100000374
t=0.02|d=0.85|tol=1e-04|iter=300|words=100|mmr=0.70,train,d099e,converged,0.02,0.85,0.0001,300,100,True,0.7,2,4,20,0.5,0.1,0.16666666666666669,0,1,1,100,1.0,469,12534,0.11420917391066644,12,0.0255863539445629,53.449893390191896,15,0.0761726512431724,0.2092957886755061,11,0.10762174999999274
t=0.02|d=0.85|tol=1e-04|iter=300|words=100|mmr=0.70,train,d100e,converged,0.02,0.85,0.0001,300,100,True,0.7,0,5,10,0.0,0.0,0.0,0,0,0,100,1.0,592,20820,0.11901495404033476,11,0.018581081081081082,70.33783783783784,12,0.07268517558852014,0.2570884255951601,12,0.17271841699999868
t=0.02|d=0.85|tol=1e-04|iter=300|words=100|mmr=0.70,train,d101e,converged,0.02,0.85,0.0001,300,100,True,0.7,1,6,10,0.16666666666666666,0.1,0.125,0,0,1,100,1.0,514,15876,0.12041777595740323,12,0.023346303501945526,61.77431906614786,20,0.0363764858387686,0.15412488981132985,25,0.15930849999999452
t=0.02|d=0.85|tol=1e-04|iter=300|words=100|mmr=0.70,train,d102e,converged,0.02,0.85,0.0001,300,100,True,0.7,0,7,16,0.0,0.0,0.0,0,0,0,100,1.0,678,30836,0.1343598994348658,3,0.004424778761061947,90.96165191740413,5,0.09378986319781865,0.2182847832217777,21,0.30011508300000855
t=0.02|d=0.85|tol=1e-04|iter=300|words=100|mmr=0.70,train,d103g,converged,0.02,0.85,0.0001,300,100,True,0.7,0,9,18,0.0,0.0,0.0,0,0,0,100,1.0,219,4611,0.19316325248209124,8,0.0365296803652968,42.10958904109589,10,0.09878986517077659,1.0,13,0.03580300000000136
t=0.02|d=0.85|tol=1e-04|iter=300|words=100|mmr=0.70,train,d104g,converged,0.02,0.85,0.0001,300,100,True,0.7,0,7,0,0.0,0.0,0.0,0,0,0,100,1.0,352,14370,0.23261460761460762,0,0.0,81.64772727272727,1,0.10710099299344258,0.26471794472401455,13,0.08770691600000191
t=0.02|d=0.85|tol=1e-04|iter=300|words=100|mmr=0.70,train,d105g,converged,0.02,0.85,0.0001,300,100,True,0.7,0,4,11,0.0,0.0,0.0,0,0,0,100,1.0,266,5909,0.16765498652291105,4,0.015037593984962405,44.42857142857143,5,0.04045106851263574,0.08887360414854518,12,0.04811337499999979
t=0.02|d=0.85|tol=1e-04|iter=300|words=100|mmr=0.70,train,d106g,converged,0.02,0.85,0.0001,300,100,True,0.7,0,5,0,0.0,0.0,0.0,0,0,0,100,1.0,237,4067,0.14542658943002218,16,0.06751054852320675,34.32067510548523,17,0.0781676414471939,0.23708289736651472,15,0.03418008299999542
t=0.02|d=0.85|tol=1e-04|iter=300|words=100|mmr=0.70,train,d107g,converged,0.02,0.85,0.0001,300,100,True,0.7,2,5,12,0.4,0.16666666666666666,0.23529411764705882,1,1,1,100,1.0,271,4750,0.12983463167965012,4,0.014760147601476014,35.055350553505534,5,0.03857552325482258,0.10292341710174052,13,0.04401783299999806
t=0.02|d=0.85|tol=1e-04|iter=300|words=100|mmr=0.70,train,d108g,converged,0.02,0.85,0.0001,300,100,True,0.7,0,5,0,0.0,0.0,0.0,0,0,0,100,1.0,216,5330,0.22954349698535745,6,0.027777777777777776,49.351851851851855,7,0.06312044501901114,0.18545858619457245,12,0.03313383299999373
t=0.02|d=0.85|tol=1e-04|iter=300|words=100|mmr=0.70,train,d109h,converged,0.02,0.85,0.0001,300,100,True,0.7,1,5,20,0.2,0.05,0.08000000000000002,0,0,1,99,0.99,143,3351,0.3300502314586822,0,0.0,46.86713286713287,1,0.02721052841462392,0.18993614624064137,10,0.019466667000003213
t=0.02|d=0.85|tol=1e-04|iter=300|words=100|mmr=0.70,train,d110h,converged,0.02,0.85,0.0001,300,100,True,0.7,1,5,20,0.2,0.05,0.08000000000000002,0,1,1,100,1.0,453,23110,0.22573209087889975,2,0.004415011037527594,102.03090507726269,4,0.07221491561784345,0.17621645683465142,10,0.13188366699999676
t=0.02|d=0.85|tol=1e-04|iter=300|words=100|mmr=0.70,train,d111h,converged,0.02,0.85,0.0001,300,100,True,0.7,1,5,14,0.2,0.07142857142857142,0.10526315789473682,1,1,1,100,1.0,214,2837,0.12447896099337458,5,0.02336448598130841,26.514018691588785,6,0.0483479830087984,0.205259286881504,12,0.04035466699998835
t=0.02|d=0.85|tol=1e-04|iter=1000|words=100|mmr=0.70,train,d061j,converged,0.02,0.85,0.0001,1000,100,True,0.7,1,5,18,0.2,0.05555555555555555,0.08695652173913045,0,0,1,99,0.99,186,4037,0.23464109270560884,1,0.005376344086021506,43.40860215053763,2,0.13429842620730287,0.45430454776676077,12,0.02731483300000548
t=0.02|d=0.85|tol=1e-04|iter=1000|words=100|mmr=0.70,train,d062j,converged,0.02,0.85,0.0001,1000,100,True,0.7,0,6,0,0.0,0.0,0.0,0,0,0,98,0.98,120,1653,0.23151260504201682,2,0.016666666666666666,27.55,3,0.07196848072945318,0.24710351783829648,10,0.014015708000002292
t=0.02|d=0.85|tol=1e-04|iter=1000|words=100|mmr=0.70,train,d063j,converged,0.02,0.85,0.0001,1000,100,True,0.7,0,3,18,0.0,0.0,0.0,0,0,0,100,1.0,253,4848,0.1520798042537173,3,0.011857707509881422,38.32411067193676,4,0.22152607046561681,0.3530378592180876,13,0.05293466599999874
t=0.02|d=0.85|tol=1e-04|iter=1000|words=100|mmr=0.70,train,d064j,converged,0.02,0.85,0.0001,1000,100,True,0.7,1,7,19,0.14285714285714285,0.05263157894736842,0.07692307692307693,1,1,1,100,1.0,199,3319,0.1684686056545353,2,0.010050251256281407,33.35678391959799,3,0.05058519596002425,0.17190936472085516,9,0.02759758399999157
t=0.02|d=0.85|tol=1e-04|iter=1000|words=100|mmr=0.70,train,d065j,converged,0.02,0.85,0.0001,1000,100,True,0.7,1,5,12,0.2,0.08333333333333333,0.11764705882352941,1,1,1,100,1.0,309,6864,0.14424410540915394,13,0.042071197411003236,44.42718446601942,15,0.06346017987190197,0.14503770614306322,13,0.056056707999999844
t=0.02|d=0.85|tol=1e-04|iter=1000|words=100|mmr=0.70,train,d066j,converged,0.02,0.85,0.0001,1000,100,True,0.7,0,5,19,0.0,0.0,0.0,0,0,0,100,1.0,204,3853,0.18608132908335748,5,0.024509803921568627,37.77450980392157,6,0.04248254556818008,0.23638592932847835,12,0.028483292000004212
t=0.02|d=0.85|tol=1e-04|iter=1000|words=100|mmr=0.70,train,d067f,converged,0.02,0.85,0.0001,1000,100,True,0.7,0,3,0,0.0,0.0,0.0,0,0,0,99,0.99,134,2185,0.24520255863539445,3,0.022388059701492536,32.61194029850746,4,0.1033119210570852,0.1670610438990799,19,0.018085541999994348
t=0.02|d=0.85|tol=1e-04|iter=1000|words=100|mmr=0.70,train,d068f,converged,0.02,0.85,0.0001,1000,100,True,0.7,0,7,0,0.0,0.0,0.0,0,0,0,100,1.0,136,2364,0.257516339869281,4,0.029411764705882353,34.76470588235294,5,0.1277819010135278,0.9999999999999999,14,0.016500374999992573
t=0.02|d=0.85|tol=1e-04|iter=1000|words=100|mmr=0.70,train,d069f,converged,0.02,0.85,0.0001,1000,100,True,0.7,0,4,14,0.0,0.0,0.0,0,0,0,100,1.0,331,13715,0.2511214867710336,1,0.0030211480362537764,82.87009063444108,2,0.10646968269015883,0.14942039715156336,8,0.07779112500000451
t=0.02|d=0.85|tol=1e-04|iter=1000|words=100|mmr=0.70,train,d070f,converged,0.02,0.85,0.0001,1000,100,True,0.7,1,7,16,0.14285714285714285,0.0625,0.08695652173913043,1,1,1,100,1.0,167,3139,0.2264627371762499,8,0.04790419161676647,37.59281437125748,9,0.052971820844836065,0.3394669290404032,13,0.022023583000006397
t=0.02|d=0.85|tol=1e-04|iter=1000|words=100|mmr=0.70,train,d071f,converged,0.02,0.85,0.0001,1000,100,True,0.7,0,5,0,0.0,0.0,0.0,0,0,0,100,1.0,155,1238,0.10372852953498114,17,0.10967741935483871,15.974193548387097,22,0.04072328162753003,0.12346416812998832,22,0.015289834000000724
t=0.02|d=0.85|tol=1e-04|iter=1000|words=100|mmr=0.70,train,d072f,converged,0.02,0.85,0.0001,1000,100,True,0.7,0,7,0,0.0,0.0,0.0,0,0,0,100,1.0,378,10214,0.14334835024490197,5,0.013227513227513227,54.042328042328045,7,0.10569254796305809,0.6401152146171181,10,0.08923083300000201
t=0.02|d=0.85|tol=1e-04|iter=1000|words=100|mmr=0.70,train,d073b,converged,0.02,0.85,0.0001,1000,100,True,0.7,1,5,12,0.2,0.08333333333333333,0.11764705882352941,0,0,1,100,1.0,253,3704,0.11619298575820315,12,0.04743083003952569,29.280632411067195,18,0.04540607248173141,0.11981376361872152,25,0.042722292000007656
t=0.02|d=0.85|tol=1e-04|iter=1000|words=100|mmr=0.70,train,d074b,converged,0.02,0.85,0.0001,1000,100,True,0.7,0,6,0,0.0,0.0,0.0,0,0,0,100,1.0,256,2940,0.0900735294117647,10,0.0390625,22.96875,22,0.0578714638991911,0.41238301648149467,25,0.03783962500000371
t=0.02|d=0.85|tol=1e-04|iter=1000|words=100|mmr=0.70,train,d075b,converged,0.02,0.85,0.0001,1000,100,True,0.7,1,6,13,0.16666666666666666,0.07692307692307693,0.10526315789473684,0,1,1,100,1.0,277,10963,0.28679432846753516,1,0.0036101083032490976,79.15523465703971,2,0.041709678174563725,0.1746525119154121,9,0.05450762499999939
t=0.02|d=0.85|tol=1e-04|iter=1000|words=100|mmr=0.70,train,d076b,converged,0.02,0.85,0.0001,1000,100,True,0.7,0,7,13,0.0,0.0,0.0,0,0,0,100,1.0,323,8152,0.15676018691229351,4,0.01238390092879257,50.476780185758514,5,0.09592776240600331,0.2547666691658744,11,0.06361279099999706
t=0.02|d=0.85|tol=1e-04|iter=1000|words=100|mmr=0.70,train,d077b,converged,0.02,0.85,0.0001,1000,100,True,0.7,1,4,14,0.25,0.07142857142857142,0.11111111111111112,0,1,1,99,0.99,340,10608,0.184070796460177,1,0.0029411764705882353,62.4,2,0.12077568172187715,0.1548717551888946,11,0.07110133300000143
t=0.02|d=0.85|tol=1e-04|iter=1000|words=100|mmr=0.70,train,d078b,converged,0.02,0.85,0.0001,1000,100,True,0.7,0,5,0,0.0,0.0,0.0,0,0,0,100,1.0,276,5670,0.14940711462450593,1,0.0036231884057971015,41.08695652173913,2,0.09162436232222049,0.17916059524736813,10,0.04335354200000552
t=0.02|d=0.85|tol=1e-04|iter=1000|words=100|mmr=0.70,train,d079a,converged,0.02,0.85,0.0001,1000,100,True,0.7,1,4,14,0.25,0.07142857142857142,0.11111111111111112,1,1,1,99,0.99,316,11902,0.23914004420333534,1,0.0031645569620253164,75.32911392405063,2,0.08253917533593627,0.2305527285940876,11,0.0703199579999989
t=0.02|d=0.85|tol=1e-04|iter=1000|words=100|mmr=0.70,train,d080a,converged,0.02,0.85,0.0001,1000,100,True,0.7,1,5,10,0.2,0.1,0.13333333333333333,0,1,1,100,1.0,557,23902,0.1543598155586841,3,0.005385996409335727,85.82405745062836,4,0.17500286322707675,0.44325961017662285,12,0.1755072089999885
t=0.02|d=0.85|tol=1e-04|iter=1000|words=100|mmr=0.70,train,d081a,converged,0.02,0.85,0.0001,1000,100,True,0.7,0,5,17,0.0,0.0,0.0,0,0,0,100,1.0,299,9891,0.2220152185136136,8,0.026755852842809364,66.16053511705685,9,0.04557219265185699,0.17295440833658976,11,0.0606994159999914
t=0.02|d=0.85|tol=1e-04|iter=1000|words=100|mmr=0.70,train,d082a,converged,0.02,0.85,0.0001,1000,100,True,0.7,2,4,12,0.5,0.16666666666666666,0.25,1,1,1,100,1.0,209,4162,0.19147957305852042,0,0.0,39.82775119617225,2,0.06259706221261174,0.16886778933960314,9,0.031593083000004185
t=0.02|d=0.85|tol=1e-04|iter=1000|words=100|mmr=0.70,train,d083a,converged,0.02,0.85,0.0001,1000,100,True,0.7,0,4,17,0.0,0.0,0.0,0,0,0,100,1.0,224,5878,0.23534593209481103,1,0.004464285714285714,52.482142857142854,2,0.11609824027842675,0.23149666450745623,13,0.04059699999999111
t=0.02|d=0.85|tol=1e-04|iter=1000|words=100|mmr=0.70,train,d084a,converged,0.02,0.85,0.0001,1000,100,True,0.7,0,7,0,0.0,0.0,0.0,0,0,0,100,1.0,366,14382,0.21531551762856502,2,0.00546448087431694,78.59016393442623,5,0.1015663924408795,0.26512441540086007,13,0.10563312499999711
t=0.02|d=0.85|tol=1e-04|iter=1000|words=100|mmr=0.70,train,d085d,converged,0.02,0.85,0.0001,1000,100,True,0.7,0,5,0,0.0,0.0,0.0,0,0,0,100,1.0,224,4446,0.17801089045483665,1,0.004464285714285714,39.69642857142857,2,0.14240203021260536,0.5758265182499325,12,0.044105749999999944
t=0.02|d=0.85|tol=1e-04|iter=1000|words=100|mmr=0.70,train,d086d,converged,0.02,0.85,0.0001,1000,100,True,0.7,0,3,0,0.0,0.0,0.0,0,0,0,100,1.0,416,18314,0.2121640407784986,0,0.0,88.04807692307692,2,0.00267820437815618,0.00803461313446854,10,0.11169074999999395
t=0.02|d=0.85|tol=1e-04|iter=1000|words=100|mmr=0.70,train,d087d,converged,0.02,0.85,0.0001,1000,100,True,0.7,1,7,17,0.14285714285714285,0.058823529411764705,0.08333333333333333,0,1,1,100,1.0,292,7045,0.16581932872004895,4,0.0136986301369863,48.25342465753425,6,0.045442138418619646,0.22427752557709513,26,0.0718255409999955
t=0.02|d=0.85|tol=1e-04|iter=1000|words=100|mmr=0.70,train,d089d,converged,0.02,0.85,0.0001,1000,100,True,0.7,0,6,18,0.0,0.0,0.0,0,0,0,100,1.0,386,12656,0.170325011775789,2,0.0051813471502590676,65.57512953367876,3,0.06802976697774192,0.20870182526366293,12,0.0929242920000064
t=0.02|d=0.85|tol=1e-04|iter=1000|words=100|mmr=0.70,train,d090d,converged,0.02,0.85,0.0001,1000,100,True,0.7,0,7,0,0.0,0.0,0.0,0,0,0,99,0.99,261,6833,0.20138520483348069,5,0.019157088122605363,52.36015325670498,6,0.23629589099257603,1.0,12,0.04648870799999827
t=0.02|d=0.85|tol=1e-04|iter=1000|words=100|mmr=0.70,train,d091c,converged,0.02,0.85,0.0001,1000,100,True,0.7,1,5,13,0.2,0.07692307692307693,0.1111111111111111,1,1,1,100,1.0,280,7766,0.19882232462877625,1,0.0035714285714285713,55.47142857142857,3,0.06452605680983929,0.16965990484051685,13,0.05213012500000502
t=0.02|d=0.85|tol=1e-04|iter=1000|words=100|mmr=0.70,train,d092c,converged,0.02,0.85,0.0001,1000,100,True,0.7,0,5,19,0.0,0.0,0.0,0,0,0,100,1.0,291,5913,0.14013508709562744,11,0.037800687285223365,40.63917525773196,13,0.16519167737035517,0.4173701494751245,18,0.05404054199999564
t=0.02|d=0.85|tol=1e-04|iter=1000|words=100|mmr=0.70,train,d093c,converged,0.02,0.85,0.0001,1000,100,True,0.7,1,7,18,0.14285714285714285,0.05555555555555555,0.08,1,1,1,100,1.0,264,4181,0.12043438184122594,7,0.026515151515151516,31.674242424242426,14,0.08496133886243512,0.45410082900530824,20,0.041645500000001334
t=0.02|d=0.85|tol=1e-04|iter=1000|words=100|mmr=0.70,train,d094c,converged,0.02,0.85,0.0001,1000,100,True,0.7,2,4,10,0.5,0.2,0.28571428571428575,1,1,1,100,1.0,185,3542,0.20810810810810812,5,0.02702702702702703,38.29189189189189,6,0.06627974988669451,0.12669659804914624,10,0.024915500000005864
t=0.02|d=0.85|tol=1e-04|iter=1000|words=100|mmr=0.70,train,d095c,converged,0.02,0.85,0.0001,1000,100,True,0.7,1,5,13,0.2,0.07692307692307693,0.1111111111111111,0,0,1,99,0.99,240,4223,0.14724546722454673,4,0.016666666666666666,35.19166666666667,5,0.07469251204041197,0.265407035830987,13,0.03590345799999284
t=0.02|d=0.85|tol=1e-04|iter=1000|words=100|mmr=0.70,train,d096c,converged,0.02,0.85,0.0001,1000,100,True,0.7,1,12,15,0.08333333333333333,0.06666666666666667,0.07407407407407407,0,0,0,100,1.0,274,5372,0.14363252319456699,11,0.040145985401459854,39.21167883211679,17,0.14437723584712367,1.0,14,0.044122749999999655
t=0.02|d=0.85|tol=1e-04|iter=1000|words=100|mmr=0.70,train,d097e,converged,0.02,0.85,0.0001,1000,100,True,0.7,0,5,0,0.0,0.0,0.0,0,0,0,100,1.0,225,4651,0.18456349206349207,3,0.013333333333333334,41.34222222222222,4,0.03480704537638372,0.24086354009587335,12,0.036632624999995755
t=0.02|d=0.85|tol=1e-04|iter=1000|words=100|mmr=0.70,train,d098e,converged,0.02,0.85,0.0001,1000,100,True,0.7,0,4,0,0.0,0.0,0.0,0,0,0,100,1.0,454,19366,0.18832842236290612,1,0.0022026431718061676,85.31277533039648,4,0.04946827207037862,0.11936630012097926,11,0.13748124999999334
t=0.02|d=0.85|tol=1e-04|iter=1000|words=100|mmr=0.70,train,d099e,converged,0.02,0.85,0.0001,1000,100,True,0.7,2,4,20,0.5,0.1,0.16666666666666669,0,1,1,100,1.0,469,12534,0.11420917391066644,12,0.0255863539445629,53.449893390191896,15,0.0761726512431724,0.2092957886755061,11,0.12405233300000873
t=0.02|d=0.85|tol=1e-04|iter=1000|words=100|mmr=0.70,train,d100e,converged,0.02,0.85,0.0001,1000,100,True,0.7,0,5,10,0.0,0.0,0.0,0,0,0,100,1.0,592,20820,0.11901495404033476,11,0.018581081081081082,70.33783783783784,12,0.07268517558852014,0.2570884255951601,12,0.17264545899999462
t=0.02|d=0.85|tol=1e-04|iter=1000|words=100|mmr=0.70,train,d101e,converged,0.02,0.85,0.0001,1000,100,True,0.7,1,6,10,0.16666666666666666,0.1,0.125,0,0,1,100,1.0,514,15876,0.12041777595740323,12,0.023346303501945526,61.77431906614786,20,0.0363764858387686,0.15412488981132985,25,0.161581874999996
t=0.02|d=0.85|tol=1e-04|iter=1000|words=100|mmr=0.70,train,d102e,converged,0.02,0.85,0.0001,1000,100,True,0.7,0,7,16,0.0,0.0,0.0,0,0,0,100,1.0,678,30836,0.1343598994348658,3,0.004424778761061947,90.96165191740413,5,0.09378986319781865,0.2182847832217777,21,0.29584429099999454
t=0.02|d=0.85|tol=1e-04|iter=1000|words=100|mmr=0.70,train,d103g,converged,0.02,0.85,0.0001,1000,100,True,0.7,0,9,18,0.0,0.0,0.0,0,0,0,100,1.0,219,4611,0.19316325248209124,8,0.0365296803652968,42.10958904109589,10,0.09878986517077659,1.0,13,0.03693620900000383
t=0.02|d=0.85|tol=1e-04|iter=1000|words=100|mmr=0.70,train,d104g,converged,0.02,0.85,0.0001,1000,100,True,0.7,0,7,0,0.0,0.0,0.0,0,0,0,100,1.0,352,14370,0.23261460761460762,0,0.0,81.64772727272727,1,0.10710099299344258,0.26471794472401455,13,0.08858000000000743
t=0.02|d=0.85|tol=1e-04|iter=1000|words=100|mmr=0.70,train,d105g,converged,0.02,0.85,0.0001,1000,100,True,0.7,0,4,11,0.0,0.0,0.0,0,0,0,100,1.0,266,5909,0.16765498652291105,4,0.015037593984962405,44.42857142857143,5,0.04045106851263574,0.08887360414854518,12,0.04708387499999844
t=0.02|d=0.85|tol=1e-04|iter=1000|words=100|mmr=0.70,train,d106g,converged,0.02,0.85,0.0001,1000,100,True,0.7,0,5,0,0.0,0.0,0.0,0,0,0,100,1.0,237,4067,0.14542658943002218,16,0.06751054852320675,34.32067510548523,17,0.0781676414471939,0.23708289736651472,15,0.0343015830000013
t=0.02|d=0.85|tol=1e-04|iter=1000|words=100|mmr=0.70,train,d107g,converged,0.02,0.85,0.0001,1000,100,True,0.7,2,5,12,0.4,0.16666666666666666,0.23529411764705882,1,1,1,100,1.0,271,4750,0.12983463167965012,4,0.014760147601476014,35.055350553505534,5,0.03857552325482258,0.10292341710174052,13,0.04367087499998945
t=0.02|d=0.85|tol=1e-04|iter=1000|words=100|mmr=0.70,train,d108g,converged,0.02,0.85,0.0001,1000,100,True,0.7,0,5,0,0.0,0.0,0.0,0,0,0,100,1.0,216,5330,0.22954349698535745,6,0.027777777777777776,49.351851851851855,7,0.06312044501901114,0.18545858619457245,12,0.03210370800000817
t=0.02|d=0.85|tol=1e-04|iter=1000|words=100|mmr=0.70,train,d109h,converged,0.02,0.85,0.0001,1000,100,True,0.7,1,5,20,0.2,0.05,0.08000000000000002,0,0,1,99,0.99,143,3351,0.3300502314586822,0,0.0,46.86713286713287,1,0.02721052841462392,0.18993614624064137,10,0.01926108300000351
t=0.02|d=0.85|tol=1e-04|iter=1000|words=100|mmr=0.70,train,d110h,converged,0.02,0.85,0.0001,1000,100,True,0.7,1,5,20,0.2,0.05,0.08000000000000002,0,1,1,100,1.0,453,23110,0.22573209087889975,2,0.004415011037527594,102.03090507726269,4,0.07221491561784345,0.17621645683465142,10,0.1476387499999987
t=0.02|d=0.85|tol=1e-04|iter=1000|words=100|mmr=0.70,train,d111h,converged,0.02,0.85,0.0001,1000,100,True,0.7,1,5,14,0.2,0.07142857142857142,0.10526315789473682,1,1,1,100,1.0,214,2837,0.12447896099337458,5,0.02336448598130841,26.514018691588785,6,0.0483479830087984,0.205259286881504,12,0.02880216700000915
t=0.02|d=0.85|tol=1e-06|iter=100|words=100|mmr=0.70,train,d061j,converged,0.02,0.85,1e-06,100,100,True,0.7,1,5,18,0.2,0.05555555555555555,0.08695652173913045,0,0,1,99,0.99,186,4037,0.23464109270560884,1,0.005376344086021506,43.40860215053763,2,0.13429842620730287,0.45430454776676077,20,0.030603667000008272
t=0.02|d=0.85|tol=1e-06|iter=100|words=100|mmr=0.70,train,d062j,converged,0.02,0.85,1e-06,100,100,True,0.7,0,6,0,0.0,0.0,0.0,0,0,0,98,0.98,120,1653,0.23151260504201682,2,0.016666666666666666,27.55,3,0.07196848072945318,0.24710351783829648,16,0.013632041999997568
t=0.02|d=0.85|tol=1e-06|iter=100|words=100|mmr=0.70,train,d063j,converged,0.02,0.85,1e-06,100,100,True,0.7,0,3,18,0.0,0.0,0.0,0,0,0,100,1.0,253,4848,0.1520798042537173,3,0.011857707509881422,38.32411067193676,4,0.22152607046561681,0.3530378592180876,26,0.048758707999994044
t=0.02|d=0.85|tol=1e-06|iter=100|words=100|mmr=0.70,train,d064j,converged,0.02,0.85,1e-06,100,100,True,0.7,1,7,19,0.14285714285714285,0.05263157894736842,0.07692307692307693,1,1,1,100,1.0,199,3319,0.1684686056545353,2,0.010050251256281407,33.35678391959799,3,0.05058519596002425,0.17190936472085516,15,0.03610079199999916
t=0.02|d=0.85|tol=1e-06|iter=100|words=100|mmr=0.70,train,d065j,converged,0.02,0.85,1e-06,100,100,True,0.7,1,5,12,0.2,0.08333333333333333,0.11764705882352941,1,1,1,100,1.0,309,6864,0.14424410540915394,13,0.042071197411003236,44.42718446601942,15,0.06346017987190197,0.14503770614306322,25,0.07863675000000114
t=0.02|d=0.85|tol=1e-06|iter=100|words=100|mmr=0.70,train,d066j,converged,0.02,0.85,1e-06,100,100,True,0.7,0,5,19,0.0,0.0,0.0,0,0,0,100,1.0,204,3853,0.18608132908335748,5,0.024509803921568627,37.77450980392157,6,0.04248254556818008,0.23638592932847835,33,0.04094500000000778
t=0.02|d=0.85|tol=1e-06|iter=100|words=100|mmr=0.70,train,d067f,converged,0.02,0.85,1e-06,100,100,True,0.7,0,3,0,0.0,0.0,0.0,0,0,0,99,0.99,134,2185,0.24520255863539445,3,0.022388059701492536,32.61194029850746,4,0.1033119210570852,0.1670610438990799,41,0.02622574999999472
t=0.02|d=0.85|tol=1e-06|iter=100|words=100|mmr=0.70,train,d068f,converged,0.02,0.85,1e-06,100,100,True,0.7,0,7,0,0.0,0.0,0.0,0,0,0,100,1.0,136,2364,0.257516339869281,4,0.029411764705882353,34.76470588235294,5,0.1277819010135278,0.9999999999999999,26,0.02303887500001167
t=0.02|d=0.85|tol=1e-06|iter=100|words=100|mmr=0.70,train,d069f,converged,0.02,0.85,1e-06,100,100,True,0.7,0,4,14,0.0,0.0,0.0,0,0,0,100,1.0,331,13715,0.2511214867710336,1,0.0030211480362537764,82.87009063444108,2,0.10646968269015883,0.14942039715156336,12,0.08734691699999075
t=0.02|d=0.85|tol=1e-06|iter=100|words=100|mmr=0.70,train,d070f,converged,0.02,0.85,1e-06,100,100,True,0.7,1,7,16,0.14285714285714285,0.0625,0.08695652173913043,1,1,1,100,1.0,167,3139,0.2264627371762499,8,0.04790419161676647,37.59281437125748,9,0.052971820844836065,0.3394669290404032,23,0.025979333999998744
t=0.02|d=0.85|tol=1e-06|iter=100|words=100|mmr=0.70,train,d071f,converged,0.02,0.85,1e-06,100,100,True,0.7,0,5,0,0.0,0.0,0.0,0,0,0,100,1.0,155,1238,0.10372852953498114,17,0.10967741935483871,15.974193548387097,22,0.04072328162753003,0.12346416812998832,43,0.019081624999998326
t=0.02|d=0.85|tol=1e-06|iter=100|words=100|mmr=0.70,train,d072f,converged,0.02,0.85,1e-06,100,100,True,0.7,0,7,0,0.0,0.0,0.0,0,0,0,100,1.0,378,10214,0.14334835024490197,5,0.013227513227513227,54.042328042328045,7,0.10569254796305809,0.6401152146171181,16,0.09404929100000459
t=0.02|d=0.85|tol=1e-06|iter=100|words=100|mmr=0.70,train,d073b,converged,0.02,0.85,1e-06,100,100,True,0.7,1,5,12,0.2,0.08333333333333333,0.11764705882352941,0,0,1,100,1.0,253,3704,0.11619298575820315,12,0.04743083003952569,29.280632411067195,18,0.04540607248173141,0.11981376361872152,47,0.0518656249999907
t=0.02|d=0.85|tol=1e-06|iter=100|words=100|mmr=0.70,train,d074b,converged,0.02,0.85,1e-06,100,100,True,0.7,0,6,0,0.0,0.0,0.0,0,0,0,100,1.0,256,2940,0.0900735294117647,10,0.0390625,22.96875,22,0.0578714638991911,0.41238301648149467,50,0.04674591700000974
t=0.02|d=0.85|tol=1e-06|iter=100|words=100|mmr=0.70,train,d075b,converged,0.02,0.85,1e-06,100,100,True,0.7,1,6,13,0.16666666666666666,0.07692307692307693,0.10526315789473684,0,1,1,100,1.0,277,10963,0.28679432846753516,1,0.0036101083032490976,79.15523465703971,2,0.041709678174563725,0.1746525119154121,14,0.06231470800000238
t=0.02|d=0.85|tol=1e-06|iter=100|words=100|mmr=0.70,train,d076b,converged,0.02,0.85,1e-06,100,100,True,0.7,0,7,13,0.0,0.0,0.0,0,0,0,100,1.0,323,8152,0.15676018691229351,4,0.01238390092879257,50.476780185758514,5,0.09592776240600331,0.2547666691658744,18,0.07618558399998676
t=0.02|d=0.85|tol=1e-06|iter=100|words=100|mmr=0.70,train,d077b,converged,0.02,0.85,1e-06,100,100,True,0.7,1,4,14,0.25,0.07142857142857142,0.11111111111111112,0,1,1,99,0.99,340,10608,0.184070796460177,1,0.0029411764705882353,62.4,2,0.12077568172187715,0.1548717551888946,18,0.08237587499999677
t=0.02|d=0.85|tol=1e-06|iter=100|words=100|mmr=0.70,train,d078b,converged,0.02,0.85,1e-06,100,100,True,0.7,0,5,0,0.0,0.0,0.0,0,0,0,100,1.0,276,5670,0.14940711462450593,1,0.0036231884057971015,41.08695652173913,2,0.09162436232222049,0.17916059524736813,18,0.05015870900000152
t=0.02|d=0.85|tol=1e-06|iter=100|words=100|mmr=0.70,train,d079a,converged,0.02,0.85,1e-06,100,100,True,0.7,1,4,14,0.25,0.07142857142857142,0.11111111111111112,1,1,1,99,0.99,316,11902,0.23914004420333534,1,0.0031645569620253164,75.32911392405063,2,0.08253917533593627,0.2305527285940876,18,0.08268020900000295
t=0.02|d=0.85|tol=1e-06|iter=100|words=100|mmr=0.70,train,d080a,converged,0.02,0.85,1e-06,100,100,True,0.7,1,5,10,0.2,0.1,0.13333333333333333,0,1,1,100,1.0,557,23902,0.1543598155586841,3,0.005385996409335727,85.82405745062836,4,0.17500286322707675,0.44325961017662285,19,0.20569424999999342
t=0.02|d=0.85|tol=1e-06|iter=100|words=100|mmr=0.70,train,d081a,converged,0.02,0.85,1e-06,100,100,True,0.7,0,5,17,0.0,0.0,0.0,0,0,0,100,1.0,299,9891,0.2220152185136136,8,0.026755852842809364,66.16053511705685,9,0.04557219265185699,0.17295440833658976,27,0.08419987499999593
t=0.02|d=0.85|tol=1e-06|iter=100|words=100|mmr=0.70,train,d082a,converged,0.02,0.85,1e-06,100,100,True,0.7,2,4,12,0.5,0.16666666666666666,0.25,1,1,1,100,1.0,209,4162,0.19147957305852042,0,0.0,39.82775119617225,2,0.06259706221261174,0.16886778933960314,15,0.03394520800000578
t=0.02|d=0.85|tol=1e-06|iter=100|words=100|mmr=0.70,train,d083a,converged,0.02,0.85,1e-06,100,100,True,0.7,0,6,17,0.0,0.0,0.0,0,0,0,100,1.0,224,5878,0.23534593209481103,1,0.004464285714285714,52.482142857142854,2,0.15503072701818044,1.0,23,0.04710445799999263
t=0.02|d=0.85|tol=1e-06|iter=100|words=100|mmr=0.70,train,d084a,converged,0.02,0.85,1e-06,100,100,True,0.7,0,7,0,0.0,0.0,0.0,0,0,0,100,1.0,366,14382,0.21531551762856502,2,0.00546448087431694,78.59016393442623,5,0.1015663924408795,0.26512441540086007,25,0.11893549999999209
t=0.02|d=0.85|tol=1e-06|iter=100|words=100|mmr=0.70,train,d085d,converged,0.02,0.85,1e-06,100,100,True,0.7,0,5,0,0.0,0.0,0.0,0,0,0,100,1.0,224,4446,0.17801089045483665,1,0.004464285714285714,39.69642857142857,2,0.14240203021260536,0.5758265182499325,19,0.03899637499999642
t=0.02|d=0.85|tol=1e-06|iter=100|words=100|mmr=0.70,train,d086d,converged,0.02,0.85,1e-06,100,100,True,0.7,0,3,0,0.0,0.0,0.0,0,0,0,100,1.0,416,18314,0.2121640407784986,0,0.0,88.04807692307692,2,0.00267820437815618,0.00803461313446854,18,0.13071175000000324
t=0.02|d=0.85|tol=1e-06|iter=100|words=100|mmr=0.70,train,d087d,converged,0.02,0.85,1e-06,100,100,True,0.7,1,7,17,0.14285714285714285,0.058823529411764705,0.08333333333333333,0,1,1,100,1.0,292,7045,0.16581932872004895,4,0.0136986301369863,48.25342465753425,6,0.045442138418619646,0.22427752557709513,55,0.10509650000000192
t=0.02|d=0.85|tol=1e-06|iter=100|words=100|mmr=0.70,train,d089d,converged,0.02,0.85,1e-06,100,100,True,0.7,0,6,18,0.0,0.0,0.0,0,0,0,100,1.0,386,12656,0.170325011775789,2,0.0051813471502590676,65.57512953367876,3,0.06802976697774192,0.20870182526366293,21,0.12064995800000133
t=0.02|d=0.85|tol=1e-06|iter=100|words=100|mmr=0.70,train,d090d,converged,0.02,0.85,1e-06,100,100,True,0.7,0,7,0,0.0,0.0,0.0,0,0,0,99,0.99,261,6833,0.20138520483348069,5,0.019157088122605363,52.36015325670498,6,0.23629589099257603,1.0,18,0.05769537500000865
t=0.02|d=0.85|tol=1e-06|iter=100|words=100|mmr=0.70,train,d091c,converged,0.02,0.85,1e-06,100,100,True,0.7,1,6,13,0.16666666666666666,0.07692307692307693,0.10526315789473684,0,1,1,100,1.0,280,7766,0.19882232462877625,1,0.0035714285714285713,55.47142857142857,3,0.04301737120655953,0.16965990484051685,24,0.07024383399999579
t=0.02|d=0.85|tol=1e-06|iter=100|words=100|mmr=0.70,train,d092c,converged,0.02,0.85,1e-06,100,100,True,0.7,0,5,19,0.0,0.0,0.0,0,0,0,100,1.0,291,5913,0.14013508709562744,11,0.037800687285223365,40.63917525773196,13,0.16519167737035517,0.4173701494751245,37,0.07833329199999639
t=0.02|d=0.85|tol=1e-06|iter=100|words=100|mmr=0.70,train,d093c,converged,0.02,0.85,1e-06,100,100,True,0.7,1,7,18,0.14285714285714285,0.05555555555555555,0.08,1,1,1,100,1.0,264,4181,0.12043438184122594,7,0.026515151515151516,31.674242424242426,14,0.08496133886243512,0.45410082900530824,40,0.05875345900000184
t=0.02|d=0.85|tol=1e-06|iter=100|words=100|mmr=0.70,train,d094c,converged,0.02,0.85,1e-06,100,100,True,0.7,2,4,10,0.5,0.2,0.28571428571428575,1,1,1,100,1.0,185,3542,0.20810810810810812,5,0.02702702702702703,38.29189189189189,6,0.06627974988669451,0.12669659804914624,17,0.031085291000010784
t=0.02|d=0.85|tol=1e-06|iter=100|words=100|mmr=0.70,train,d095c,converged,0.02,0.85,1e-06,100,100,True,0.7,1,5,13,0.2,0.07692307692307693,0.1111111111111111,0,0,1,99,0.99,240,4223,0.14724546722454673,4,0.016666666666666666,35.19166666666667,5,0.07469251204041197,0.265407035830987,24,0.047208250000011276
t=0.02|d=0.85|tol=1e-06|iter=100|words=100|mmr=0.70,train,d096c,converged,0.02,0.85,1e-06,100,100,True,0.7,1,12,15,0.08333333333333333,0.06666666666666667,0.07407407407407407,0,0,0,100,1.0,274,5372,0.14363252319456699,11,0.040145985401459854,39.21167883211679,17,0.14437723584712367,1.0,29,0.06140625000000455
t=0.02|d=0.85|tol=1e-06|iter=100|words=100|mmr=0.70,train,d097e,converged,0.02,0.85,1e-06,100,100,True,0.7,0,5,0,0.0,0.0,0.0,0,0,0,100,1.0,225,4651,0.18456349206349207,3,0.013333333333333334,41.34222222222222,4,0.03480704537638372,0.24086354009587335,19,0.04199516699999606
t=0.02|d=0.85|tol=1e-06|iter=100|words=100|mmr=0.70,train,d098e,converged,0.02,0.85,1e-06,100,100,True,0.7,0,4,0,0.0,0.0,0.0,0,0,0,100,1.0,454,19366,0.18832842236290612,1,0.0022026431718061676,85.31277533039648,4,0.04946827207037862,0.11936630012097926,24,0.18078599999999767
t=0.02|d=0.85|tol=1e-06|iter=100|words=100|mmr=0.70,train,d099e,converged,0.02,0.85,1e-06,100,100,True,0.7,2,4,20,0.5,0.1,0.16666666666666669,0,1,1,100,1.0,469,12534,0.11420917391066644,12,0.0255863539445629,53.449893390191896,15,0.0761726512431724,0.2092957886755061,27,0.148598082999996
t=0.02|d=0.85|tol=1e-06|iter=100|words=100|mmr=0.70,train,d100e,converged,0.02,0.85,1e-06,100,100,True,0.7,0,5,10,0.0,0.0,0.0,0,0,0,100,1.0,592,20820,0.11901495404033476,11,0.018581081081081082,70.33783783783784,12,0.07268517558852014,0.2570884255951601,24,0.22849237500000186
t=0.02|d=0.85|tol=1e-06|iter=100|words=100|mmr=0.70,train,d101e,converged,0.02,0.85,1e-06,100,100,True,0.7,1,6,10,0.16666666666666666,0.1,0.125,0,0,1,100,1.0,514,15876,0.12041777595740323,12,0.023346303501945526,61.77431906614786,20,0.0363764858387686,0.15412488981132985,48,0.21550358300000028
t=0.02|d=0.85|tol=1e-06|iter=100|words=100|mmr=0.70,train,d102e,converged,0.02,0.85,1e-06,100,100,True,0.7,0,7,16,0.0,0.0,0.0,0,0,0,100,1.0,678,30836,0.1343598994348658,3,0.004424778761061947,90.96165191740413,5,0.09378986319781865,0.2182847832217777,50,0.4515791660000019
t=0.02|d=0.85|tol=1e-06|iter=100|words=100|mmr=0.70,train,d103g,converged,0.02,0.85,1e-06,100,100,True,0.7,0,9,18,0.0,0.0,0.0,0,0,0,100,1.0,219,4611,0.19316325248209124,8,0.0365296803652968,42.10958904109589,10,0.09878986517077659,1.0,33,0.04801675000000216
t=0.02|d=0.85|tol=1e-06|iter=100|words=100|mmr=0.70,train,d104g,converged,0.02,0.85,1e-06,100,100,True,0.7,0,7,0,0.0,0.0,0.0,0,0,0,100,1.0,352,14370,0.23261460761460762,0,0.0,81.64772727272727,1,0.10710099299344258,0.26471794472401455,24,0.10841508300001124
t=0.02|d=0.85|tol=1e-06|iter=100|words=100|mmr=0.70,train,d105g,converged,0.02,0.85,1e-06,100,100,True,0.7,0,4,11,0.0,0.0,0.0,0,0,0,100,1.0,266,5909,0.16765498652291105,4,0.015037593984962405,44.42857142857143,5,0.04045106851263574,0.08887360414854518,34,0.06721383400000036
t=0.02|d=0.85|tol=1e-06|iter=100|words=100|mmr=0.70,train,d106g,converged,0.02,0.85,1e-06,100,100,True,0.7,0,5,0,0.0,0.0,0.0,0,0,0,100,1.0,237,4067,0.14542658943002218,16,0.06751054852320675,34.32067510548523,17,0.0781676414471939,0.23708289736651472,27,0.04205045799999141
t=0.02|d=0.85|tol=1e-06|iter=100|words=100|mmr=0.70,train,d107g,converged,0.02,0.85,1e-06,100,100,True,0.7,2,5,12,0.4,0.16666666666666666,0.23529411764705882,1,1,1,100,1.0,271,4750,0.12983463167965012,4,0.014760147601476014,35.055350553505534,5,0.03857552325482258,0.10292341710174052,24,0.051844249999987824
t=0.02|d=0.85|tol=1e-06|iter=100|words=100|mmr=0.70,train,d108g,converged,0.02,0.85,1e-06,100,100,True,0.7,0,5,0,0.0,0.0,0.0,0,0,0,100,1.0,216,5330,0.22954349698535745,6,0.027777777777777776,49.351851851851855,7,0.06312044501901114,0.18545858619457245,31,0.0475361250000077
t=0.02|d=0.85|tol=1e-06|iter=100|words=100|mmr=0.70,train,d109h,converged,0.02,0.85,1e-06,100,100,True,0.7,1,5,20,0.2,0.05,0.08000000000000002,0,0,1,99,0.99,143,3351,0.3300502314586822,0,0.0,46.86713286713287,1,0.02721052841462392,0.18993614624064137,17,0.02237379200001044
t=0.02|d=0.85|tol=1e-06|iter=100|words=100|mmr=0.70,train,d110h,converged,0.02,0.85,1e-06,100,100,True,0.7,1,5,20,0.2,0.05,0.08000000000000002,0,1,1,100,1.0,453,23110,0.22573209087889975,2,0.004415011037527594,102.03090507726269,4,0.07221491561784345,0.17621645683465142,21,0.17027941699998905
t=0.02|d=0.85|tol=1e-06|iter=100|words=100|mmr=0.70,train,d111h,converged,0.02,0.85,1e-06,100,100,True,0.7,1,5,14,0.2,0.07142857142857142,0.10526315789473682,1,1,1,100,1.0,214,2837,0.12447896099337458,5,0.02336448598130841,26.514018691588785,6,0.0483479830087984,0.205259286881504,20,0.03250870899999825
t=0.02|d=0.85|tol=1e-06|iter=300|words=100|mmr=0.70,train,d061j,converged,0.02,0.85,1e-06,300,100,True,0.7,1,5,18,0.2,0.05555555555555555,0.08695652173913045,0,0,1,99,0.99,186,4037,0.23464109270560884,1,0.005376344086021506,43.40860215053763,2,0.13429842620730287,0.45430454776676077,20,0.03128387499999974
t=0.02|d=0.85|tol=1e-06|iter=300|words=100|mmr=0.70,train,d062j,converged,0.02,0.85,1e-06,300,100,True,0.7,0,6,0,0.0,0.0,0.0,0,0,0,98,0.98,120,1653,0.23151260504201682,2,0.016666666666666666,27.55,3,0.07196848072945318,0.24710351783829648,16,0.01393566600000895
t=0.02|d=0.85|tol=1e-06|iter=300|words=100|mmr=0.70,train,d063j,converged,0.02,0.85,1e-06,300,100,True,0.7,0,3,18,0.0,0.0,0.0,0,0,0,100,1.0,253,4848,0.1520798042537173,3,0.011857707509881422,38.32411067193676,4,0.22152607046561681,0.3530378592180876,26,0.048065167000004294
t=0.02|d=0.85|tol=1e-06|iter=300|words=100|mmr=0.70,train,d064j,converged,0.02,0.85,1e-06,300,100,True,0.7,1,7,19,0.14285714285714285,0.05263157894736842,0.07692307692307693,1,1,1,100,1.0,199,3319,0.1684686056545353,2,0.010050251256281407,33.35678391959799,3,0.05058519596002425,0.17190936472085516,15,0.04273712499998794
t=0.02|d=0.85|tol=1e-06|iter=300|words=100|mmr=0.70,train,d065j,converged,0.02,0.85,1e-06,300,100,True,0.7,1,5,12,0.2,0.08333333333333333,0.11764705882352941,1,1,1,100,1.0,309,6864,0.14424410540915394,13,0.042071197411003236,44.42718446601942,15,0.06346017987190197,0.14503770614306322,25,0.06779124999999908
t=0.02|d=0.85|tol=1e-06|iter=300|words=100|mmr=0.70,train,d066j,converged,0.02,0.85,1e-06,300,100,True,0.7,0,5,19,0.0,0.0,0.0,0,0,0,100,1.0,204,3853,0.18608132908335748,5,0.024509803921568627,37.77450980392157,6,0.04248254556818008,0.23638592932847835,33,0.040181791999998495
t=0.02|d=0.85|tol=1e-06|iter=300|words=100|mmr=0.70,train,d067f,converged,0.02,0.85,1e-06,300,100,True,0.7,0,3,0,0.0,0.0,0.0,0,0,0,99,0.99,134,2185,0.24520255863539445,3,0.022388059701492536,32.61194029850746,4,0.1033119210570852,0.1670610438990799,41,0.024337083000006032
t=0.02|d=0.85|tol=1e-06|iter=300|words=100|mmr=0.70,train,d068f,converged,0.02,0.85,1e-06,300,100,True,0.7,0,7,0,0.0,0.0,0.0,0,0,0,100,1.0,136,2364,0.257516339869281,4,0.029411764705882353,34.76470588235294,5,0.1277819010135278,0.9999999999999999,26,0.0197518749999972
t=0.02|d=0.85|tol=1e-06|iter=300|words=100|mmr=0.70,train,d069f,converged,0.02,0.85,1e-06,300,100,True,0.7,0,4,14,0.0,0.0,0.0,0,0,0,100,1.0,331,13715,0.2511214867710336,1,0.0030211480362537764,82.87009063444108,2,0.10646968269015883,0.14942039715156336,12,0.08293595899999673
t=0.02|d=0.85|tol=1e-06|iter=300|words=100|mmr=0.70,train,d070f,converged,0.02,0.85,1e-06,300,100,True,0.7,1,7,16,0.14285714285714285,0.0625,0.08695652173913043,1,1,1,100,1.0,167,3139,0.2264627371762499,8,0.04790419161676647,37.59281437125748,9,0.052971820844836065,0.3394669290404032,23,0.02568987499999764
t=0.02|d=0.85|tol=1e-06|iter=300|words=100|mmr=0.70,train,d071f,converged,0.02,0.85,1e-06,300,100,True,0.7,0,5,0,0.0,0.0,0.0,0,0,0,100,1.0,155,1238,0.10372852953498114,17,0.10967741935483871,15.974193548387097,22,0.04072328162753003,0.12346416812998832,43,0.018937291999989725
t=0.02|d=0.85|tol=1e-06|iter=300|words=100|mmr=0.70,train,d072f,converged,0.02,0.85,1e-06,300,100,True,0.7,0,7,0,0.0,0.0,0.0,0,0,0,100,1.0,378,10214,0.14334835024490197,5,0.013227513227513227,54.042328042328045,7,0.10569254796305809,0.6401152146171181,16,0.09479004199999963
t=0.02|d=0.85|tol=1e-06|iter=300|words=100|mmr=0.70,train,d073b,converged,0.02,0.85,1e-06,300,100,True,0.7,1,5,12,0.2,0.08333333333333333,0.11764705882352941,0,0,1,100,1.0,253,3704,0.11619298575820315,12,0.04743083003952569,29.280632411067195,18,0.04540607248173141,0.11981376361872152,47,0.053042500000003656
t=0.02|d=0.85|tol=1e-06|iter=300|words=100|mmr=0.70,train,d074b,converged,0.02,0.85,1e-06,300,100,True,0.7,0,6,0,0.0,0.0,0.0,0,0,0,100,1.0,256,2940,0.0900735294117647,10,0.0390625,22.96875,22,0.0578714638991911,0.41238301648149467,50,0.047075125000006324
t=0.02|d=0.85|tol=1e-06|iter=300|words=100|mmr=0.70,train,d075b,converged,0.02,0.85,1e-06,300,100,True,0.7,1,6,13,0.16666666666666666,0.07692307692307693,0.10526315789473684,0,1,1,100,1.0,277,10963,0.28679432846753516,1,0.0036101083032490976,79.15523465703971,2,0.041709678174563725,0.1746525119154121,14,0.06266029100000026
t=0.02|d=0.85|tol=1e-06|iter=300|words=100|mmr=0.70,train,d076b,converged,0.02,0.85,1e-06,300,100,True,0.7,0,7,13,0.0,0.0,0.0,0,0,0,100,1.0,323,8152,0.15676018691229351,4,0.01238390092879257,50.476780185758514,5,0.09592776240600331,0.2547666691658744,18,0.07210441700000558
t=0.02|d=0.85|tol=1e-06|iter=300|words=100|mmr=0.70,train,d077b,converged,0.02,0.85,1e-06,300,100,True,0.7,1,4,14,0.25,0.07142857142857142,0.11111111111111112,0,1,1,99,0.99,340,10608,0.184070796460177,1,0.0029411764705882353,62.4,2,0.12077568172187715,0.1548717551888946,18,0.08174204099999827
t=0.02|d=0.85|tol=1e-06|iter=300|words=100|mmr=0.70,train,d078b,converged,0.02,0.85,1e-06,300,100,True,0.7,0,5,0,0.0,0.0,0.0,0,0,0,100,1.0,276,5670,0.14940711462450593,1,0.0036231884057971015,41.08695652173913,2,0.09162436232222049,0.17916059524736813,18,0.05109025000000145
t=0.02|d=0.85|tol=1e-06|iter=300|words=100|mmr=0.70,train,d079a,converged,0.02,0.85,1e-06,300,100,True,0.7,1,4,14,0.25,0.07142857142857142,0.11111111111111112,1,1,1,99,0.99,316,11902,0.23914004420333534,1,0.0031645569620253164,75.32911392405063,2,0.08253917533593627,0.2305527285940876,18,0.08332741700000668
t=0.02|d=0.85|tol=1e-06|iter=300|words=100|mmr=0.70,train,d080a,converged,0.02,0.85,1e-06,300,100,True,0.7,1,5,10,0.2,0.1,0.13333333333333333,0,1,1,100,1.0,557,23902,0.1543598155586841,3,0.005385996409335727,85.82405745062836,4,0.17500286322707675,0.44325961017662285,19,0.2036144579999899
t=0.02|d=0.85|tol=1e-06|iter=300|words=100|mmr=0.70,train,d081a,converged,0.02,0.85,1e-06,300,100,True,0.7,0,5,17,0.0,0.0,0.0,0,0,0,100,1.0,299,9891,0.2220152185136136,8,0.026755852842809364,66.16053511705685,9,0.04557219265185699,0.17295440833658976,27,0.0841301250000015
t=0.02|d=0.85|tol=1e-06|iter=300|words=100|mmr=0.70,train,d082a,converged,0.02,0.85,1e-06,300,100,True,0.7,2,4,12,0.5,0.16666666666666666,0.25,1,1,1,100,1.0,209,4162,0.19147957305852042,0,0.0,39.82775119617225,2,0.06259706221261174,0.16886778933960314,15,0.03461166699999296
t=0.02|d=0.85|tol=1e-06|iter=300|words=100|mmr=0.70,train,d083a,converged,0.02,0.85,1e-06,300,100,True,0.7,0,6,17,0.0,0.0,0.0,0,0,0,100,1.0,224,5878,0.23534593209481103,1,0.004464285714285714,52.482142857142854,2,0.15503072701818044,1.0,23,0.04688575000000128
t=0.02|d=0.85|tol=1e-06|iter=300|words=100|mmr=0.70,train,d084a,converged,0.02,0.85,1e-06,300,100,True,0.7,0,7,0,0.0,0.0,0.0,0,0,0,100,1.0,366,14382,0.21531551762856502,2,0.00546448087431694,78.59016393442623,5,0.1015663924408795,0.26512441540086007,25,0.118330291999996
t=0.02|d=0.85|tol=1e-06|iter=300|words=100|mmr=0.70,train,d085d,converged,0.02,0.85,1e-06,300,100,True,0.7,0,5,0,0.0,0.0,0.0,0,0,0,100,1.0,224,4446,0.17801089045483665,1,0.004464285714285714,39.69642857142857,2,0.14240203021260536,0.5758265182499325,19,0.03929362499999911
t=0.02|d=0.85|tol=1e-06|iter=300|words=100|mmr=0.70,train,d086d,converged,0.02,0.85,1e-06,300,100,True,0.7,0,3,0,0.0,0.0,0.0,0,0,0,100,1.0,416,18314,0.2121640407784986,0,0.0,88.04807692307692,2,0.00267820437815618,0.00803461313446854,18,0.13725320800000418
t=0.02|d=0.85|tol=1e-06|iter=300|words=100|mmr=0.70,train,d087d,converged,0.02,0.85,1e-06,300,100,True,0.7,1,7,17,0.14285714285714285,0.058823529411764705,0.08333333333333333,0,1,1,100,1.0,292,7045,0.16581932872004895,4,0.0136986301369863,48.25342465753425,6,0.045442138418619646,0.22427752557709513,55,0.10290799999999933
t=0.02|d=0.85|tol=1e-06|iter=300|words=100|mmr=0.70,train,d089d,converged,0.02,0.85,1e-06,300,100,True,0.7,0,6,18,0.0,0.0,0.0,0,0,0,100,1.0,386,12656,0.170325011775789,2,0.0051813471502590676,65.57512953367876,3,0.06802976697774192,0.20870182526366293,21,0.11595725000000812
t=0.02|d=0.85|tol=1e-06|iter=300|words=100|mmr=0.70,train,d090d,converged,0.02,0.85,1e-06,300,100,True,0.7,0,7,0,0.0,0.0,0.0,0,0,0,99,0.99,261,6833,0.20138520483348069,5,0.019157088122605363,52.36015325670498,6,0.23629589099257603,1.0,18,0.05301612499999919
t=0.02|d=0.85|tol=1e-06|iter=300|words=100|mmr=0.70,train,d091c,converged,0.02,0.85,1e-06,300,100,True,0.7,1,6,13,0.16666666666666666,0.07692307692307693,0.10526315789473684,0,1,1,100,1.0,280,7766,0.19882232462877625,1,0.0035714285714285713,55.47142857142857,3,0.04301737120655953,0.16965990484051685,24,0.0648957920000015
t=0.02|d=0.85|tol=1e-06|iter=300|words=100|mmr=0.70,train,d092c,converged,0.02,0.85,1e-06,300,100,True,0.7,0,5,19,0.0,0.0,0.0,0,0,0,100,1.0,291,5913,0.14013508709562744,11,0.037800687285223365,40.63917525773196,13,0.16519167737035517,0.4173701494751245,37,0.07394066699998803
t=0.02|d=0.85|tol=1e-06|iter=300|words=100|mmr=0.70,train,d093c,converged,0.02,0.85,1e-06,300,100,True,0.7,1,7,18,0.14285714285714285,0.05555555555555555,0.08,1,1,1,100,1.0,264,4181,0.12043438184122594,7,0.026515151515151516,31.674242424242426,14,0.08496133886243512,0.45410082900530824,40,0.059679290999994805
t=0.02|d=0.85|tol=1e-06|iter=300|words=100|mmr=0.70,train,d094c,converged,0.02,0.85,1e-06,300,100,True,0.7,2,4,10,0.5,0.2,0.28571428571428575,1,1,1,100,1.0,185,3542,0.20810810810810812,5,0.02702702702702703,38.29189189189189,6,0.06627974988669451,0.12669659804914624,17,0.03037529200000222
t=0.02|d=0.85|tol=1e-06|iter=300|words=100|mmr=0.70,train,d095c,converged,0.02,0.85,1e-06,300,100,True,0.7,1,5,13,0.2,0.07692307692307693,0.1111111111111111,0,0,1,99,0.99,240,4223,0.14724546722454673,4,0.016666666666666666,35.19166666666667,5,0.07469251204041197,0.265407035830987,24,0.045671083000002
t=0.02|d=0.85|tol=1e-06|iter=300|words=100|mmr=0.70,train,d096c,converged,0.02,0.85,1e-06,300,100,True,0.7,1,12,15,0.08333333333333333,0.06666666666666667,0.07407407407407407,0,0,0,100,1.0,274,5372,0.14363252319456699,11,0.040145985401459854,39.21167883211679,17,0.14437723584712367,1.0,29,0.06014420799999698
t=0.02|d=0.85|tol=1e-06|iter=300|words=100|mmr=0.70,train,d097e,converged,0.02,0.85,1e-06,300,100,True,0.7,0,5,0,0.0,0.0,0.0,0,0,0,100,1.0,225,4651,0.18456349206349207,3,0.013333333333333334,41.34222222222222,4,0.03480704537638372,0.24086354009587335,19,0.04223933399998714
t=0.02|d=0.85|tol=1e-06|iter=300|words=100|mmr=0.70,train,d098e,converged,0.02,0.85,1e-06,300,100,True,0.7,0,4,0,0.0,0.0,0.0,0,0,0,100,1.0,454,19366,0.18832842236290612,1,0.0022026431718061676,85.31277533039648,4,0.04946827207037862,0.11936630012097926,24,0.18576170800000114
t=0.02|d=0.85|tol=1e-06|iter=300|words=100|mmr=0.70,train,d099e,converged,0.02,0.85,1e-06,300,100,True,0.7,2,4,20,0.5,0.1,0.16666666666666669,0,1,1,100,1.0,469,12534,0.11420917391066644,12,0.0255863539445629,53.449893390191896,15,0.0761726512431724,0.2092957886755061,27,0.1605226249999987
t=0.02|d=0.85|tol=1e-06|iter=300|words=100|mmr=0.70,train,d100e,converged,0.02,0.85,1e-06,300,100,True,0.7,0,5,10,0.0,0.0,0.0,0,0,0,100,1.0,592,20820,0.11901495404033476,11,0.018581081081081082,70.33783783783784,12,0.07268517558852014,0.2570884255951601,24,0.21914512499999717
t=0.02|d=0.85|tol=1e-06|iter=300|words=100|mmr=0.70,train,d101e,converged,0.02,0.85,1e-06,300,100,True,0.7,1,6,10,0.16666666666666666,0.1,0.125,0,0,1,100,1.0,514,15876,0.12041777595740323,12,0.023346303501945526,61.77431906614786,20,0.0363764858387686,0.15412488981132985,48,0.2192887920000004
t=0.02|d=0.85|tol=1e-06|iter=300|words=100|mmr=0.70,train,d102e,converged,0.02,0.85,1e-06,300,100,True,0.7,0,7,16,0.0,0.0,0.0,0,0,0,100,1.0,678,30836,0.1343598994348658,3,0.004424778761061947,90.96165191740413,5,0.09378986319781865,0.2182847832217777,50,0.4389515419999981
t=0.02|d=0.85|tol=1e-06|iter=300|words=100|mmr=0.70,train,d103g,converged,0.02,0.85,1e-06,300,100,True,0.7,0,9,18,0.0,0.0,0.0,0,0,0,100,1.0,219,4611,0.19316325248209124,8,0.0365296803652968,42.10958904109589,10,0.09878986517077659,1.0,33,0.049154790999992315
t=0.02|d=0.85|tol=1e-06|iter=300|words=100|mmr=0.70,train,d104g,converged,0.02,0.85,1e-06,300,100,True,0.7,0,7,0,0.0,0.0,0.0,0,0,0,100,1.0,352,14370,0.23261460761460762,0,0.0,81.64772727272727,1,0.10710099299344258,0.26471794472401455,24,0.10837645799999507
t=0.02|d=0.85|tol=1e-06|iter=300|words=100|mmr=0.70,train,d105g,converged,0.02,0.85,1e-06,300,100,True,0.7,0,4,11,0.0,0.0,0.0,0,0,0,100,1.0,266,5909,0.16765498652291105,4,0.015037593984962405,44.42857142857143,5,0.04045106851263574,0.08887360414854518,34,0.06933954199999448
t=0.02|d=0.85|tol=1e-06|iter=300|words=100|mmr=0.70,train,d106g,converged,0.02,0.85,1e-06,300,100,True,0.7,0,5,0,0.0,0.0,0.0,0,0,0,100,1.0,237,4067,0.14542658943002218,16,0.06751054852320675,34.32067510548523,17,0.0781676414471939,0.23708289736651472,27,0.04157745799999191
t=0.02|d=0.85|tol=1e-06|iter=300|words=100|mmr=0.70,train,d107g,converged,0.02,0.85,1e-06,300,100,True,0.7,2,5,12,0.4,0.16666666666666666,0.23529411764705882,1,1,1,100,1.0,271,4750,0.12983463167965012,4,0.014760147601476014,35.055350553505534,5,0.03857552325482258,0.10292341710174052,24,0.0509242919999906
t=0.02|d=0.85|tol=1e-06|iter=300|words=100|mmr=0.70,train,d108g,converged,0.02,0.85,1e-06,300,100,True,0.7,0,5,0,0.0,0.0,0.0,0,0,0,100,1.0,216,5330,0.22954349698535745,6,0.027777777777777776,49.351851851851855,7,0.06312044501901114,0.18545858619457245,31,0.046922832999996444
t=0.02|d=0.85|tol=1e-06|iter=300|words=100|mmr=0.70,train,d109h,converged,0.02,0.85,1e-06,300,100,True,0.7,1,5,20,0.2,0.05,0.08000000000000002,0,0,1,99,0.99,143,3351,0.3300502314586822,0,0.0,46.86713286713287,1,0.02721052841462392,0.18993614624064137,17,0.023175707999996575
t=0.02|d=0.85|tol=1e-06|iter=300|words=100|mmr=0.70,train,d110h,converged,0.02,0.85,1e-06,300,100,True,0.7,1,5,20,0.2,0.05,0.08000000000000002,0,1,1,100,1.0,453,23110,0.22573209087889975,2,0.004415011037527594,102.03090507726269,4,0.07221491561784345,0.17621645683465142,21,0.1832950000000011
t=0.02|d=0.85|tol=1e-06|iter=300|words=100|mmr=0.70,train,d111h,converged,0.02,0.85,1e-06,300,100,True,0.7,1,5,14,0.2,0.07142857142857142,0.10526315789473682,1,1,1,100,1.0,214,2837,0.12447896099337458,5,0.02336448598130841,26.514018691588785,6,0.0483479830087984,0.205259286881504,20,0.037329084000006674
t=0.02|d=0.85|tol=1e-06|iter=1000|words=100|mmr=0.70,train,d061j,converged,0.02,0.85,1e-06,1000,100,True,0.7,1,5,18,0.2,0.05555555555555555,0.08695652173913045,0,0,1,99,0.99,186,4037,0.23464109270560884,1,0.005376344086021506,43.40860215053763,2,0.13429842620730287,0.45430454776676077,20,0.036300459000003116
t=0.02|d=0.85|tol=1e-06|iter=1000|words=100|mmr=0.70,train,d062j,converged,0.02,0.85,1e-06,1000,100,True,0.7,0,6,0,0.0,0.0,0.0,0,0,0,98,0.98,120,1653,0.23151260504201682,2,0.016666666666666666,27.55,3,0.07196848072945318,0.24710351783829648,16,0.01432224999999221
t=0.02|d=0.85|tol=1e-06|iter=1000|words=100|mmr=0.70,train,d063j,converged,0.02,0.85,1e-06,1000,100,True,0.7,0,3,18,0.0,0.0,0.0,0,0,0,100,1.0,253,4848,0.1520798042537173,3,0.011857707509881422,38.32411067193676,4,0.22152607046561681,0.3530378592180876,26,0.050059292000000255
t=0.02|d=0.85|tol=1e-06|iter=1000|words=100|mmr=0.70,train,d064j,converged,0.02,0.85,1e-06,1000,100,True,0.7,1,7,19,0.14285714285714285,0.05263157894736842,0.07692307692307693,1,1,1,100,1.0,199,3319,0.1684686056545353,2,0.010050251256281407,33.35678391959799,3,0.05058519596002425,0.17190936472085516,15,0.03148266600000227
t=0.02|d=0.85|tol=1e-06|iter=1000|words=100|mmr=0.70,train,d065j,converged,0.02,0.85,1e-06,1000,100,True,0.7,1,5,12,0.2,0.08333333333333333,0.11764705882352941,1,1,1,100,1.0,309,6864,0.14424410540915394,13,0.042071197411003236,44.42718446601942,15,0.06346017987190197,0.14503770614306322,25,0.0688972089999993
t=0.02|d=0.85|tol=1e-06|iter=1000|words=100|mmr=0.70,train,d066j,converged,0.02,0.85,1e-06,1000,100,True,0.7,0,5,19,0.0,0.0,0.0,0,0,0,100,1.0,204,3853,0.18608132908335748,5,0.024509803921568627,37.77450980392157,6,0.04248254556818008,0.23638592932847835,33,0.04210087499998849
t=0.02|d=0.85|tol=1e-06|iter=1000|words=100|mmr=0.70,train,d067f,converged,0.02,0.85,1e-06,1000,100,True,0.7,0,3,0,0.0,0.0,0.0,0,0,0,99,0.99,134,2185,0.24520255863539445,3,0.022388059701492536,32.61194029850746,4,0.1033119210570852,0.1670610438990799,41,0.026091416999989292
t=0.02|d=0.85|tol=1e-06|iter=1000|words=100|mmr=0.70,train,d068f,converged,0.02,0.85,1e-06,1000,100,True,0.7,0,7,0,0.0,0.0,0.0,0,0,0,100,1.0,136,2364,0.257516339869281,4,0.029411764705882353,34.76470588235294,5,0.1277819010135278,0.9999999999999999,26,0.019792417000005003
t=0.02|d=0.85|tol=1e-06|iter=1000|words=100|mmr=0.70,train,d069f,converged,0.02,0.85,1e-06,1000,100,True,0.7,0,4,14,0.0,0.0,0.0,0,0,0,100,1.0,331,13715,0.2511214867710336,1,0.0030211480362537764,82.87009063444108,2,0.10646968269015883,0.14942039715156336,12,0.09720179099998916
t=0.02|d=0.85|tol=1e-06|iter=1000|words=100|mmr=0.70,train,d070f,converged,0.02,0.85,1e-06,1000,100,True,0.7,1,7,16,0.14285714285714285,0.0625,0.08695652173913043,1,1,1,100,1.0,167,3139,0.2264627371762499,8,0.04790419161676647,37.59281437125748,9,0.052971820844836065,0.3394669290404032,23,0.028621125000000802
t=0.02|d=0.85|tol=1e-06|iter=1000|words=100|mmr=0.70,train,d071f,converged,0.02,0.85,1e-06,1000,100,True,0.7,0,5,0,0.0,0.0,0.0,0,0,0,100,1.0,155,1238,0.10372852953498114,17,0.10967741935483871,15.974193548387097,22,0.04072328162753003,0.12346416812998832,43,0.020837499999998954
t=0.02|d=0.85|tol=1e-06|iter=1000|words=100|mmr=0.70,train,d072f,converged,0.02,0.85,1e-06,1000,100,True,0.7,0,7,0,0.0,0.0,0.0,0,0,0,100,1.0,378,10214,0.14334835024490197,5,0.013227513227513227,54.042328042328045,7,0.10569254796305809,0.6401152146171181,16,0.09908941700000184
t=0.02|d=0.85|tol=1e-06|iter=1000|words=100|mmr=0.70,train,d073b,converged,0.02,0.85,1e-06,1000,100,True,0.7,1,5,12,0.2,0.08333333333333333,0.11764705882352941,0,0,1,100,1.0,253,3704,0.11619298575820315,12,0.04743083003952569,29.280632411067195,18,0.04540607248173141,0.11981376361872152,47,0.053636709000002725
t=0.02|d=0.85|tol=1e-06|iter=1000|words=100|mmr=0.70,train,d074b,converged,0.02,0.85,1e-06,1000,100,True,0.7,0,6,0,0.0,0.0,0.0,0,0,0,100,1.0,256,2940,0.0900735294117647,10,0.0390625,22.96875,22,0.0578714638991911,0.41238301648149467,50,0.048677957999998966
t=0.02|d=0.85|tol=1e-06|iter=1000|words=100|mmr=0.70,train,d075b,converged,0.02,0.85,1e-06,1000,100,True,0.7,1,6,13,0.16666666666666666,0.07692307692307693,0.10526315789473684,0,1,1,100,1.0,277,10963,0.28679432846753516,1,0.0036101083032490976,79.15523465703971,2,0.041709678174563725,0.1746525119154121,14,0.06600566699999888
t=0.02|d=0.85|tol=1e-06|iter=1000|words=100|mmr=0.70,train,d076b,converged,0.02,0.85,1e-06,1000,100,True,0.7,0,7,13,0.0,0.0,0.0,0,0,0,100,1.0,323,8152,0.15676018691229351,4,0.01238390092879257,50.476780185758514,5,0.09592776240600331,0.2547666691658744,18,0.07454366700000037
t=0.02|d=0.85|tol=1e-06|iter=1000|words=100|mmr=0.70,train,d077b,converged,0.02,0.85,1e-06,1000,100,True,0.7,1,4,14,0.25,0.07142857142857142,0.11111111111111112,0,1,1,99,0.99,340,10608,0.184070796460177,1,0.0029411764705882353,62.4,2,0.12077568172187715,0.1548717551888946,18,0.08810441699999672
t=0.02|d=0.85|tol=1e-06|iter=1000|words=100|mmr=0.70,train,d078b,converged,0.02,0.85,1e-06,1000,100,True,0.7,0,5,0,0.0,0.0,0.0,0,0,0,100,1.0,276,5670,0.14940711462450593,1,0.0036231884057971015,41.08695652173913,2,0.09162436232222049,0.17916059524736813,18,0.05429470800000047
t=0.02|d=0.85|tol=1e-06|iter=1000|words=100|mmr=0.70,train,d079a,converged,0.02,0.85,1e-06,1000,100,True,0.7,1,4,14,0.25,0.07142857142857142,0.11111111111111112,1,1,1,99,0.99,316,11902,0.23914004420333534,1,0.0031645569620253164,75.32911392405063,2,0.08253917533593627,0.2305527285940876,18,0.08302366699999197
t=0.02|d=0.85|tol=1e-06|iter=1000|words=100|mmr=0.70,train,d080a,converged,0.02,0.85,1e-06,1000,100,True,0.7,1,5,10,0.2,0.1,0.13333333333333333,0,1,1,100,1.0,557,23902,0.1543598155586841,3,0.005385996409335727,85.82405745062836,4,0.17500286322707675,0.44325961017662285,19,0.20992291600001067
t=0.02|d=0.85|tol=1e-06|iter=1000|words=100|mmr=0.70,train,d081a,converged,0.02,0.85,1e-06,1000,100,True,0.7,0,5,17,0.0,0.0,0.0,0,0,0,100,1.0,299,9891,0.2220152185136136,8,0.026755852842809364,66.16053511705685,9,0.04557219265185699,0.17295440833658976,27,0.08531020799999567
t=0.02|d=0.85|tol=1e-06|iter=1000|words=100|mmr=0.70,train,d082a,converged,0.02,0.85,1e-06,1000,100,True,0.7,2,4,12,0.5,0.16666666666666666,0.25,1,1,1,100,1.0,209,4162,0.19147957305852042,0,0.0,39.82775119617225,2,0.06259706221261174,0.16886778933960314,15,0.03511137499999961
t=0.02|d=0.85|tol=1e-06|iter=1000|words=100|mmr=0.70,train,d083a,converged,0.02,0.85,1e-06,1000,100,True,0.7,0,6,17,0.0,0.0,0.0,0,0,0,100,1.0,224,5878,0.23534593209481103,1,0.004464285714285714,52.482142857142854,2,0.15503072701818044,1.0,23,0.04769841600000291
t=0.02|d=0.85|tol=1e-06|iter=1000|words=100|mmr=0.70,train,d084a,converged,0.02,0.85,1e-06,1000,100,True,0.7,0,7,0,0.0,0.0,0.0,0,0,0,100,1.0,366,14382,0.21531551762856502,2,0.00546448087431694,78.59016393442623,5,0.1015663924408795,0.26512441540086007,25,0.12242020899999773
t=0.02|d=0.85|tol=1e-06|iter=1000|words=100|mmr=0.70,train,d085d,converged,0.02,0.85,1e-06,1000,100,True,0.7,0,5,0,0.0,0.0,0.0,0,0,0,100,1.0,224,4446,0.17801089045483665,1,0.004464285714285714,39.69642857142857,2,0.14240203021260536,0.5758265182499325,19,0.039515584000000104
t=0.02|d=0.85|tol=1e-06|iter=1000|words=100|mmr=0.70,train,d086d,converged,0.02,0.85,1e-06,1000,100,True,0.7,0,3,0,0.0,0.0,0.0,0,0,0,100,1.0,416,18314,0.2121640407784986,0,0.0,88.04807692307692,2,0.00267820437815618,0.00803461313446854,18,0.13130116600000008
t=0.02|d=0.85|tol=1e-06|iter=1000|words=100|mmr=0.70,train,d087d,converged,0.02,0.85,1e-06,1000,100,True,0.7,1,7,17,0.14285714285714285,0.058823529411764705,0.08333333333333333,0,1,1,100,1.0,292,7045,0.16581932872004895,4,0.0136986301369863,48.25342465753425,6,0.045442138418619646,0.22427752557709513,55,0.11015858300000048
t=0.02|d=0.85|tol=1e-06|iter=1000|words=100|mmr=0.70,train,d089d,converged,0.02,0.85,1e-06,1000,100,True,0.7,0,6,18,0.0,0.0,0.0,0,0,0,100,1.0,386,12656,0.170325011775789,2,0.0051813471502590676,65.57512953367876,3,0.06802976697774192,0.20870182526366293,21,0.11923812499999542
t=0.02|d=0.85|tol=1e-06|iter=1000|words=100|mmr=0.70,train,d090d,converged,0.02,0.85,1e-06,1000,100,True,0.7,0,7,0,0.0,0.0,0.0,0,0,0,99,0.99,261,6833,0.20138520483348069,5,0.019157088122605363,52.36015325670498,6,0.23629589099257603,1.0,18,0.05510450000001299
t=0.02|d=0.85|tol=1e-06|iter=1000|words=100|mmr=0.70,train,d091c,converged,0.02,0.85,1e-06,1000,100,True,0.7,1,6,13,0.16666666666666666,0.07692307692307693,0.10526315789473684,0,1,1,100,1.0,280,7766,0.19882232462877625,1,0.0035714285714285713,55.47142857142857,3,0.04301737120655953,0.16965990484051685,24,0.06714766700000041
t=0.02|d=0.85|tol=1e-06|iter=1000|words=100|mmr=0.70,train,d092c,converged,0.02,0.85,1e-06,1000,100,True,0.7,0,5,19,0.0,0.0,0.0,0,0,0,100,1.0,291,5913,0.14013508709562744,11,0.037800687285223365,40.63917525773196,13,0.16519167737035517,0.4173701494751245,37,0.07323845800000583
t=0.02|d=0.85|tol=1e-06|iter=1000|words=100|mmr=0.70,train,d093c,converged,0.02,0.85,1e-06,1000,100,True,0.7,1,7,18,0.14285714285714285,0.05555555555555555,0.08,1,1,1,100,1.0,264,4181,0.12043438184122594,7,0.026515151515151516,31.674242424242426,14,0.08496133886243512,0.45410082900530824,40,0.05756812500000308
t=0.02|d=0.85|tol=1e-06|iter=1000|words=100|mmr=0.70,train,d094c,converged,0.02,0.85,1e-06,1000,100,True,0.7,2,4,10,0.5,0.2,0.28571428571428575,1,1,1,100,1.0,185,3542,0.20810810810810812,5,0.02702702702702703,38.29189189189189,6,0.06627974988669451,0.12669659804914624,17,0.029499290999993377
t=0.02|d=0.85|tol=1e-06|iter=1000|words=100|mmr=0.70,train,d095c,converged,0.02,0.85,1e-06,1000,100,True,0.7,1,5,13,0.2,0.07692307692307693,0.1111111111111111,0,0,1,99,0.99,240,4223,0.14724546722454673,4,0.016666666666666666,35.19166666666667,5,0.07469251204041197,0.265407035830987,24,0.044340916999999536
t=0.02|d=0.85|tol=1e-06|iter=1000|words=100|mmr=0.70,train,d096c,converged,0.02,0.85,1e-06,1000,100,True,0.7,1,12,15,0.08333333333333333,0.06666666666666667,0.07407407407407407,0,0,0,100,1.0,274,5372,0.14363252319456699,11,0.040145985401459854,39.21167883211679,17,0.14437723584712367,1.0,29,0.05783579199999167
t=0.02|d=0.85|tol=1e-06|iter=1000|words=100|mmr=0.70,train,d097e,converged,0.02,0.85,1e-06,1000,100,True,0.7,0,5,0,0.0,0.0,0.0,0,0,0,100,1.0,225,4651,0.18456349206349207,3,0.013333333333333334,41.34222222222222,4,0.03480704537638372,0.24086354009587335,19,0.04262466699999834
t=0.02|d=0.85|tol=1e-06|iter=1000|words=100|mmr=0.70,train,d098e,converged,0.02,0.85,1e-06,1000,100,True,0.7,0,4,0,0.0,0.0,0.0,0,0,0,100,1.0,454,19366,0.18832842236290612,1,0.0022026431718061676,85.31277533039648,4,0.04946827207037862,0.11936630012097926,24,0.17497158299998716
t=0.02|d=0.85|tol=1e-06|iter=1000|words=100|mmr=0.70,train,d099e,converged,0.02,0.85,1e-06,1000,100,True,0.7,2,4,20,0.5,0.1,0.16666666666666669,0,1,1,100,1.0,469,12534,0.11420917391066644,12,0.0255863539445629,53.449893390191896,15,0.0761726512431724,0.2092957886755061,27,0.1470429580000001
t=0.02|d=0.85|tol=1e-06|iter=1000|words=100|mmr=0.70,train,d100e,converged,0.02,0.85,1e-06,1000,100,True,0.7,0,5,10,0.0,0.0,0.0,0,0,0,100,1.0,592,20820,0.11901495404033476,11,0.018581081081081082,70.33783783783784,12,0.07268517558852014,0.2570884255951601,24,0.227894292000002
t=0.02|d=0.85|tol=1e-06|iter=1000|words=100|mmr=0.70,train,d101e,converged,0.02,0.85,1e-06,1000,100,True,0.7,1,6,10,0.16666666666666666,0.1,0.125,0,0,1,100,1.0,514,15876,0.12041777595740323,12,0.023346303501945526,61.77431906614786,20,0.0363764858387686,0.15412488981132985,48,0.2237905000000069
t=0.02|d=0.85|tol=1e-06|iter=1000|words=100|mmr=0.70,train,d102e,converged,0.02,0.85,1e-06,1000,100,True,0.7,0,7,16,0.0,0.0,0.0,0,0,0,100,1.0,678,30836,0.1343598994348658,3,0.004424778761061947,90.96165191740413,5,0.09378986319781865,0.2182847832217777,50,0.43761441700000603
t=0.02|d=0.85|tol=1e-06|iter=1000|words=100|mmr=0.70,train,d103g,converged,0.02,0.85,1e-06,1000,100,True,0.7,0,9,18,0.0,0.0,0.0,0,0,0,100,1.0,219,4611,0.19316325248209124,8,0.0365296803652968,42.10958904109589,10,0.09878986517077659,1.0,33,0.04792970900000171
t=0.02|d=0.85|tol=1e-06|iter=1000|words=100|mmr=0.70,train,d104g,converged,0.02,0.85,1e-06,1000,100,True,0.7,0,7,0,0.0,0.0,0.0,0,0,0,100,1.0,352,14370,0.23261460761460762,0,0.0,81.64772727272727,1,0.10710099299344258,0.26471794472401455,24,0.10827933400000234
t=0.02|d=0.85|tol=1e-06|iter=1000|words=100|mmr=0.70,train,d105g,converged,0.02,0.85,1e-06,1000,100,True,0.7,0,4,11,0.0,0.0,0.0,0,0,0,100,1.0,266,5909,0.16765498652291105,4,0.015037593984962405,44.42857142857143,5,0.04045106851263574,0.08887360414854518,34,0.06763125000000514
t=0.02|d=0.85|tol=1e-06|iter=1000|words=100|mmr=0.70,train,d106g,converged,0.02,0.85,1e-06,1000,100,True,0.7,0,5,0,0.0,0.0,0.0,0,0,0,100,1.0,237,4067,0.14542658943002218,16,0.06751054852320675,34.32067510548523,17,0.0781676414471939,0.23708289736651472,27,0.042907959000004325
t=0.02|d=0.85|tol=1e-06|iter=1000|words=100|mmr=0.70,train,d107g,converged,0.02,0.85,1e-06,1000,100,True,0.7,2,5,12,0.4,0.16666666666666666,0.23529411764705882,1,1,1,100,1.0,271,4750,0.12983463167965012,4,0.014760147601476014,35.055350553505534,5,0.03857552325482258,0.10292341710174052,24,0.05158291700000461
t=0.02|d=0.85|tol=1e-06|iter=1000|words=100|mmr=0.70,train,d108g,converged,0.02,0.85,1e-06,1000,100,True,0.7,0,5,0,0.0,0.0,0.0,0,0,0,100,1.0,216,5330,0.22954349698535745,6,0.027777777777777776,49.351851851851855,7,0.06312044501901114,0.18545858619457245,31,0.04838708299999439
t=0.02|d=0.85|tol=1e-06|iter=1000|words=100|mmr=0.70,train,d109h,converged,0.02,0.85,1e-06,1000,100,True,0.7,1,5,20,0.2,0.05,0.08000000000000002,0,0,1,99,0.99,143,3351,0.3300502314586822,0,0.0,46.86713286713287,1,0.02721052841462392,0.18993614624064137,17,0.022520875000012097
t=0.02|d=0.85|tol=1e-06|iter=1000|words=100|mmr=0.70,train,d110h,converged,0.02,0.85,1e-06,1000,100,True,0.7,1,5,20,0.2,0.05,0.08000000000000002,0,1,1,100,1.0,453,23110,0.22573209087889975,2,0.004415011037527594,102.03090507726269,4,0.07221491561784345,0.17621645683465142,21,0.1763516669999916
t=0.02|d=0.85|tol=1e-06|iter=1000|words=100|mmr=0.70,train,d111h,converged,0.02,0.85,1e-06,1000,100,True,0.7,1,5,14,0.2,0.07142857142857142,0.10526315789473682,1,1,1,100,1.0,214,2837,0.12447896099337458,5,0.02336448598130841,26.514018691588785,6,0.0483479830087984,0.205259286881504,20,0.032528874999997015
t=0.02|d=0.85|tol=1e-08|iter=100|words=100|mmr=0.70,train,d061j,converged,0.02,0.85,1e-08,100,100,True,0.7,2,5,18,0.4,0.1111111111111111,0.1739130434782609,0,1,1,99,0.99,186,4037,0.23464109270560884,1,0.005376344086021506,43.40860215053763,2,0.13429842620730287,0.45430454776676077,30,0.036732374999999706
t=0.02|d=0.85|tol=1e-08|iter=100|words=100|mmr=0.70,train,d062j,converged,0.02,0.85,1e-08,100,100,True,0.7,0,6,0,0.0,0.0,0.0,0,0,0,98,0.98,120,1653,0.23151260504201682,2,0.016666666666666666,27.55,3,0.07196848072945318,0.24710351783829648,23,0.015395499999996787
t=0.02|d=0.85|tol=1e-08|iter=100|words=100|mmr=0.70,train,d063j,converged,0.02,0.85,1e-08,100,100,True,0.7,0,3,18,0.0,0.0,0.0,0,0,0,100,1.0,253,4848,0.1520798042537173,3,0.011857707509881422,38.32411067193676,4,0.22152607046561681,0.3530378592180876,39,0.05897712499999841
t=0.02|d=0.85|tol=1e-08|iter=100|words=100|mmr=0.70,train,d064j,converged,0.02,0.85,1e-08,100,100,True,0.7,1,7,19,0.14285714285714285,0.05263157894736842,0.07692307692307693,1,1,1,100,1.0,199,3319,0.1684686056545353,2,0.010050251256281407,33.35678391959799,3,0.05058519596002425,0.17190936472085516,20,0.03154525000000774
t=0.02|d=0.85|tol=1e-08|iter=100|words=100|mmr=0.70,train,d065j,converged,0.02,0.85,1e-08,100,100,True,0.7,1,5,12,0.2,0.08333333333333333,0.11764705882352941,1,1,1,100,1.0,309,6864,0.14424410540915394,13,0.042071197411003236,44.42718446601942,15,0.06346017987190197,0.14503770614306322,36,0.07998666700000001
t=0.02|d=0.85|tol=1e-08|iter=100|words=100|mmr=0.70,train,d066j,converged,0.02,0.85,1e-08,100,100,True,0.7,0,5,19,0.0,0.0,0.0,0,0,0,100,1.0,204,3853,0.18608132908335748,5,0.024509803921568627,37.77450980392157,6,0.04248254556818008,0.23638592932847835,56,0.054443042000002606
t=0.02|d=0.85|tol=1e-08|iter=100|words=100|mmr=0.70,train,d067f,converged,0.02,0.85,1e-08,100,100,True,0.7,0,3,0,0.0,0.0,0.0,0,0,0,99,0.99,134,2185,0.24520255863539445,3,0.022388059701492536,32.61194029850746,4,0.1033119210570852,0.1670610438990799,64,0.03266062499999123
t=0.02|d=0.85|tol=1e-08|iter=100|words=100|mmr=0.70,train,d068f,converged,0.02,0.85,1e-08,100,100,True,0.7,0,7,0,0.0,0.0,0.0,0,0,0,100,1.0,136,2364,0.257516339869281,4,0.029411764705882353,34.76470588235294,5,0.1277819010135278,0.9999999999999999,37,0.0239853749999952
t=0.02|d=0.85|tol=1e-08|iter=100|words=100|mmr=0.70,train,d069f,converged,0.02,0.85,1e-08,100,100,True,0.7,0,4,14,0.0,0.0,0.0,0,0,0,100,1.0,331,13715,0.2511214867710336,1,0.0030211480362537764,82.87009063444108,2,0.10646968269015883,0.14942039715156336,16,0.093067542
t=0.02|d=0.85|tol=1e-08|iter=100|words=100|mmr=0.70,train,d070f,converged,0.02,0.85,1e-08,100,100,True,0.7,1,7,16,0.14285714285714285,0.0625,0.08695652173913043,1,1,1,100,1.0,167,3139,0.2264627371762499,8,0.04790419161676647,37.59281437125748,9,0.052971820844836065,0.3394669290404032,34,0.03103158300000075
t=0.02|d=0.85|tol=1e-08|iter=100|words=100|mmr=0.70,train,d071f,converged,0.02,0.85,1e-08,100,100,True,0.7,0,5,0,0.0,0.0,0.0,0,0,0,100,1.0,155,1238,0.10372852953498114,17,0.10967741935483871,15.974193548387097,22,0.04072328162753003,0.12346416812998832,65,0.023705124999992222
t=0.02|d=0.85|tol=1e-08|iter=100|words=100|mmr=0.70,train,d072f,converged,0.02,0.85,1e-08,100,100,True,0.7,0,7,0,0.0,0.0,0.0,0,0,0,100,1.0,378,10214,0.14334835024490197,5,0.013227513227513227,54.042328042328045,7,0.10569254796305809,0.6401152146171181,23,0.10945737500000519
t=0.02|d=0.85|tol=1e-08|iter=100|words=100|mmr=0.70,train,d073b,converged,0.02,0.85,1e-08,100,100,True,0.7,1,5,12,0.2,0.08333333333333333,0.11764705882352941,0,0,1,100,1.0,253,3704,0.11619298575820315,12,0.04743083003952569,29.280632411067195,18,0.04540607248173141,0.11981376361872152,69,0.0667140000000046
t=0.02|d=0.85|tol=1e-08|iter=100|words=100|mmr=0.70,train,d074b,converged,0.02,0.85,1e-08,100,100,True,0.7,0,6,0,0.0,0.0,0.0,0,0,0,100,1.0,256,2940,0.0900735294117647,10,0.0390625,22.96875,22,0.0578714638991911,0.41238301648149467,75,0.06452666699999554
t=0.02|d=0.85|tol=1e-08|iter=100|words=100|mmr=0.70,train,d075b,converged,0.02,0.85,1e-08,100,100,True,0.7,1,6,13,0.16666666666666666,0.07692307692307693,0.10526315789473684,0,1,1,100,1.0,277,10963,0.28679432846753516,1,0.0036101083032490976,79.15523465703971,2,0.041709678174563725,0.1746525119154121,20,0.07677829200000019
t=0.02|d=0.85|tol=1e-08|iter=100|words=100|mmr=0.70,train,d076b,converged,0.02,0.85,1e-08,100,100,True,0.7,0,7,13,0.0,0.0,0.0,0,0,0,100,1.0,323,8152,0.15676018691229351,4,0.01238390092879257,50.476780185758514,5,0.09592776240600331,0.2547666691658744,25,0.083759416999996
t=0.02|d=0.85|tol=1e-08|iter=100|words=100|mmr=0.70,train,d077b,converged,0.02,0.85,1e-08,100,100,True,0.7,1,4,14,0.25,0.07142857142857142,0.11111111111111112,0,1,1,99,0.99,340,10608,0.184070796460177,1,0.0029411764705882353,62.4,2,0.12077568172187715,0.1548717551888946,25,0.09980720900000506
t=0.02|d=0.85|tol=1e-08|iter=100|words=100|mmr=0.70,train,d078b,converged,0.02,0.85,1e-08,100,100,True,0.7,0,5,0,0.0,0.0,0.0,0,0,0,100,1.0,276,5670,0.14940711462450593,1,0.0036231884057971015,41.08695652173913,2,0.09162436232222049,0.17916059524736813,27,0.061453333000002885
t=0.02|d=0.85|tol=1e-08|iter=100|words=100|mmr=0.70,train,d079a,converged,0.02,0.85,1e-08,100,100,True,0.7,1,4,14,0.25,0.07142857142857142,0.11111111111111112,1,1,1,99,0.99,316,11902,0.23914004420333534,1,0.0031645569620253164,75.32911392405063,2,0.08253917533593627,0.2305527285940876,25,0.09669966599999213
t=0.02|d=0.85|tol=1e-08|iter=100|words=100|mmr=0.70,train,d080a,converged,0.02,0.85,1e-08,100,100,True,0.7,1,5,10,0.2,0.1,0.13333333333333333,0,1,1,100,1.0,557,23902,0.1543598155586841,3,0.005385996409335727,85.82405745062836,4,0.17500286322707675,0.44325961017662285,26,0.23733387500000447
t=0.02|d=0.85|tol=1e-08|iter=100|words=100|mmr=0.70,train,d081a,converged,0.02,0.85,1e-08,100,100,True,0.7,0,5,17,0.0,0.0,0.0,0,0,0,100,1.0,299,9891,0.2220152185136136,8,0.026755852842809364,66.16053511705685,9,0.04557219265185699,0.17295440833658976,43,0.11334620800001005
t=0.02|d=0.85|tol=1e-08|iter=100|words=100|mmr=0.70,train,d082a,converged,0.02,0.85,1e-08,100,100,True,0.7,2,4,12,0.5,0.16666666666666666,0.25,1,1,1,100,1.0,209,4162,0.19147957305852042,0,0.0,39.82775119617225,2,0.06259706221261174,0.16886778933960314,20,0.038649790999997435
t=0.02|d=0.85|tol=1e-08|iter=100|words=100|mmr=0.70,train,d083a,converged,0.02,0.85,1e-08,100,100,True,0.7,0,6,17,0.0,0.0,0.0,0,0,0,100,1.0,224,5878,0.23534593209481103,1,0.004464285714285714,52.482142857142854,2,0.15503072701818044,1.0,35,0.05659200000000908
t=0.02|d=0.85|tol=1e-08|iter=100|words=100|mmr=0.70,train,d084a,converged,0.02,0.85,1e-08,100,100,True,0.7,0,7,0,0.0,0.0,0.0,0,0,0,100,1.0,366,14382,0.21531551762856502,2,0.00546448087431694,78.59016393442623,5,0.1015663924408795,0.26512441540086007,40,0.15952608299998872
t=0.02|d=0.85|tol=1e-08|iter=100|words=100|mmr=0.70,train,d085d,converged,0.02,0.85,1e-08,100,100,True,0.7,0,5,0,0.0,0.0,0.0,0,0,0,100,1.0,224,4446,0.17801089045483665,1,0.004464285714285714,39.69642857142857,2,0.14240203021260536,0.5758265182499325,27,0.047871875000012665
t=0.02|d=0.85|tol=1e-08|iter=100|words=100|mmr=0.70,train,d086d,converged,0.02,0.85,1e-08,100,100,True,0.7,0,3,0,0.0,0.0,0.0,0,0,0,100,1.0,416,18314,0.2121640407784986,0,0.0,88.04807692307692,2,0.00267820437815618,0.00803461313446854,27,0.16720645899999909
t=0.02|d=0.85|tol=1e-08|iter=100|words=100|mmr=0.70,train,d087d,converged,0.02,0.85,1e-08,100,100,True,0.7,1,7,17,0.14285714285714285,0.058823529411764705,0.08333333333333333,0,1,1,100,1.0,292,7045,0.16581932872004895,4,0.0136986301369863,48.25342465753425,6,0.045442138418619646,0.22427752557709513,83,0.13575891700000398
t=0.02|d=0.85|tol=1e-08|iter=100|words=100|mmr=0.70,train,d089d,converged,0.02,0.85,1e-08,100,100,True,0.7,0,6,18,0.0,0.0,0.0,0,0,0,100,1.0,386,12656,0.170325011775789,2,0.0051813471502590676,65.57512953367876,3,0.06802976697774192,0.20870182526366293,31,0.13550029200000324
t=0.02|d=0.85|tol=1e-08|iter=100|words=100|mmr=0.70,train,d090d,converged,0.02,0.85,1e-08,100,100,True,0.7,0,7,0,0.0,0.0,0.0,0,0,0,99,0.99,261,6833,0.20138520483348069,5,0.019157088122605363,52.36015325670498,6,0.23629589099257603,1.0,25,0.06224749999999801
t=0.02|d=0.85|tol=1e-08|iter=100|words=100|mmr=0.70,train,d091c,converged,0.02,0.85,1e-08,100,100,True,0.7,1,6,13,0.16666666666666666,0.07692307692307693,0.10526315789473684,0,1,1,100,1.0,280,7766,0.19882232462877625,1,0.0035714285714285713,55.47142857142857,3,0.04301737120655953,0.16965990484051685,36,0.08095762499999637
t=0.02|d=0.85|tol=1e-08|iter=100|words=100|mmr=0.70,train,d092c,converged,0.02,0.85,1e-08,100,100,True,0.7,0,5,19,0.0,0.0,0.0,0,0,0,100,1.0,291,5913,0.14013508709562744,11,0.037800687285223365,40.63917525773196,13,0.16519167737035517,0.4173701494751245,59,0.09525333400000591
t=0.02|d=0.85|tol=1e-08|iter=100|words=100|mmr=0.70,train,d093c,converged,0.02,0.85,1e-08,100,100,True,0.7,1,7,18,0.14285714285714285,0.05555555555555555,0.08,1,1,1,100,1.0,264,4181,0.12043438184122594,7,0.026515151515151516,31.674242424242426,14,0.08496133886243512,0.45410082900530824,60,0.0672429169999873
t=0.02|d=0.85|tol=1e-08|iter=100|words=100|mmr=0.70,train,d094c,converged,0.02,0.85,1e-08,100,100,True,0.7,2,4,10,0.5,0.2,0.28571428571428575,1,1,1,100,1.0,185,3542,0.20810810810810812,5,0.02702702702702703,38.29189189189189,6,0.06627974988669451,0.12669659804914624,25,0.0325312920000016
t=0.02|d=0.85|tol=1e-08|iter=100|words=100|mmr=0.70,train,d095c,converged,0.02,0.85,1e-08,100,100,True,0.7,1,5,13,0.2,0.07692307692307693,0.1111111111111111,0,0,1,99,0.99,240,4223,0.14724546722454673,4,0.016666666666666666,35.19166666666667,5,0.07469251204041197,0.265407035830987,35,0.054421500000003675
t=0.02|d=0.85|tol=1e-08|iter=100|words=100|mmr=0.70,train,d096c,converged,0.02,0.85,1e-08,100,100,True,0.7,1,12,15,0.08333333333333333,0.06666666666666667,0.07407407407407407,0,0,0,100,1.0,274,5372,0.14363252319456699,11,0.040145985401459854,39.21167883211679,17,0.14437723584712367,1.0,45,0.08105033300000741
t=0.02|d=0.85|tol=1e-08|iter=100|words=100|mmr=0.70,train,d097e,converged,0.02,0.85,1e-08,100,100,True,0.7,0,5,0,0.0,0.0,0.0,0,0,0,100,1.0,225,4651,0.18456349206349207,3,0.013333333333333334,41.34222222222222,4,0.03480704537638372,0.24086354009587335,27,0.049392541999992545
t=0.02|d=0.85|tol=1e-08|iter=100|words=100|mmr=0.70,train,d098e,converged,0.02,0.85,1e-08,100,100,True,0.7,0,4,0,0.0,0.0,0.0,0,0,0,100,1.0,454,19366,0.18832842236290612,1,0.0022026431718061676,85.31277533039648,4,0.04946827207037862,0.11936630012097926,39,0.22193941700000153
t=0.02|d=0.85|tol=1e-08|iter=100|words=100|mmr=0.70,train,d099e,converged,0.02,0.85,1e-08,100,100,True,0.7,2,4,20,0.5,0.1,0.16666666666666669,0,1,1,100,1.0,469,12534,0.11420917391066644,12,0.0255863539445629,53.449893390191896,15,0.0761726512431724,0.2092957886755061,45,0.17799533299999837
t=0.02|d=0.85|tol=1e-08|iter=100|words=100|mmr=0.70,train,d100e,converged,0.02,0.85,1e-08,100,100,True,0.7,0,5,10,0.0,0.0,0.0,0,0,0,100,1.0,592,20820,0.11901495404033476,11,0.018581081081081082,70.33783783783784,12,0.07268517558852014,0.2570884255951601,37,0.25823841599999753
t=0.02|d=0.85|tol=1e-08|iter=100|words=100|mmr=0.70,train,d101e,converged,0.02,0.85,1e-08,100,100,True,0.7,1,6,10,0.16666666666666666,0.1,0.125,0,0,1,100,1.0,514,15876,0.12041777595740323,12,0.023346303501945526,61.77431906614786,20,0.0363764858387686,0.15412488981132985,71,0.27732787499999745
t=0.02|d=0.85|tol=1e-08|iter=100|words=100|mmr=0.70,train,d102e,converged,0.02,0.85,1e-08,100,100,True,0.7,0,8,16,0.0,0.0,0.0,0,0,0,100,1.0,678,30836,0.1343598994348658,3,0.004424778761061947,90.96165191740413,5,0.10106249678670835,0.2370272006422704,78,0.5941875830000072
t=0.02|d=0.85|tol=1e-08|iter=100|words=100|mmr=0.70,train,d103g,converged,0.02,0.85,1e-08,100,100,True,0.7,0,9,18,0.0,0.0,0.0,0,0,0,100,1.0,219,4611,0.19316325248209124,8,0.0365296803652968,42.10958904109589,10,0.09878986517077659,1.0,54,0.062061583000001974
t=0.02|d=0.85|tol=1e-08|iter=100|words=100|mmr=0.70,train,d104g,converged,0.02,0.85,1e-08,100,100,True,0.7,0,7,0,0.0,0.0,0.0,0,0,0,100,1.0,352,14370,0.23261460761460762,0,0.0,81.64772727272727,1,0.10710099299344258,0.26471794472401455,37,0.13574954199999922
t=0.02|d=0.85|tol=1e-08|iter=100|words=100|mmr=0.70,train,d105g,converged,0.02,0.85,1e-08,100,100,True,0.7,0,4,11,0.0,0.0,0.0,0,0,0,100,1.0,266,5909,0.16765498652291105,4,0.015037593984962405,44.42857142857143,5,0.04045106851263574,0.08887360414854518,57,0.08761891700000035
t=0.02|d=0.85|tol=1e-08|iter=100|words=100|mmr=0.70,train,d106g,converged,0.02,0.85,1e-08,100,100,True,0.7,0,5,0,0.0,0.0,0.0,0,0,0,100,1.0,237,4067,0.14542658943002218,16,0.06751054852320675,34.32067510548523,17,0.0781676414471939,0.23708289736651472,40,0.049545958999999584
t=0.02|d=0.85|tol=1e-08|iter=100|words=100|mmr=0.70,train,d107g,converged,0.02,0.85,1e-08,100,100,True,0.7,2,5,12,0.4,0.16666666666666666,0.23529411764705882,1,1,1,100,1.0,271,4750,0.12983463167965012,4,0.014760147601476014,35.055350553505534,5,0.03857552325482258,0.10292341710174052,36,0.06068833300000165
t=0.02|d=0.85|tol=1e-08|iter=100|words=100|mmr=0.70,train,d108g,converged,0.02,0.85,1e-08,100,100,True,0.7,0,5,0,0.0,0.0,0.0,0,0,0,100,1.0,216,5330,0.22954349698535745,6,0.027777777777777776,49.351851851851855,7,0.06312044501901114,0.18545858619457245,50,0.06470979199998794
t=0.02|d=0.85|tol=1e-08|iter=100|words=100|mmr=0.70,train,d109h,converged,0.02,0.85,1e-08,100,100,True,0.7,1,5,20,0.2,0.05,0.08000000000000002,0,0,1,99,0.99,143,3351,0.3300502314586822,0,0.0,46.86713286713287,1,0.02721052841462392,0.18993614624064137,25,0.026568791000002534
t=0.02|d=0.85|tol=1e-08|iter=100|words=100|mmr=0.70,train,d110h,converged,0.02,0.85,1e-08,100,100,True,0.7,1,5,20,0.2,0.05,0.08000000000000002,0,1,1,100,1.0,453,23110,0.22573209087889975,2,0.004415011037527594,102.03090507726269,4,0.07221491561784345,0.17621645683465142,32,0.21327541600000188
t=0.02|d=0.85|tol=1e-08|iter=100|words=100|mmr=0.70,train,d111h,converged,0.02,0.85,1e-08,100,100,True,0.7,1,5,14,0.2,0.07142857142857142,0.10526315789473682,1,1,1,100,1.0,214,2837,0.12447896099337458,5,0.02336448598130841,26.514018691588785,6,0.0483479830087984,0.205259286881504,28,0.03636850000000891
t=0.02|d=0.85|tol=1e-08|iter=300|words=100|mmr=0.70,train,d061j,converged,0.02,0.85,1e-08,300,100,True,0.7,2,5,18,0.4,0.1111111111111111,0.1739130434782609,0,1,1,99,0.99,186,4037,0.23464109270560884,1,0.005376344086021506,43.40860215053763,2,0.13429842620730287,0.45430454776676077,30,0.03715962500000103
t=0.02|d=0.85|tol=1e-08|iter=300|words=100|mmr=0.70,train,d062j,converged,0.02,0.85,1e-08,300,100,True,0.7,0,6,0,0.0,0.0,0.0,0,0,0,98,0.98,120,1653,0.23151260504201682,2,0.016666666666666666,27.55,3,0.07196848072945318,0.24710351783829648,23,0.015301749999991898
t=0.02|d=0.85|tol=1e-08|iter=300|words=100|mmr=0.70,train,d063j,converged,0.02,0.85,1e-08,300,100,True,0.7,0,3,18,0.0,0.0,0.0,0,0,0,100,1.0,253,4848,0.1520798042537173,3,0.011857707509881422,38.32411067193676,4,0.22152607046561681,0.3530378592180876,39,0.05834700000001192
t=0.02|d=0.85|tol=1e-08|iter=300|words=100|mmr=0.70,train,d064j,converged,0.02,0.85,1e-08,300,100,True,0.7,1,7,19,0.14285714285714285,0.05263157894736842,0.07692307692307693,1,1,1,100,1.0,199,3319,0.1684686056545353,2,0.010050251256281407,33.35678391959799,3,0.05058519596002425,0.17190936472085516,20,0.03212112499998909
t=0.02|d=0.85|tol=1e-08|iter=300|words=100|mmr=0.70,train,d065j,converged,0.02,0.85,1e-08,300,100,True,0.7,1,5,12,0.2,0.08333333333333333,0.11764705882352941,1,1,1,100,1.0,309,6864,0.14424410540915394,13,0.042071197411003236,44.42718446601942,15,0.06346017987190197,0.14503770614306322,36,0.07943270899998822
t=0.02|d=0.85|tol=1e-08|iter=300|words=100|mmr=0.70,train,d066j,converged,0.02,0.85,1e-08,300,100,True,0.7,0,5,19,0.0,0.0,0.0,0,0,0,100,1.0,204,3853,0.18608132908335748,5,0.024509803921568627,37.77450980392157,6,0.04248254556818008,0.23638592932847835,56,0.054083708999996816
t=0.02|d=0.85|tol=1e-08|iter=300|words=100|mmr=0.70,train,d067f,converged,0.02,0.85,1e-08,300,100,True,0.7,0,3,0,0.0,0.0,0.0,0,0,0,99,0.99,134,2185,0.24520255863539445,3,0.022388059701492536,32.61194029850746,4,0.1033119210570852,0.1670610438990799,64,0.03302391600000476
t=0.02|d=0.85|tol=1e-08|iter=300|words=100|mmr=0.70,train,d068f,converged,0.02,0.85,1e-08,300,100,True,0.7,0,7,0,0.0,0.0,0.0,0,0,0,100,1.0,136,2364,0.257516339869281,4,0.029411764705882353,34.76470588235294,5,0.1277819010135278,0.9999999999999999,37,0.025429458000004956
t=0.02|d=0.85|tol=1e-08|iter=300|words=100|mmr=0.70,train,d069f,converged,0.02,0.85,1e-08,300,100,True,0.7,0,4,14,0.0,0.0,0.0,0,0,0,100,1.0,331,13715,0.2511214867710336,1,0.0030211480362537764,82.87009063444108,2,0.10646968269015883,0.14942039715156336,16,0.09260795899999152
t=0.02|d=0.85|tol=1e-08|iter=300|words=100|mmr=0.70,train,d070f,converged,0.02,0.85,1e-08,300,100,True,0.7,1,7,16,0.14285714285714285,0.0625,0.08695652173913043,1,1,1,100,1.0,167,3139,0.2264627371762499,8,0.04790419161676647,37.59281437125748,9,0.052971820844836065,0.3394669290404032,34,0.031376792000003206
t=0.02|d=0.85|tol=1e-08|iter=300|words=100|mmr=0.70,train,d071f,converged,0.02,0.85,1e-08,300,100,True,0.7,0,5,0,0.0,0.0,0.0,0,0,0,100,1.0,155,1238,0.10372852953498114,17,0.10967741935483871,15.974193548387097,22,0.04072328162753003,0.12346416812998832,65,0.023618749999997135
t=0.02|d=0.85|tol=1e-08|iter=300|words=100|mmr=0.70,train,d072f,converged,0.02,0.85,1e-08,300,100,True,0.7,0,7,0,0.0,0.0,0.0,0,0,0,100,1.0,378,10214,0.14334835024490197,5,0.013227513227513227,54.042328042328045,7,0.10569254796305809,0.6401152146171181,23,0.10627804199999957
t=0.02|d=0.85|tol=1e-08|iter=300|words=100|mmr=0.70,train,d073b,converged,0.02,0.85,1e-08,300,100,True,0.7,1,5,12,0.2,0.08333333333333333,0.11764705882352941,0,0,1,100,1.0,253,3704,0.11619298575820315,12,0.04743083003952569,29.280632411067195,18,0.04540607248173141,0.11981376361872152,69,0.08393933300000356
t=0.02|d=0.85|tol=1e-08|iter=300|words=100|mmr=0.70,train,d074b,converged,0.02,0.85,1e-08,300,100,True,0.7,0,6,0,0.0,0.0,0.0,0,0,0,100,1.0,256,2940,0.0900735294117647,10,0.0390625,22.96875,22,0.0578714638991911,0.41238301648149467,75,0.05946079199999588
t=0.02|d=0.85|tol=1e-08|iter=300|words=100|mmr=0.70,train,d075b,converged,0.02,0.85,1e-08,300,100,True,0.7,1,6,13,0.16666666666666666,0.07692307692307693,0.10526315789473684,0,1,1,100,1.0,277,10963,0.28679432846753516,1,0.0036101083032490976,79.15523465703971,2,0.041709678174563725,0.1746525119154121,20,0.07576324999999429
t=0.02|d=0.85|tol=1e-08|iter=300|words=100|mmr=0.70,train,d076b,converged,0.02,0.85,1e-08,300,100,True,0.7,0,7,13,0.0,0.0,0.0,0,0,0,100,1.0,323,8152,0.15676018691229351,4,0.01238390092879257,50.476780185758514,5,0.09592776240600331,0.2547666691658744,25,0.09073424999999702
t=0.02|d=0.85|tol=1e-08|iter=300|words=100|mmr=0.70,train,d077b,converged,0.02,0.85,1e-08,300,100,True,0.7,1,4,14,0.25,0.07142857142857142,0.11111111111111112,0,1,1,99,0.99,340,10608,0.184070796460177,1,0.0029411764705882353,62.4,2,0.12077568172187715,0.1548717551888946,25,0.09530720899999778
t=0.02|d=0.85|tol=1e-08|iter=300|words=100|mmr=0.70,train,d078b,converged,0.02,0.85,1e-08,300,100,True,0.7,0,5,0,0.0,0.0,0.0,0,0,0,100,1.0,276,5670,0.14940711462450593,1,0.0036231884057971015,41.08695652173913,2,0.09162436232222049,0.17916059524736813,27,0.059390917000001764
t=0.02|d=0.85|tol=1e-08|iter=300|words=100|mmr=0.70,train,d079a,converged,0.02,0.85,1e-08,300,100,True,0.7,1,4,14,0.25,0.07142857142857142,0.11111111111111112,1,1,1,99,0.99,316,11902,0.23914004420333534,1,0.0031645569620253164,75.32911392405063,2,0.08253917533593627,0.2305527285940876,25,0.1036032089999992
t=0.02|d=0.85|tol=1e-08|iter=300|words=100|mmr=0.70,train,d080a,converged,0.02,0.85,1e-08,300,100,True,0.7,1,5,10,0.2,0.1,0.13333333333333333,0,1,1,100,1.0,557,23902,0.1543598155586841,3,0.005385996409335727,85.82405745062836,4,0.17500286322707675,0.44325961017662285,26,0.22998812499999133
t=0.02|d=0.85|tol=1e-08|iter=300|words=100|mmr=0.70,train,d081a,converged,0.02,0.85,1e-08,300,100,True,0.7,0,5,17,0.0,0.0,0.0,0,0,0,100,1.0,299,9891,0.2220152185136136,8,0.026755852842809364,66.16053511705685,9,0.04557219265185699,0.17295440833658976,43,0.10894670899999426
t=0.02|d=0.85|tol=1e-08|iter=300|words=100|mmr=0.70,train,d082a,converged,0.02,0.85,1e-08,300,100,True,0.7,2,4,12,0.5,0.16666666666666666,0.25,1,1,1,100,1.0,209,4162,0.19147957305852042,0,0.0,39.82775119617225,2,0.06259706221261174,0.16886778933960314,20,0.037356958000003715
t=0.02|d=0.85|tol=1e-08|iter=300|words=100|mmr=0.70,train,d083a,converged,0.02,0.85,1e-08,300,100,True,0.7,0,6,17,0.0,0.0,0.0,0,0,0,100,1.0,224,5878,0.23534593209481103,1,0.004464285714285714,52.482142857142854,2,0.15503072701818044,1.0,35,0.05766629199999329
t=0.02|d=0.85|tol=1e-08|iter=300|words=100|mmr=0.70,train,d084a,converged,0.02,0.85,1e-08,300,100,True,0.7,0,7,0,0.0,0.0,0.0,0,0,0,100,1.0,366,14382,0.21531551762856502,2,0.00546448087431694,78.59016393442623,5,0.1015663924408795,0.26512441540086007,40,0.16255558299999961
t=0.02|d=0.85|tol=1e-08|iter=300|words=100|mmr=0.70,train,d085d,converged,0.02,0.85,1e-08,300,100,True,0.7,0,5,0,0.0,0.0,0.0,0,0,0,100,1.0,224,4446,0.17801089045483665,1,0.004464285714285714,39.69642857142857,2,0.14240203021260536,0.5758265182499325,27,0.044631874999993215
t=0.02|d=0.85|tol=1e-08|iter=300|words=100|mmr=0.70,train,d086d,converged,0.02,0.85,1e-08,300,100,True,0.7,0,3,0,0.0,0.0,0.0,0,0,0,100,1.0,416,18314,0.2121640407784986,0,0.0,88.04807692307692,2,0.00267820437815618,0.00803461313446854,27,0.1583644580000083
t=0.02|d=0.85|tol=1e-08|iter=300|words=100|mmr=0.70,train,d087d,converged,0.02,0.85,1e-08,300,100,True,0.7,1,7,17,0.14285714285714285,0.058823529411764705,0.08333333333333333,0,1,1,100,1.0,292,7045,0.16581932872004895,4,0.0136986301369863,48.25342465753425,6,0.045442138418619646,0.22427752557709513,83,0.13272437499999512
t=0.02|d=0.85|tol=1e-08|iter=300|words=100|mmr=0.70,train,d089d,converged,0.02,0.85,1e-08,300,100,True,0.7,0,6,18,0.0,0.0,0.0,0,0,0,100,1.0,386,12656,0.170325011775789,2,0.0051813471502590676,65.57512953367876,3,0.06802976697774192,0.20870182526366293,31,0.13098762499998884
t=0.02|d=0.85|tol=1e-08|iter=300|words=100|mmr=0.70,train,d090d,converged,0.02,0.85,1e-08,300,100,True,0.7,0,7,0,0.0,0.0,0.0,0,0,0,99,0.99,261,6833,0.20138520483348069,5,0.019157088122605363,52.36015325670498,6,0.23629589099257603,1.0,25,0.0596227499999884
t=0.02|d=0.85|tol=1e-08|iter=300|words=100|mmr=0.70,train,d091c,converged,0.02,0.85,1e-08,300,100,True,0.7,1,6,13,0.16666666666666666,0.07692307692307693,0.10526315789473684,0,1,1,100,1.0,280,7766,0.19882232462877625,1,0.0035714285714285713,55.47142857142857,3,0.04301737120655953,0.16965990484051685,36,0.07768833299999756
t=0.02|d=0.85|tol=1e-08|iter=300|words=100|mmr=0.70,train,d092c,converged,0.02,0.85,1e-08,300,100,True,0.7,0,5,19,0.0,0.0,0.0,0,0,0,100,1.0,291,5913,0.14013508709562744,11,0.037800687285223365,40.63917525773196,13,0.16519167737035517,0.4173701494751245,59,0.09070724999999413
t=0.02|d=0.85|tol=1e-08|iter=300|words=100|mmr=0.70,train,d093c,converged,0.02,0.85,1e-08,300,100,True,0.7,1,7,18,0.14285714285714285,0.05555555555555555,0.08,1,1,1,100,1.0,264,4181,0.12043438184122594,7,0.026515151515151516,31.674242424242426,14,0.08496133886243512,0.45410082900530824,60,0.07025679200000923
t=0.02|d=0.85|tol=1e-08|iter=300|words=100|mmr=0.70,train,d094c,converged,0.02,0.85,1e-08,300,100,True,0.7,2,4,10,0.5,0.2,0.28571428571428575,1,1,1,100,1.0,185,3542,0.20810810810810812,5,0.02702702702702703,38.29189189189189,6,0.06627974988669451,0.12669659804914624,25,0.032581749999991416
t=0.02|d=0.85|tol=1e-08|iter=300|words=100|mmr=0.70,train,d095c,converged,0.02,0.85,1e-08,300,100,True,0.7,1,5,13,0.2,0.07692307692307693,0.1111111111111111,0,0,1,99,0.99,240,4223,0.14724546722454673,4,0.016666666666666666,35.19166666666667,5,0.07469251204041197,0.265407035830987,35,0.04940737500000125
t=0.02|d=0.85|tol=1e-08|iter=300|words=100|mmr=0.70,train,d096c,converged,0.02,0.85,1e-08,300,100,True,0.7,1,12,15,0.08333333333333333,0.06666666666666667,0.07407407407407407,0,0,0,100,1.0,274,5372,0.14363252319456699,11,0.040145985401459854,39.21167883211679,17,0.14437723584712367,1.0,45,0.07049841699999604
t=0.02|d=0.85|tol=1e-08|iter=300|words=100|mmr=0.70,train,d097e,converged,0.02,0.85,1e-08,300,100,True,0.7,0,5,0,0.0,0.0,0.0,0,0,0,100,1.0,225,4651,0.18456349206349207,3,0.013333333333333334,41.34222222222222,4,0.03480704537638372,0.24086354009587335,27,0.04698329200000728
t=0.02|d=0.85|tol=1e-08|iter=300|words=100|mmr=0.70,train,d098e,converged,0.02,0.85,1e-08,300,100,True,0.7,0,4,0,0.0,0.0,0.0,0,0,0,100,1.0,454,19366,0.18832842236290612,1,0.0022026431718061676,85.31277533039648,4,0.04946827207037862,0.11936630012097926,39,0.21610983399999384
t=0.02|d=0.85|tol=1e-08|iter=300|words=100|mmr=0.70,train,d099e,converged,0.02,0.85,1e-08,300,100,True,0.7,2,4,20,0.5,0.1,0.16666666666666669,0,1,1,100,1.0,469,12534,0.11420917391066644,12,0.0255863539445629,53.449893390191896,15,0.0761726512431724,0.2092957886755061,45,0.17646449999999447
t=0.02|d=0.85|tol=1e-08|iter=300|words=100|mmr=0.70,train,d100e,converged,0.02,0.85,1e-08,300,100,True,0.7,0,5,10,0.0,0.0,0.0,0,0,0,100,1.0,592,20820,0.11901495404033476,11,0.018581081081081082,70.33783783783784,12,0.07268517558852014,0.2570884255951601,37,0.2598199160000121
t=0.02|d=0.85|tol=1e-08|iter=300|words=100|mmr=0.70,train,d101e,converged,0.02,0.85,1e-08,300,100,True,0.7,1,6,10,0.16666666666666666,0.1,0.125,0,0,1,100,1.0,514,15876,0.12041777595740323,12,0.023346303501945526,61.77431906614786,20,0.0363764858387686,0.15412488981132985,71,0.27465575000000797
t=0.02|d=0.85|tol=1e-08|iter=300|words=100|mmr=0.70,train,d102e,converged,0.02,0.85,1e-08,300,100,True,0.7,0,8,16,0.0,0.0,0.0,0,0,0,100,1.0,678,30836,0.1343598994348658,3,0.004424778761061947,90.96165191740413,5,0.10106249678670835,0.2370272006422704,78,0.5936714169999959
t=0.02|d=0.85|tol=1e-08|iter=300|words=100|mmr=0.70,train,d103g,converged,0.02,0.85,1e-08,300,100,True,0.7,0,9,18,0.0,0.0,0.0,0,0,0,100,1.0,219,4611,0.19316325248209124,8,0.0365296803652968,42.10958904109589,10,0.09878986517077659,1.0,54,0.0683112499999936
t=0.02|d=0.85|tol=1e-08|iter=300|words=100|mmr=0.70,train,d104g,converged,0.02,0.85,1e-08,300,100,True,0.7,0,7,0,0.0,0.0,0.0,0,0,0,100,1.0,352,14370,0.23261460761460762,0,0.0,81.64772727272727,1,0.10710099299344258,0.26471794472401455,37,0.1370289999999983
t=0.02|d=0.85|tol=1e-08|iter=300|words=100|mmr=0.70,train,d105g,converged,0.02,0.85,1e-08,300,100,True,0.7,0,4,11,0.0,0.0,0.0,0,0,0,100,1.0,266,5909,0.16765498652291105,4,0.015037593984962405,44.42857142857143,5,0.04045106851263574,0.08887360414854518,57,0.08821500000000526
t=0.02|d=0.85|tol=1e-08|iter=300|words=100|mmr=0.70,train,d106g,converged,0.02,0.85,1e-08,300,100,True,0.7,0,5,0,0.0,0.0,0.0,0,0,0,100,1.0,237,4067,0.14542658943002218,16,0.06751054852320675,34.32067510548523,17,0.0781676414471939,0.23708289736651472,40,0.05036054199999285
t=0.02|d=0.85|tol=1e-08|iter=300|words=100|mmr=0.70,train,d107g,converged,0.02,0.85,1e-08,300,100,True,0.7,2,5,12,0.4,0.16666666666666666,0.23529411764705882,1,1,1,100,1.0,271,4750,0.12983463167965012,4,0.014760147601476014,35.055350553505534,5,0.03857552325482258,0.10292341710174052,36,0.06049891700000387
t=0.02|d=0.85|tol=1e-08|iter=300|words=100|mmr=0.70,train,d108g,converged,0.02,0.85,1e-08,300,100,True,0.7,0,5,0,0.0,0.0,0.0,0,0,0,100,1.0,216,5330,0.22954349698535745,6,0.027777777777777776,49.351851851851855,7,0.06312044501901114,0.18545858619457245,50,0.06438950000000432
t=0.02|d=0.85|tol=1e-08|iter=300|words=100|mmr=0.70,train,d109h,converged,0.02,0.85,1e-08,300,100,True,0.7,1,5,20,0.2,0.05,0.08000000000000002,0,0,1,99,0.99,143,3351,0.3300502314586822,0,0.0,46.86713286713287,1,0.02721052841462392,0.18993614624064137,25,0.026624583000000257
t=0.02|d=0.85|tol=1e-08|iter=300|words=100|mmr=0.70,train,d110h,converged,0.02,0.85,1e-08,300,100,True,0.7,1,5,20,0.2,0.05,0.08000000000000002,0,1,1,100,1.0,453,23110,0.22573209087889975,2,0.004415011037527594,102.03090507726269,4,0.07221491561784345,0.17621645683465142,32,0.21219900000001246
t=0.02|d=0.85|tol=1e-08|iter=300|words=100|mmr=0.70,train,d111h,converged,0.02,0.85,1e-08,300,100,True,0.7,1,5,14,0.2,0.07142857142857142,0.10526315789473682,1,1,1,100,1.0,214,2837,0.12447896099337458,5,0.02336448598130841,26.514018691588785,6,0.0483479830087984,0.205259286881504,28,0.03775383300001067
t=0.02|d=0.85|tol=1e-08|iter=1000|words=100|mmr=0.70,train,d061j,converged,0.02,0.85,1e-08,1000,100,True,0.7,2,5,18,0.4,0.1111111111111111,0.1739130434782609,0,1,1,99,0.99,186,4037,0.23464109270560884,1,0.005376344086021506,43.40860215053763,2,0.13429842620730287,0.45430454776676077,30,0.038944416000006754
t=0.02|d=0.85|tol=1e-08|iter=1000|words=100|mmr=0.70,train,d062j,converged,0.02,0.85,1e-08,1000,100,True,0.7,0,6,0,0.0,0.0,0.0,0,0,0,98,0.98,120,1653,0.23151260504201682,2,0.016666666666666666,27.55,3,0.07196848072945318,0.24710351783829648,23,0.01684329199999013
t=0.02|d=0.85|tol=1e-08|iter=1000|words=100|mmr=0.70,train,d063j,converged,0.02,0.85,1e-08,1000,100,True,0.7,0,3,18,0.0,0.0,0.0,0,0,0,100,1.0,253,4848,0.1520798042537173,3,0.011857707509881422,38.32411067193676,4,0.22152607046561681,0.3530378592180876,39,0.060573084000012045
t=0.02|d=0.85|tol=1e-08|iter=1000|words=100|mmr=0.70,train,d064j,converged,0.02,0.85,1e-08,1000,100,True,0.7,1,7,19,0.14285714285714285,0.05263157894736842,0.07692307692307693,1,1,1,100,1.0,199,3319,0.1684686056545353,2,0.010050251256281407,33.35678391959799,3,0.05058519596002425,0.17190936472085516,20,0.032638292000001456
t=0.02|d=0.85|tol=1e-08|iter=1000|words=100|mmr=0.70,train,d065j,converged,0.02,0.85,1e-08,1000,100,True,0.7,1,5,12,0.2,0.08333333333333333,0.11764705882352941,1,1,1,100,1.0,309,6864,0.14424410540915394,13,0.042071197411003236,44.42718446601942,15,0.06346017987190197,0.14503770614306322,36,0.08002220800000259
t=0.02|d=0.85|tol=1e-08|iter=1000|words=100|mmr=0.70,train,d066j,converged,0.02,0.85,1e-08,1000,100,True,0.7,0,5,19,0.0,0.0,0.0,0,0,0,100,1.0,204,3853,0.18608132908335748,5,0.024509803921568627,37.77450980392157,6,0.04248254556818008,0.23638592932847835,56,0.05507395800000836
t=0.02|d=0.85|tol=1e-08|iter=1000|words=100|mmr=0.70,train,d067f,converged,0.02,0.85,1e-08,1000,100,True,0.7,0,3,0,0.0,0.0,0.0,0,0,0,99,0.99,134,2185,0.24520255863539445,3,0.022388059701492536,32.61194029850746,4,0.1033119210570852,0.1670610438990799,64,0.0328910419999886
t=0.02|d=0.85|tol=1e-08|iter=1000|words=100|mmr=0.70,train,d068f,converged,0.02,0.85,1e-08,1000,100,True,0.7,0,7,0,0.0,0.0,0.0,0,0,0,100,1.0,136,2364,0.257516339869281,4,0.029411764705882353,34.76470588235294,5,0.1277819010135278,0.9999999999999999,37,0.023701041999999006
t=0.02|d=0.85|tol=1e-08|iter=1000|words=100|mmr=0.70,train,d069f,converged,0.02,0.85,1e-08,1000,100,True,0.7,0,4,14,0.0,0.0,0.0,0,0,0,100,1.0,331,13715,0.2511214867710336,1,0.0030211480362537764,82.87009063444108,2,0.10646968269015883,0.14942039715156336,16,0.09333720800000833
t=0.02|d=0.85|tol=1e-08|iter=1000|words=100|mmr=0.70,train,d070f,converged,0.02,0.85,1e-08,1000,100,True,0.7,1,7,16,0.14285714285714285,0.0625,0.08695652173913043,1,1,1,100,1.0,167,3139,0.2264627371762499,8,0.04790419161676647,37.59281437125748,9,0.052971820844836065,0.3394669290404032,34,0.03170058300000278
t=0.02|d=0.85|tol=1e-08|iter=1000|words=100|mmr=0.70,train,d071f,converged,0.02,0.85,1e-08,1000,100,True,0.7,0,5,0,0.0,0.0,0.0,0,0,0,100,1.0,155,1238,0.10372852953498114,17,0.10967741935483871,15.974193548387097,22,0.04072328162753003,0.12346416812998832,65,0.02404124999999624
t=0.02|d=0.85|tol=1e-08|iter=1000|words=100|mmr=0.70,train,d072f,converged,0.02,0.85,1e-08,1000,100,True,0.7,0,7,0,0.0,0.0,0.0,0,0,0,100,1.0,378,10214,0.14334835024490197,5,0.013227513227513227,54.042328042328045,7,0.10569254796305809,0.6401152146171181,23,0.10569154200000241
t=0.02|d=0.85|tol=1e-08|iter=1000|words=100|mmr=0.70,train,d073b,converged,0.02,0.85,1e-08,1000,100,True,0.7,1,5,12,0.2,0.08333333333333333,0.11764705882352941,0,0,1,100,1.0,253,3704,0.11619298575820315,12,0.04743083003952569,29.280632411067195,18,0.04540607248173141,0.11981376361872152,69,0.06562516700000742
t=0.02|d=0.85|tol=1e-08|iter=1000|words=100|mmr=0.70,train,d074b,converged,0.02,0.85,1e-08,1000,100,True,0.7,0,6,0,0.0,0.0,0.0,0,0,0,100,1.0,256,2940,0.0900735294117647,10,0.0390625,22.96875,22,0.0578714638991911,0.41238301648149467,75,0.060910332999995376
t=0.02|d=0.85|tol=1e-08|iter=1000|words=100|mmr=0.70,train,d075b,converged,0.02,0.85,1e-08,1000,100,True,0.7,1,6,13,0.16666666666666666,0.07692307692307693,0.10526315789473684,0,1,1,100,1.0,277,10963,0.28679432846753516,1,0.0036101083032490976,79.15523465703971,2,0.041709678174563725,0.1746525119154121,20,0.07332020799999839
t=0.02|d=0.85|tol=1e-08|iter=1000|words=100|mmr=0.70,train,d076b,converged,0.02,0.85,1e-08,1000,100,True,0.7,0,7,13,0.0,0.0,0.0,0,0,0,100,1.0,323,8152,0.15676018691229351,4,0.01238390092879257,50.476780185758514,5,0.09592776240600331,0.2547666691658744,25,0.08061691599999676
t=0.02|d=0.85|tol=1e-08|iter=1000|words=100|mmr=0.70,train,d077b,converged,0.02,0.85,1e-08,1000,100,True,0.7,1,4,14,0.25,0.07142857142857142,0.11111111111111112,0,1,1,99,0.99,340,10608,0.184070796460177,1,0.0029411764705882353,62.4,2,0.12077568172187715,0.1548717551888946,25,0.09418883299998981
t=0.02|d=0.85|tol=1e-08|iter=1000|words=100|mmr=0.70,train,d078b,converged,0.02,0.85,1e-08,1000,100,True,0.7,0,5,0,0.0,0.0,0.0,0,0,0,100,1.0,276,5670,0.14940711462450593,1,0.0036231884057971015,41.08695652173913,2,0.09162436232222049,0.17916059524736813,27,0.05893545899999708
t=0.02|d=0.85|tol=1e-08|iter=1000|words=100|mmr=0.70,train,d079a,converged,0.02,0.85,1e-08,1000,100,True,0.7,1,4,14,0.25,0.07142857142857142,0.11111111111111112,1,1,1,99,0.99,316,11902,0.23914004420333534,1,0.0031645569620253164,75.32911392405063,2,0.08253917533593627,0.2305527285940876,25,0.0955443750000029
t=0.02|d=0.85|tol=1e-08|iter=1000|words=100|mmr=0.70,train,d080a,converged,0.02,0.85,1e-08,1000,100,True,0.7,1,5,10,0.2,0.1,0.13333333333333333,0,1,1,100,1.0,557,23902,0.1543598155586841,3,0.005385996409335727,85.82405745062836,4,0.17500286322707675,0.44325961017662285,26,0.22881862500000238
t=0.02|d=0.85|tol=1e-08|iter=1000|words=100|mmr=0.70,train,d081a,converged,0.02,0.85,1e-08,1000,100,True,0.7,0,5,17,0.0,0.0,0.0,0,0,0,100,1.0,299,9891,0.2220152185136136,8,0.026755852842809364,66.16053511705685,9,0.04557219265185699,0.17295440833658976,43,0.10928841599999828
t=0.02|d=0.85|tol=1e-08|iter=1000|words=100|mmr=0.70,train,d082a,converged,0.02,0.85,1e-08,1000,100,True,0.7,2,4,12,0.5,0.16666666666666666,0.25,1,1,1,100,1.0,209,4162,0.19147957305852042,0,0.0,39.82775119617225,2,0.06259706221261174,0.16886778933960314,20,0.03831862500000227
t=0.02|d=0.85|tol=1e-08|iter=1000|words=100|mmr=0.70,train,d083a,converged,0.02,0.85,1e-08,1000,100,True,0.7,0,6,17,0.0,0.0,0.0,0,0,0,100,1.0,224,5878,0.23534593209481103,1,0.004464285714285714,52.482142857142854,2,0.15503072701818044,1.0,35,0.05706179099999531
t=0.02|d=0.85|tol=1e-08|iter=1000|words=100|mmr=0.70,train,d084a,converged,0.02,0.85,1e-08,1000,100,True,0.7,0,7,0,0.0,0.0,0.0,0,0,0,100,1.0,366,14382,0.21531551762856502,2,0.00546448087431694,78.59016393442623,5,0.1015663924408795,0.26512441540086007,40,0.15509966700000177
t=0.02|d=0.85|tol=1e-08|iter=1000|words=100|mmr=0.70,train,d085d,converged,0.02,0.85,1e-08,1000,100,True,0.7,0,5,0,0.0,0.0,0.0,0,0,0,100,1.0,224,4446,0.17801089045483665,1,0.004464285714285714,39.69642857142857,2,0.14240203021260536,0.5758265182499325,27,0.044006582999998045
t=0.02|d=0.85|tol=1e-08|iter=1000|words=100|mmr=0.70,train,d086d,converged,0.02,0.85,1e-08,1000,100,True,0.7,0,3,0,0.0,0.0,0.0,0,0,0,100,1.0,416,18314,0.2121640407784986,0,0.0,88.04807692307692,2,0.00267820437815618,0.00803461313446854,27,0.16186495800000955
t=0.02|d=0.85|tol=1e-08|iter=1000|words=100|mmr=0.70,train,d087d,converged,0.02,0.85,1e-08,1000,100,True,0.7,1,7,17,0.14285714285714285,0.058823529411764705,0.08333333333333333,0,1,1,100,1.0,292,7045,0.16581932872004895,4,0.0136986301369863,48.25342465753425,6,0.045442138418619646,0.22427752557709513,83,0.1337278330000089
t=0.02|d=0.85|tol=1e-08|iter=1000|words=100|mmr=0.70,train,d089d,converged,0.02,0.85,1e-08,1000,100,True,0.7,0,6,18,0.0,0.0,0.0,0,0,0,100,1.0,386,12656,0.170325011775789,2,0.0051813471502590676,65.57512953367876,3,0.06802976697774192,0.20870182526366293,31,0.1295711670000088
t=0.02|d=0.85|tol=1e-08|iter=1000|words=100|mmr=0.70,train,d090d,converged,0.02,0.85,1e-08,1000,100,True,0.7,0,7,0,0.0,0.0,0.0,0,0,0,99,0.99,261,6833,0.20138520483348069,5,0.019157088122605363,52.36015325670498,6,0.23629589099257603,1.0,25,0.0592280000000045
t=0.02|d=0.85|tol=1e-08|iter=1000|words=100|mmr=0.70,train,d091c,converged,0.02,0.85,1e-08,1000,100,True,0.7,1,6,13,0.16666666666666666,0.07692307692307693,0.10526315789473684,0,1,1,100,1.0,280,7766,0.19882232462877625,1,0.0035714285714285713,55.47142857142857,3,0.04301737120655953,0.16965990484051685,36,0.07819083299999363
t=0.02|d=0.85|tol=1e-08|iter=1000|words=100|mmr=0.70,train,d092c,converged,0.02,0.85,1e-08,1000,100,True,0.7,0,5,19,0.0,0.0,0.0,0,0,0,100,1.0,291,5913,0.14013508709562744,11,0.037800687285223365,40.63917525773196,13,0.16519167737035517,0.4173701494751245,59,0.09327554200000066
t=0.02|d=0.85|tol=1e-08|iter=1000|words=100|mmr=0.70,train,d093c,converged,0.02,0.85,1e-08,1000,100,True,0.7,1,7,18,0.14285714285714285,0.05555555555555555,0.08,1,1,1,100,1.0,264,4181,0.12043438184122594,7,0.026515151515151516,31.674242424242426,14,0.08496133886243512,0.45410082900530824,60,0.06646254100000704
t=0.02|d=0.85|tol=1e-08|iter=1000|words=100|mmr=0.70,train,d094c,converged,0.02,0.85,1e-08,1000,100,True,0.7,2,4,10,0.5,0.2,0.28571428571428575,1,1,1,100,1.0,185,3542,0.20810810810810812,5,0.02702702702702703,38.29189189189189,6,0.06627974988669451,0.12669659804914624,25,0.03186229199999957
t=0.02|d=0.85|tol=1e-08|iter=1000|words=100|mmr=0.70,train,d095c,converged,0.02,0.85,1e-08,1000,100,True,0.7,1,5,13,0.2,0.07692307692307693,0.1111111111111111,0,0,1,99,0.99,240,4223,0.14724546722454673,4,0.016666666666666666,35.19166666666667,5,0.07469251204041197,0.265407035830987,35,0.04935270800000069
t=0.02|d=0.85|tol=1e-08|iter=1000|words=100|mmr=0.70,train,d096c,converged,0.02,0.85,1e-08,1000,100,True,0.7,1,12,15,0.08333333333333333,0.06666666666666667,0.07407407407407407,0,0,0,100,1.0,274,5372,0.14363252319456699,11,0.040145985401459854,39.21167883211679,17,0.14437723584712367,1.0,45,0.0694520829999874
t=0.02|d=0.85|tol=1e-08|iter=1000|words=100|mmr=0.70,train,d097e,converged,0.02,0.85,1e-08,1000,100,True,0.7,0,5,0,0.0,0.0,0.0,0,0,0,100,1.0,225,4651,0.18456349206349207,3,0.013333333333333334,41.34222222222222,4,0.03480704537638372,0.24086354009587335,27,0.04794929199999842
t=0.02|d=0.85|tol=1e-08|iter=1000|words=100|mmr=0.70,train,d098e,converged,0.02,0.85,1e-08,1000,100,True,0.7,0,4,0,0.0,0.0,0.0,0,0,0,100,1.0,454,19366,0.18832842236290612,1,0.0022026431718061676,85.31277533039648,4,0.04946827207037862,0.11936630012097926,39,0.21485304200000144
t=0.02|d=0.85|tol=1e-08|iter=1000|words=100|mmr=0.70,train,d099e,converged,0.02,0.85,1e-08,1000,100,True,0.7,2,4,20,0.5,0.1,0.16666666666666669,0,1,1,100,1.0,469,12534,0.11420917391066644,12,0.0255863539445629,53.449893390191896,15,0.0761726512431724,0.2092957886755061,45,0.17958058399999288
t=0.02|d=0.85|tol=1e-08|iter=1000|words=100|mmr=0.70,train,d100e,converged,0.02,0.85,1e-08,1000,100,True,0.7,0,5,10,0.0,0.0,0.0,0,0,0,100,1.0,592,20820,0.11901495404033476,11,0.018581081081081082,70.33783783783784,12,0.07268517558852014,0.2570884255951601,37,0.25983166700000027
t=0.02|d=0.85|tol=1e-08|iter=1000|words=100|mmr=0.70,train,d101e,converged,0.02,0.85,1e-08,1000,100,True,0.7,1,6,10,0.16666666666666666,0.1,0.125,0,0,1,100,1.0,514,15876,0.12041777595740323,12,0.023346303501945526,61.77431906614786,20,0.0363764858387686,0.15412488981132985,71,0.27430954099999383
t=0.02|d=0.85|tol=1e-08|iter=1000|words=100|mmr=0.70,train,d102e,converged,0.02,0.85,1e-08,1000,100,True,0.7,0,8,16,0.0,0.0,0.0,0,0,0,100,1.0,678,30836,0.1343598994348658,3,0.004424778761061947,90.96165191740413,5,0.10106249678670835,0.2370272006422704,78,0.5960408330000035
t=0.02|d=0.85|tol=1e-08|iter=1000|words=100|mmr=0.70,train,d103g,converged,0.02,0.85,1e-08,1000,100,True,0.7,0,9,18,0.0,0.0,0.0,0,0,0,100,1.0,219,4611,0.19316325248209124,8,0.0365296803652968,42.10958904109589,10,0.09878986517077659,1.0,54,0.06316708399999982
t=0.02|d=0.85|tol=1e-08|iter=1000|words=100|mmr=0.70,train,d104g,converged,0.02,0.85,1e-08,1000,100,True,0.7,0,7,0,0.0,0.0,0.0,0,0,0,100,1.0,352,14370,0.23261460761460762,0,0.0,81.64772727272727,1,0.10710099299344258,0.26471794472401455,37,0.13653479100000254
t=0.02|d=0.85|tol=1e-08|iter=1000|words=100|mmr=0.70,train,d105g,converged,0.02,0.85,1e-08,1000,100,True,0.7,0,4,11,0.0,0.0,0.0,0,0,0,100,1.0,266,5909,0.16765498652291105,4,0.015037593984962405,44.42857142857143,5,0.04045106851263574,0.08887360414854518,57,0.09401133400000106
t=0.02|d=0.85|tol=1e-08|iter=1000|words=100|mmr=0.70,train,d106g,converged,0.02,0.85,1e-08,1000,100,True,0.7,0,5,0,0.0,0.0,0.0,0,0,0,100,1.0,237,4067,0.14542658943002218,16,0.06751054852320675,34.32067510548523,17,0.0781676414471939,0.23708289736651472,40,0.04947645799998668
t=0.02|d=0.85|tol=1e-08|iter=1000|words=100|mmr=0.70,train,d107g,converged,0.02,0.85,1e-08,1000,100,True,0.7,2,5,12,0.4,0.16666666666666666,0.23529411764705882,1,1,1,100,1.0,271,4750,0.12983463167965012,4,0.014760147601476014,35.055350553505534,5,0.03857552325482258,0.10292341710174052,36,0.06375400000000297
t=0.02|d=0.85|tol=1e-08|iter=1000|words=100|mmr=0.70,train,d108g,converged,0.02,0.85,1e-08,1000,100,True,0.7,0,5,0,0.0,0.0,0.0,0,0,0,100,1.0,216,5330,0.22954349698535745,6,0.027777777777777776,49.351851851851855,7,0.06312044501901114,0.18545858619457245,50,0.06375908300000788
t=0.02|d=0.85|tol=1e-08|iter=1000|words=100|mmr=0.70,train,d109h,converged,0.02,0.85,1e-08,1000,100,True,0.7,1,5,20,0.2,0.05,0.08000000000000002,0,0,1,99,0.99,143,3351,0.3300502314586822,0,0.0,46.86713286713287,1,0.02721052841462392,0.18993614624064137,25,0.026753333000002044
t=0.02|d=0.85|tol=1e-08|iter=1000|words=100|mmr=0.70,train,d110h,converged,0.02,0.85,1e-08,1000,100,True,0.7,1,5,20,0.2,0.05,0.08000000000000002,0,1,1,100,1.0,453,23110,0.22573209087889975,2,0.004415011037527594,102.03090507726269,4,0.07221491561784345,0.17621645683465142,32,0.21169066699999917
t=0.02|d=0.85|tol=1e-08|iter=1000|words=100|mmr=0.70,train,d111h,converged,0.02,0.85,1e-08,1000,100,True,0.7,1,5,14,0.2,0.07142857142857142,0.10526315789473682,1,1,1,100,1.0,214,2837,0.12447896099337458,5,0.02336448598130841,26.514018691588785,6,0.0483479830087984,0.205259286881504,28,0.03570120800000609
t=0.02|d=0.90|tol=1e-04|iter=100|words=100|mmr=0.70,train,d061j,converged,0.02,0.9,0.0001,100,100,True,0.7,1,5,18,0.2,0.05555555555555555,0.08695652173913045,0,0,1,99,0.99,186,4037,0.23464109270560884,1,0.005376344086021506,43.40860215053763,2,0.13429842620730287,0.45430454776676077,13,0.027571790999999735
t=0.02|d=0.90|tol=1e-04|iter=100|words=100|mmr=0.70,train,d062j,converged,0.02,0.9,0.0001,100,100,True,0.7,0,6,0,0.0,0.0,0.0,0,0,0,99,0.99,120,1653,0.23151260504201682,2,0.016666666666666666,27.55,3,0.047345794531246606,0.24710351783829648,11,0.012650124999993295
t=0.02|d=0.90|tol=1e-04|iter=100|words=100|mmr=0.70,train,d063j,converged,0.02,0.9,0.0001,100,100,True,0.7,0,3,18,0.0,0.0,0.0,0,0,0,100,1.0,253,4848,0.1520798042537173,3,0.011857707509881422,38.32411067193676,4,0.22152607046561681,0.3530378592180876,15,0.04072758400000964
t=0.02|d=0.90|tol=1e-04|iter=100|words=100|mmr=0.70,train,d064j,converged,0.02,0.9,0.0001,100,100,True,0.7,1,7,19,0.14285714285714285,0.05263157894736842,0.07692307692307693,1,1,1,100,1.0,199,3319,0.1684686056545353,2,0.010050251256281407,33.35678391959799,3,0.05058519596002425,0.17190936472085516,10,0.026671292000003177
t=0.02|d=0.90|tol=1e-04|iter=100|words=100|mmr=0.70,train,d065j,converged,0.02,0.9,0.0001,100,100,True,0.7,1,8,12,0.125,0.08333333333333333,0.1,1,1,1,100,1.0,309,6864,0.14424410540915394,13,0.042071197411003236,44.42718446601942,15,0.04061715642245301,0.2423033159520457,15,0.06314579099999662
t=0.02|d=0.90|tol=1e-04|iter=100|words=100|mmr=0.70,train,d066j,converged,0.02,0.9,0.0001,100,100,True,0.7,0,5,19,0.0,0.0,0.0,0,0,0,100,1.0,204,3853,0.18608132908335748,5,0.024509803921568627,37.77450980392157,6,0.04248254556818008,0.23638592932847835,15,0.03555716699999323
t=0.02|d=0.90|tol=1e-04|iter=100|words=100|mmr=0.70,train,d067f,converged,0.02,0.9,0.0001,100,100,True,0.7,0,3,0,0.0,0.0,0.0,0,0,0,99,0.99,134,2185,0.24520255863539445,3,0.022388059701492536,32.61194029850746,4,0.1033119210570852,0.1670610438990799,26,0.02102304199999594
t=0.02|d=0.90|tol=1e-04|iter=100|words=100|mmr=0.70,train,d068f,converged,0.02,0.9,0.0001,100,100,True,0.7,0,7,0,0.0,0.0,0.0,0,0,0,100,1.0,136,2364,0.257516339869281,4,0.029411764705882353,34.76470588235294,5,0.1277819010135278,0.9999999999999999,17,0.017042207999992343
t=0.02|d=0.90|tol=1e-04|iter=100|words=100|mmr=0.70,train,d069f,converged,0.02,0.9,0.0001,100,100,True,0.7,0,4,14,0.0,0.0,0.0,0,0,0,100,1.0,331,13715,0.2511214867710336,1,0.0030211480362537764,82.87009063444108,2,0.0994082559769004,0.13673162467158978,8,0.07906954099999552
t=0.02|d=0.90|tol=1e-04|iter=100|words=100|mmr=0.70,train,d070f,converged,0.02,0.9,0.0001,100,100,True,0.7,1,7,16,0.14285714285714285,0.0625,0.08695652173913043,1,1,1,100,1.0,167,3139,0.2264627371762499,8,0.04790419161676647,37.59281437125748,9,0.052971820844836065,0.3394669290404032,15,0.022453833000000145
t=0.02|d=0.90|tol=1e-04|iter=100|words=100|mmr=0.70,train,d071f,converged,0.02,0.9,0.0001,100,100,True,0.7,0,5,0,0.0,0.0,0.0,0,0,0,100,1.0,155,1238,0.10372852953498114,17,0.10967741935483871,15.974193548387097,22,0.04072328162753003,0.12346416812998832,30,0.016482166999992387
t=0.02|d=0.90|tol=1e-04|iter=100|words=100|mmr=0.70,train,d072f,converged,0.02,0.9,0.0001,100,100,True,0.7,0,7,0,0.0,0.0,0.0,0,0,0,100,1.0,378,10214,0.14334835024490197,5,0.013227513227513227,54.042328042328045,7,0.10569254796305809,0.6401152146171181,11,0.08669845800000076
t=0.02|d=0.90|tol=1e-04|iter=100|words=100|mmr=0.70,train,d073b,converged,0.02,0.9,0.0001,100,100,True,0.7,1,7,12,0.14285714285714285,0.08333333333333333,0.10526315789473685,1,1,1,100,1.0,253,3704,0.11619298575820315,12,0.04743083003952569,29.280632411067195,18,0.08202248438226749,0.44999408702453453,34,0.04804625000001295
t=0.02|d=0.90|tol=1e-04|iter=100|words=100|mmr=0.70,train,d074b,converged,0.02,0.9,0.0001,100,100,True,0.7,0,8,0,0.0,0.0,0.0,0,0,0,100,1.0,256,2940,0.0900735294117647,10,0.0390625,22.96875,22,0.048995293127048346,0.41238301648149467,36,0.040989792000004854
t=0.02|d=0.90|tol=1e-04|iter=100|words=100|mmr=0.70,train,d075b,converged,0.02,0.9,0.0001,100,100,True,0.7,1,6,13,0.16666666666666666,0.07692307692307693,0.10526315789473684,0,1,1,100,1.0,277,10963,0.28679432846753516,1,0.0036101083032490976,79.15523465703971,2,0.041709678174563725,0.1746525119154121,9,0.05486654099999555
t=0.02|d=0.90|tol=1e-04|iter=100|words=100|mmr=0.70,train,d076b,converged,0.02,0.9,0.0001,100,100,True,0.7,0,8,13,0.0,0.0,0.0,0,0,0,100,1.0,323,8152,0.15676018691229351,4,0.01238390092879257,50.476780185758514,5,0.08290528595602517,0.24207705704771784,12,0.06444675000000188
t=0.02|d=0.90|tol=1e-04|iter=100|words=100|mmr=0.70,train,d077b,converged,0.02,0.9,0.0001,100,100,True,0.7,1,4,14,0.25,0.07142857142857142,0.11111111111111112,0,1,1,99,0.99,340,10608,0.184070796460177,1,0.0029411764705882353,62.4,2,0.12077568172187715,0.1548717551888946,12,0.0734637919999983
t=0.02|d=0.90|tol=1e-04|iter=100|words=100|mmr=0.70,train,d078b,converged,0.02,0.9,0.0001,100,100,True,0.7,0,5,0,0.0,0.0,0.0,0,0,0,100,1.0,276,5670,0.14940711462450593,1,0.0036231884057971015,41.08695652173913,2,0.09162436232222049,0.17916059524736813,11,0.04873225000000048
t=0.02|d=0.90|tol=1e-04|iter=100|words=100|mmr=0.70,train,d079a,converged,0.02,0.9,0.0001,100,100,True,0.7,1,4,14,0.25,0.07142857142857142,0.11111111111111112,1,1,1,99,0.99,316,11902,0.23914004420333534,1,0.0031645569620253164,75.32911392405063,2,0.08253917533593627,0.2305527285940876,12,0.07496141699999725
t=0.02|d=0.90|tol=1e-04|iter=100|words=100|mmr=0.70,train,d080a,converged,0.02,0.9,0.0001,100,100,True,0.7,1,5,10,0.2,0.1,0.13333333333333333,0,1,1,100,1.0,557,23902,0.1543598155586841,3,0.005385996409335727,85.82405745062836,4,0.17500286322707675,0.44325961017662285,13,0.2145022089999884
t=0.02|d=0.90|tol=1e-04|iter=100|words=100|mmr=0.70,train,d081a,converged,0.02,0.9,0.0001,100,100,True,0.7,0,5,17,0.0,0.0,0.0,0,0,0,100,1.0,299,9891,0.2220152185136136,8,0.026755852842809364,66.16053511705685,9,0.04557219265185699,0.17295440833658976,13,0.06683208399999785
t=0.02|d=0.90|tol=1e-04|iter=100|words=100|mmr=0.70,train,d082a,converged,0.02,0.9,0.0001,100,100,True,0.7,2,4,12,0.5,0.16666666666666666,0.25,1,1,1,100,1.0,209,4162,0.19147957305852042,0,0.0,39.82775119617225,2,0.06259706221261174,0.16886778933960314,10,0.033966208999999026
t=0.02|d=0.90|tol=1e-04|iter=100|words=100|mmr=0.70,train,d083a,converged,0.02,0.9,0.0001,100,100,True,0.7,0,6,17,0.0,0.0,0.0,0,0,0,100,1.0,224,5878,0.23534593209481103,1,0.004464285714285714,52.482142857142854,2,0.15503072701818044,1.0,15,0.043628084000005174
t=0.02|d=0.90|tol=1e-04|iter=100|words=100|mmr=0.70,train,d084a,converged,0.02,0.9,0.0001,100,100,True,0.7,0,7,0,0.0,0.0,0.0,0,0,0,100,1.0,366,14382,0.21531551762856502,2,0.00546448087431694,78.59016393442623,5,0.1015663924408795,0.26512441540086007,15,0.09885833299999547
t=0.02|d=0.90|tol=1e-04|iter=100|words=100|mmr=0.70,train,d085d,converged,0.02,0.9,0.0001,100,100,True,0.7,0,5,0,0.0,0.0,0.0,0,0,0,100,1.0,224,4446,0.17801089045483665,1,0.004464285714285714,39.69642857142857,2,0.14240203021260536,0.5758265182499325,13,0.03618391599999882
t=0.02|d=0.90|tol=1e-04|iter=100|words=100|mmr=0.70,train,d086d,converged,0.02,0.9,0.0001,100,100,True,0.7,0,3,0,0.0,0.0,0.0,0,0,0,100,1.0,416,18314,0.2121640407784986,0,0.0,88.04807692307692,2,0.00267820437815618,0.00803461313446854,11,0.11248991600000124
t=0.02|d=0.90|tol=1e-04|iter=100|words=100|mmr=0.70,train,d087d,converged,0.02,0.9,0.0001,100,100,True,0.7,1,7,17,0.14285714285714285,0.058823529411764705,0.08333333333333333,0,1,1,100,1.0,292,7045,0.16581932872004895,4,0.0136986301369863,48.25342465753425,6,0.045442138418619646,0.22427752557709513,40,0.08746295800000325
t=0.02|d=0.90|tol=1e-04|iter=100|words=100|mmr=0.70,train,d089d,converged,0.02,0.9,0.0001,100,100,True,0.7,0,6,18,0.0,0.0,0.0,0,0,0,100,1.0,386,12656,0.170325011775789,2,0.0051813471502590676,65.57512953367876,3,0.06802976697774192,0.20870182526366293,14,0.09623854100000528
t=0.02|d=0.90|tol=1e-04|iter=100|words=100|mmr=0.70,train,d090d,converged,0.02,0.9,0.0001,100,100,True,0.7,0,8,0,0.0,0.0,0.0,0,0,0,99,0.99,261,6833,0.20138520483348069,5,0.019157088122605363,52.36015325670498,6,0.22843082621522987,1.0,13,0.04805979199998944
t=0.02|d=0.90|tol=1e-04|iter=100|words=100|mmr=0.70,train,d091c,converged,0.02,0.9,0.0001,100,100,True,0.7,1,6,13,0.16666666666666666,0.07692307692307693,0.10526315789473684,0,1,1,100,1.0,280,7766,0.19882232462877625,1,0.0035714285714285713,55.47142857142857,3,0.04301737120655953,0.16965990484051685,15,0.05541624999999328
t=0.02|d=0.90|tol=1e-04|iter=100|words=100|mmr=0.70,train,d092c,converged,0.02,0.9,0.0001,100,100,True,0.7,0,8,19,0.0,0.0,0.0,0,0,0,100,1.0,291,5913,0.14013508709562744,11,0.037800687285223365,40.63917525773196,13,0.0933455163292348,0.4424510364173557,23,0.05806066700000656
t=0.02|d=0.90|tol=1e-04|iter=100|words=100|mmr=0.70,train,d093c,converged,0.02,0.9,0.0001,100,100,True,0.7,1,7,18,0.14285714285714285,0.05555555555555555,0.08,1,1,1,100,1.0,264,4181,0.12043438184122594,7,0.026515151515151516,31.674242424242426,14,0.08496133886243512,0.45410082900530824,26,0.045482083999999645
t=0.02|d=0.90|tol=1e-04|iter=100|words=100|mmr=0.70,train,d094c,converged,0.02,0.9,0.0001,100,100,True,0.7,2,4,10,0.5,0.2,0.28571428571428575,1,1,1,100,1.0,185,3542,0.20810810810810812,5,0.02702702702702703,38.29189189189189,6,0.06627974988669451,0.12669659804914624,11,0.024150958000006995
t=0.02|d=0.90|tol=1e-04|iter=100|words=100|mmr=0.70,train,d095c,converged,0.02,0.9,0.0001,100,100,True,0.7,1,5,13,0.2,0.07692307692307693,0.1111111111111111,0,0,1,99,0.99,240,4223,0.14724546722454673,4,0.016666666666666666,35.19166666666667,5,0.07469251204041197,0.265407035830987,15,0.03626637500001095
t=0.02|d=0.90|tol=1e-04|iter=100|words=100|mmr=0.70,train,d096c,converged,0.02,0.9,0.0001,100,100,True,0.7,1,12,15,0.08333333333333333,0.06666666666666667,0.07407407407407407,0,0,0,100,1.0,274,5372,0.14363252319456699,11,0.040145985401459854,39.21167883211679,17,0.14437723584712367,1.0,17,0.04576216700000657
t=0.02|d=0.90|tol=1e-04|iter=100|words=100|mmr=0.70,train,d097e,converged,0.02,0.9,0.0001,100,100,True,0.7,0,5,0,0.0,0.0,0.0,0,0,0,100,1.0,225,4651,0.18456349206349207,3,0.013333333333333334,41.34222222222222,4,0.03480704537638372,0.24086354009587335,13,0.036249499999996715
t=0.02|d=0.90|tol=1e-04|iter=100|words=100|mmr=0.70,train,d098e,converged,0.02,0.9,0.0001,100,100,True,0.7,0,4,0,0.0,0.0,0.0,0,0,0,100,1.0,454,19366,0.18832842236290612,1,0.0022026431718061676,85.31277533039648,4,0.04946827207037862,0.11936630012097926,12,0.1324915419999968
t=0.02|d=0.90|tol=1e-04|iter=100|words=100|mmr=0.70,train,d099e,converged,0.02,0.9,0.0001,100,100,True,0.7,2,4,20,0.5,0.1,0.16666666666666669,0,1,1,100,1.0,469,12534,0.11420917391066644,12,0.0255863539445629,53.449893390191896,15,0.0761726512431724,0.2092957886755061,13,0.11196795800000814
t=0.02|d=0.90|tol=1e-04|iter=100|words=100|mmr=0.70,train,d100e,converged,0.02,0.9,0.0001,100,100,True,0.7,0,5,10,0.0,0.0,0.0,0,0,0,100,1.0,592,20820,0.11901495404033476,11,0.018581081081081082,70.33783783783784,12,0.07268517558852014,0.2570884255951601,14,0.18651679199999194
t=0.02|d=0.90|tol=1e-04|iter=100|words=100|mmr=0.70,train,d101e,converged,0.02,0.9,0.0001,100,100,True,0.7,1,6,10,0.16666666666666666,0.1,0.125,0,0,1,100,1.0,514,15876,0.12041777595740323,12,0.023346303501945526,61.77431906614786,20,0.0363764858387686,0.15412488981132985,35,0.1987154170000025
t=0.02|d=0.90|tol=1e-04|iter=100|words=100|mmr=0.70,train,d102e,converged,0.02,0.9,0.0001,100,100,True,0.7,0,7,16,0.0,0.0,0.0,0,0,0,100,1.0,678,30836,0.1343598994348658,3,0.004424778761061947,90.96165191740413,5,0.09378986319781865,0.2182847832217777,33,0.35666104199999893
t=0.02|d=0.90|tol=1e-04|iter=100|words=100|mmr=0.70,train,d103g,converged,0.02,0.9,0.0001,100,100,True,0.7,0,9,18,0.0,0.0,0.0,0,0,0,100,1.0,219,4611,0.19316325248209124,8,0.0365296803652968,42.10958904109589,10,0.09878986517077659,1.0,16,0.03580462499999726
t=0.02|d=0.90|tol=1e-04|iter=100|words=100|mmr=0.70,train,d104g,converged,0.02,0.9,0.0001,100,100,True,0.7,0,7,0,0.0,0.0,0.0,0,0,0,100,1.0,352,14370,0.23261460761460762,0,0.0,81.64772727272727,1,0.10710099299344258,0.26471794472401455,14,0.08476337499999431
t=0.02|d=0.90|tol=1e-04|iter=100|words=100|mmr=0.70,train,d105g,converged,0.02,0.9,0.0001,100,100,True,0.7,0,4,11,0.0,0.0,0.0,0,0,0,100,1.0,266,5909,0.16765498652291105,4,0.015037593984962405,44.42857142857143,5,0.04045106851263574,0.08887360414854518,16,0.05116825000000347
t=0.02|d=0.90|tol=1e-04|iter=100|words=100|mmr=0.70,train,d106g,converged,0.02,0.9,0.0001,100,100,True,0.7,0,5,0,0.0,0.0,0.0,0,0,0,100,1.0,237,4067,0.14542658943002218,16,0.06751054852320675,34.32067510548523,17,0.0781676414471939,0.23708289736651472,17,0.03532720800001243
t=0.02|d=0.90|tol=1e-04|iter=100|words=100|mmr=0.70,train,d107g,converged,0.02,0.9,0.0001,100,100,True,0.7,2,5,12,0.4,0.16666666666666666,0.23529411764705882,1,1,1,100,1.0,271,4750,0.12983463167965012,4,0.014760147601476014,35.055350553505534,5,0.03857552325482258,0.10292341710174052,15,0.04512225000000569
t=0.02|d=0.90|tol=1e-04|iter=100|words=100|mmr=0.70,train,d108g,converged,0.02,0.9,0.0001,100,100,True,0.7,0,5,0,0.0,0.0,0.0,0,0,0,100,1.0,216,5330,0.22954349698535745,6,0.027777777777777776,49.351851851851855,7,0.06312044501901114,0.18545858619457245,15,0.03372495899999706
t=0.02|d=0.90|tol=1e-04|iter=100|words=100|mmr=0.70,train,d109h,converged,0.02,0.9,0.0001,100,100,True,0.7,1,5,20,0.2,0.05,0.08000000000000002,0,0,1,99,0.99,143,3351,0.3300502314586822,0,0.0,46.86713286713287,1,0.02721052841462392,0.18993614624064137,11,0.019376416000000063
t=0.02|d=0.90|tol=1e-04|iter=100|words=100|mmr=0.70,train,d110h,converged,0.02,0.9,0.0001,100,100,True,0.7,1,5,20,0.2,0.05,0.08000000000000002,0,1,1,100,1.0,453,23110,0.22573209087889975,2,0.004415011037527594,102.03090507726269,4,0.07221491561784345,0.17621645683465142,12,0.1392012500000135
t=0.02|d=0.90|tol=1e-04|iter=100|words=100|mmr=0.70,train,d111h,converged,0.02,0.9,0.0001,100,100,True,0.7,1,4,14,0.25,0.07142857142857142,0.11111111111111112,1,1,1,100,1.0,214,2837,0.12447896099337458,5,0.02336448598130841,26.514018691588785,6,0.06902741934196678,0.23094549326181563,13,0.029003000000003
t=0.02|d=0.90|tol=1e-04|iter=300|words=100|mmr=0.70,train,d061j,converged,0.02,0.9,0.0001,300,100,True,0.7,1,5,18,0.2,0.05555555555555555,0.08695652173913045,0,0,1,99,0.99,186,4037,0.23464109270560884,1,0.005376344086021506,43.40860215053763,2,0.13429842620730287,0.45430454776676077,13,0.02705479200000127
t=0.02|d=0.90|tol=1e-04|iter=300|words=100|mmr=0.70,train,d062j,converged,0.02,0.9,0.0001,300,100,True,0.7,0,6,0,0.0,0.0,0.0,0,0,0,99,0.99,120,1653,0.23151260504201682,2,0.016666666666666666,27.55,3,0.047345794531246606,0.24710351783829648,11,0.012571917000002486
t=0.02|d=0.90|tol=1e-04|iter=300|words=100|mmr=0.70,train,d063j,converged,0.02,0.9,0.0001,300,100,True,0.7,0,3,18,0.0,0.0,0.0,0,0,0,100,1.0,253,4848,0.1520798042537173,3,0.011857707509881422,38.32411067193676,4,0.22152607046561681,0.3530378592180876,15,0.040744000000003666
t=0.02|d=0.90|tol=1e-04|iter=300|words=100|mmr=0.70,train,d064j,converged,0.02,0.9,0.0001,300,100,True,0.7,1,7,19,0.14285714285714285,0.05263157894736842,0.07692307692307693,1,1,1,100,1.0,199,3319,0.1684686056545353,2,0.010050251256281407,33.35678391959799,3,0.05058519596002425,0.17190936472085516,10,0.02700212500000987
t=0.02|d=0.90|tol=1e-04|iter=300|words=100|mmr=0.70,train,d065j,converged,0.02,0.9,0.0001,300,100,True,0.7,1,8,12,0.125,0.08333333333333333,0.1,1,1,1,100,1.0,309,6864,0.14424410540915394,13,0.042071197411003236,44.42718446601942,15,0.04061715642245301,0.2423033159520457,15,0.05822524999999246
t=0.02|d=0.90|tol=1e-04|iter=300|words=100|mmr=0.70,train,d066j,converged,0.02,0.9,0.0001,300,100,True,0.7,0,5,19,0.0,0.0,0.0,0,0,0,100,1.0,204,3853,0.18608132908335748,5,0.024509803921568627,37.77450980392157,6,0.04248254556818008,0.23638592932847835,15,0.029783792000003473
t=0.02|d=0.90|tol=1e-04|iter=300|words=100|mmr=0.70,train,d067f,converged,0.02,0.9,0.0001,300,100,True,0.7,0,3,0,0.0,0.0,0.0,0,0,0,99,0.99,134,2185,0.24520255863539445,3,0.022388059701492536,32.61194029850746,4,0.1033119210570852,0.1670610438990799,26,0.020184874999998215
t=0.02|d=0.90|tol=1e-04|iter=300|words=100|mmr=0.70,train,d068f,converged,0.02,0.9,0.0001,300,100,True,0.7,0,7,0,0.0,0.0,0.0,0,0,0,100,1.0,136,2364,0.257516339869281,4,0.029411764705882353,34.76470588235294,5,0.1277819010135278,0.9999999999999999,17,0.018826541999999336
t=0.02|d=0.90|tol=1e-04|iter=300|words=100|mmr=0.70,train,d069f,converged,0.02,0.9,0.0001,300,100,True,0.7,0,4,14,0.0,0.0,0.0,0,0,0,100,1.0,331,13715,0.2511214867710336,1,0.0030211480362537764,82.87009063444108,2,0.0994082559769004,0.13673162467158978,8,0.07573424999999645
t=0.02|d=0.90|tol=1e-04|iter=300|words=100|mmr=0.70,train,d070f,converged,0.02,0.9,0.0001,300,100,True,0.7,1,7,16,0.14285714285714285,0.0625,0.08695652173913043,1,1,1,100,1.0,167,3139,0.2264627371762499,8,0.04790419161676647,37.59281437125748,9,0.052971820844836065,0.3394669290404032,15,0.022537207999988595
t=0.02|d=0.90|tol=1e-04|iter=300|words=100|mmr=0.70,train,d071f,converged,0.02,0.9,0.0001,300,100,True,0.7,0,5,0,0.0,0.0,0.0,0,0,0,100,1.0,155,1238,0.10372852953498114,17,0.10967741935483871,15.974193548387097,22,0.04072328162753003,0.12346416812998832,30,0.016251250000010486
t=0.02|d=0.90|tol=1e-04|iter=300|words=100|mmr=0.70,train,d072f,converged,0.02,0.9,0.0001,300,100,True,0.7,0,7,0,0.0,0.0,0.0,0,0,0,100,1.0,378,10214,0.14334835024490197,5,0.013227513227513227,54.042328042328045,7,0.10569254796305809,0.6401152146171181,11,0.08542599999999823
t=0.02|d=0.90|tol=1e-04|iter=300|words=100|mmr=0.70,train,d073b,converged,0.02,0.9,0.0001,300,100,True,0.7,1,7,12,0.14285714285714285,0.08333333333333333,0.10526315789473685,1,1,1,100,1.0,253,3704,0.11619298575820315,12,0.04743083003952569,29.280632411067195,18,0.08202248438226749,0.44999408702453453,34,0.04489883400000849
t=0.02|d=0.90|tol=1e-04|iter=300|words=100|mmr=0.70,train,d074b,converged,0.02,0.9,0.0001,300,100,True,0.7,0,8,0,0.0,0.0,0.0,0,0,0,100,1.0,256,2940,0.0900735294117647,10,0.0390625,22.96875,22,0.048995293127048346,0.41238301648149467,36,0.04018566599999929
t=0.02|d=0.90|tol=1e-04|iter=300|words=100|mmr=0.70,train,d075b,converged,0.02,0.9,0.0001,300,100,True,0.7,1,6,13,0.16666666666666666,0.07692307692307693,0.10526315789473684,0,1,1,100,1.0,277,10963,0.28679432846753516,1,0.0036101083032490976,79.15523465703971,2,0.041709678174563725,0.1746525119154121,9,0.05384612500000685
t=0.02|d=0.90|tol=1e-04|iter=300|words=100|mmr=0.70,train,d076b,converged,0.02,0.9,0.0001,300,100,True,0.7,0,8,13,0.0,0.0,0.0,0,0,0,100,1.0,323,8152,0.15676018691229351,4,0.01238390092879257,50.476780185758514,5,0.08290528595602517,0.24207705704771784,12,0.06382899999999836
t=0.02|d=0.90|tol=1e-04|iter=300|words=100|mmr=0.70,train,d077b,converged,0.02,0.9,0.0001,300,100,True,0.7,1,4,14,0.25,0.07142857142857142,0.11111111111111112,0,1,1,99,0.99,340,10608,0.184070796460177,1,0.0029411764705882353,62.4,2,0.12077568172187715,0.1548717551888946,12,0.07163954199999978
t=0.02|d=0.90|tol=1e-04|iter=300|words=100|mmr=0.70,train,d078b,converged,0.02,0.9,0.0001,300,100,True,0.7,0,5,0,0.0,0.0,0.0,0,0,0,100,1.0,276,5670,0.14940711462450593,1,0.0036231884057971015,41.08695652173913,2,0.09162436232222049,0.17916059524736813,11,0.04471541699999193
t=0.02|d=0.90|tol=1e-04|iter=300|words=100|mmr=0.70,train,d079a,converged,0.02,0.9,0.0001,300,100,True,0.7,1,4,14,0.25,0.07142857142857142,0.11111111111111112,1,1,1,99,0.99,316,11902,0.23914004420333534,1,0.0031645569620253164,75.32911392405063,2,0.08253917533593627,0.2305527285940876,12,0.07124812499999678
t=0.02|d=0.90|tol=1e-04|iter=300|words=100|mmr=0.70,train,d080a,converged,0.02,0.9,0.0001,300,100,True,0.7,1,5,10,0.2,0.1,0.13333333333333333,0,1,1,100,1.0,557,23902,0.1543598155586841,3,0.005385996409335727,85.82405745062836,4,0.17500286322707675,0.44325961017662285,13,0.1768662919999997
t=0.02|d=0.90|tol=1e-04|iter=300|words=100|mmr=0.70,train,d081a,converged,0.02,0.9,0.0001,300,100,True,0.7,0,5,17,0.0,0.0,0.0,0,0,0,100,1.0,299,9891,0.2220152185136136,8,0.026755852842809364,66.16053511705685,9,0.04557219265185699,0.17295440833658976,13,0.06377424999999448
t=0.02|d=0.90|tol=1e-04|iter=300|words=100|mmr=0.70,train,d082a,converged,0.02,0.9,0.0001,300,100,True,0.7,2,4,12,0.5,0.16666666666666666,0.25,1,1,1,100,1.0,209,4162,0.19147957305852042,0,0.0,39.82775119617225,2,0.06259706221261174,0.16886778933960314,10,0.032215916999987826
t=0.02|d=0.90|tol=1e-04|iter=300|words=100|mmr=0.70,train,d083a,converged,0.02,0.9,0.0001,300,100,True,0.7,0,6,17,0.0,0.0,0.0,0,0,0,100,1.0,224,5878,0.23534593209481103,1,0.004464285714285714,52.482142857142854,2,0.15503072701818044,1.0,15,0.03969233399999439
t=0.02|d=0.90|tol=1e-04|iter=300|words=100|mmr=0.70,train,d084a,converged,0.02,0.9,0.0001,300,100,True,0.7,0,7,0,0.0,0.0,0.0,0,0,0,100,1.0,366,14382,0.21531551762856502,2,0.00546448087431694,78.59016393442623,5,0.1015663924408795,0.26512441540086007,15,0.09700416699999437
t=0.02|d=0.90|tol=1e-04|iter=300|words=100|mmr=0.70,train,d085d,converged,0.02,0.9,0.0001,300,100,True,0.7,0,5,0,0.0,0.0,0.0,0,0,0,100,1.0,224,4446,0.17801089045483665,1,0.004464285714285714,39.69642857142857,2,0.14240203021260536,0.5758265182499325,13,0.035319333000003894
t=0.02|d=0.90|tol=1e-04|iter=300|words=100|mmr=0.70,train,d086d,converged,0.02,0.9,0.0001,300,100,True,0.7,0,3,0,0.0,0.0,0.0,0,0,0,100,1.0,416,18314,0.2121640407784986,0,0.0,88.04807692307692,2,0.00267820437815618,0.00803461313446854,11,0.11427216600000634
t=0.02|d=0.90|tol=1e-04|iter=300|words=100|mmr=0.70,train,d087d,converged,0.02,0.9,0.0001,300,100,True,0.7,1,7,17,0.14285714285714285,0.058823529411764705,0.08333333333333333,0,1,1,100,1.0,292,7045,0.16581932872004895,4,0.0136986301369863,48.25342465753425,6,0.045442138418619646,0.22427752557709513,40,0.087108041999997
t=0.02|d=0.90|tol=1e-04|iter=300|words=100|mmr=0.70,train,d089d,converged,0.02,0.9,0.0001,300,100,True,0.7,0,6,18,0.0,0.0,0.0,0,0,0,100,1.0,386,12656,0.170325011775789,2,0.0051813471502590676,65.57512953367876,3,0.06802976697774192,0.20870182526366293,14,0.09831254099999853
t=0.02|d=0.90|tol=1e-04|iter=300|words=100|mmr=0.70,train,d090d,converged,0.02,0.9,0.0001,300,100,True,0.7,0,8,0,0.0,0.0,0.0,0,0,0,99,0.99,261,6833,0.20138520483348069,5,0.019157088122605363,52.36015325670498,6,0.22843082621522987,1.0,13,0.047957249999996066
t=0.02|d=0.90|tol=1e-04|iter=300|words=100|mmr=0.70,train,d091c,converged,0.02,0.9,0.0001,300,100,True,0.7,1,6,13,0.16666666666666666,0.07692307692307693,0.10526315789473684,0,1,1,100,1.0,280,7766,0.19882232462877625,1,0.0035714285714285713,55.47142857142857,3,0.04301737120655953,0.16965990484051685,15,0.05393691700000147
t=0.02|d=0.90|tol=1e-04|iter=300|words=100|mmr=0.70,train,d092c,converged,0.02,0.9,0.0001,300,100,True,0.7,0,8,19,0.0,0.0,0.0,0,0,0,100,1.0,291,5913,0.14013508709562744,11,0.037800687285223365,40.63917525773196,13,0.0933455163292348,0.4424510364173557,23,0.05945066700000723
t=0.02|d=0.90|tol=1e-04|iter=300|words=100|mmr=0.70,train,d093c,converged,0.02,0.9,0.0001,300,100,True,0.7,1,7,18,0.14285714285714285,0.05555555555555555,0.08,1,1,1,100,1.0,264,4181,0.12043438184122594,7,0.026515151515151516,31.674242424242426,14,0.08496133886243512,0.45410082900530824,26,0.04617575000000329
t=0.02|d=0.90|tol=1e-04|iter=300|words=100|mmr=0.70,train,d094c,converged,0.02,0.9,0.0001,300,100,True,0.7,2,4,10,0.5,0.2,0.28571428571428575,1,1,1,100,1.0,185,3542,0.20810810810810812,5,0.02702702702702703,38.29189189189189,6,0.06627974988669451,0.12669659804914624,11,0.027601874999987785
t=0.02|d=0.90|tol=1e-04|iter=300|words=100|mmr=0.70,train,d095c,converged,0.02,0.9,0.0001,300,100,True,0.7,1,5,13,0.2,0.07692307692307693,0.1111111111111111,0,0,1,99,0.99,240,4223,0.14724546722454673,4,0.016666666666666666,35.19166666666667,5,0.07469251204041197,0.265407035830987,15,0.037659666999999786
t=0.02|d=0.90|tol=1e-04|iter=300|words=100|mmr=0.70,train,d096c,converged,0.02,0.9,0.0001,300,100,True,0.7,1,12,15,0.08333333333333333,0.06666666666666667,0.07407407407407407,0,0,0,100,1.0,274,5372,0.14363252319456699,11,0.040145985401459854,39.21167883211679,17,0.14437723584712367,1.0,17,0.04681254199999785
t=0.02|d=0.90|tol=1e-04|iter=300|words=100|mmr=0.70,train,d097e,converged,0.02,0.9,0.0001,300,100,True,0.7,0,5,0,0.0,0.0,0.0,0,0,0,100,1.0,225,4651,0.18456349206349207,3,0.013333333333333334,41.34222222222222,4,0.03480704537638372,0.24086354009587335,13,0.03680899999999099
t=0.02|d=0.90|tol=1e-04|iter=300|words=100|mmr=0.70,train,d098e,converged,0.02,0.9,0.0001,300,100,True,0.7,0,4,0,0.0,0.0,0.0,0,0,0,100,1.0,454,19366,0.18832842236290612,1,0.0022026431718061676,85.31277533039648,4,0.04946827207037862,0.11936630012097926,12,0.1323028750000077
t=0.02|d=0.90|tol=1e-04|iter=300|words=100|mmr=0.70,train,d099e,converged,0.02,0.9,0.0001,300,100,True,0.7,2,4,20,0.5,0.1,0.16666666666666669,0,1,1,100,1.0,469,12534,0.11420917391066644,12,0.0255863539445629,53.449893390191896,15,0.0761726512431724,0.2092957886755061,13,0.11317291699999998
t=0.02|d=0.90|tol=1e-04|iter=300|words=100|mmr=0.70,train,d100e,converged,0.02,0.9,0.0001,300,100,True,0.7,0,5,10,0.0,0.0,0.0,0,0,0,100,1.0,592,20820,0.11901495404033476,11,0.018581081081081082,70.33783783783784,12,0.07268517558852014,0.2570884255951601,14,0.18164304100000095
t=0.02|d=0.90|tol=1e-04|iter=300|words=100|mmr=0.70,train,d101e,converged,0.02,0.9,0.0001,300,100,True,0.7,1,6,10,0.16666666666666666,0.1,0.125,0,0,1,100,1.0,514,15876,0.12041777595740323,12,0.023346303501945526,61.77431906614786,20,0.0363764858387686,0.15412488981132985,35,0.1808042920000048
t=0.02|d=0.90|tol=1e-04|iter=300|words=100|mmr=0.70,train,d102e,converged,0.02,0.9,0.0001,300,100,True,0.7,0,7,16,0.0,0.0,0.0,0,0,0,100,1.0,678,30836,0.1343598994348658,3,0.004424778761061947,90.96165191740413,5,0.09378986319781865,0.2182847832217777,33,0.35301599999999667
t=0.02|d=0.90|tol=1e-04|iter=300|words=100|mmr=0.70,train,d103g,converged,0.02,0.9,0.0001,300,100,True,0.7,0,9,18,0.0,0.0,0.0,0,0,0,100,1.0,219,4611,0.19316325248209124,8,0.0365296803652968,42.10958904109589,10,0.09878986517077659,1.0,16,0.03764179200000228
t=0.02|d=0.90|tol=1e-04|iter=300|words=100|mmr=0.70,train,d104g,converged,0.02,0.9,0.0001,300,100,True,0.7,0,7,0,0.0,0.0,0.0,0,0,0,100,1.0,352,14370,0.23261460761460762,0,0.0,81.64772727272727,1,0.10710099299344258,0.26471794472401455,14,0.08549729099999581
t=0.02|d=0.90|tol=1e-04|iter=300|words=100|mmr=0.70,train,d105g,converged,0.02,0.9,0.0001,300,100,True,0.7,0,4,11,0.0,0.0,0.0,0,0,0,100,1.0,266,5909,0.16765498652291105,4,0.015037593984962405,44.42857142857143,5,0.04045106851263574,0.08887360414854518,16,0.06952691700000457
t=0.02|d=0.90|tol=1e-04|iter=300|words=100|mmr=0.70,train,d106g,converged,0.02,0.9,0.0001,300,100,True,0.7,0,5,0,0.0,0.0,0.0,0,0,0,100,1.0,237,4067,0.14542658943002218,16,0.06751054852320675,34.32067510548523,17,0.0781676414471939,0.23708289736651472,17,0.035666124999991666
t=0.02|d=0.90|tol=1e-04|iter=300|words=100|mmr=0.70,train,d107g,converged,0.02,0.9,0.0001,300,100,True,0.7,2,5,12,0.4,0.16666666666666666,0.23529411764705882,1,1,1,100,1.0,271,4750,0.12983463167965012,4,0.014760147601476014,35.055350553505534,5,0.03857552325482258,0.10292341710174052,15,0.0457997080000041
t=0.02|d=0.90|tol=1e-04|iter=300|words=100|mmr=0.70,train,d108g,converged,0.02,0.9,0.0001,300,100,True,0.7,0,5,0,0.0,0.0,0.0,0,0,0,100,1.0,216,5330,0.22954349698535745,6,0.027777777777777776,49.351851851851855,7,0.06312044501901114,0.18545858619457245,15,0.034897874999998635
t=0.02|d=0.90|tol=1e-04|iter=300|words=100|mmr=0.70,train,d109h,converged,0.02,0.9,0.0001,300,100,True,0.7,1,5,20,0.2,0.05,0.08000000000000002,0,0,1,99,0.99,143,3351,0.3300502314586822,0,0.0,46.86713286713287,1,0.02721052841462392,0.18993614624064137,11,0.019848416999991514
t=0.02|d=0.90|tol=1e-04|iter=300|words=100|mmr=0.70,train,d110h,converged,0.02,0.9,0.0001,300,100,True,0.7,1,5,20,0.2,0.05,0.08000000000000002,0,1,1,100,1.0,453,23110,0.22573209087889975,2,0.004415011037527594,102.03090507726269,4,0.07221491561784345,0.17621645683465142,12,0.1361729160000067
t=0.02|d=0.90|tol=1e-04|iter=300|words=100|mmr=0.70,train,d111h,converged,0.02,0.9,0.0001,300,100,True,0.7,1,4,14,0.25,0.07142857142857142,0.11111111111111112,1,1,1,100,1.0,214,2837,0.12447896099337458,5,0.02336448598130841,26.514018691588785,6,0.06902741934196678,0.23094549326181563,13,0.0290315829999912
t=0.02|d=0.90|tol=1e-04|iter=1000|words=100|mmr=0.70,train,d061j,converged,0.02,0.9,0.0001,1000,100,True,0.7,1,5,18,0.2,0.05555555555555555,0.08695652173913045,0,0,1,99,0.99,186,4037,0.23464109270560884,1,0.005376344086021506,43.40860215053763,2,0.13429842620730287,0.45430454776676077,13,0.02711591599999963
t=0.02|d=0.90|tol=1e-04|iter=1000|words=100|mmr=0.70,train,d062j,converged,0.02,0.9,0.0001,1000,100,True,0.7,0,6,0,0.0,0.0,0.0,0,0,0,99,0.99,120,1653,0.23151260504201682,2,0.016666666666666666,27.55,3,0.047345794531246606,0.24710351783829648,11,0.012166290999999774
t=0.02|d=0.90|tol=1e-04|iter=1000|words=100|mmr=0.70,train,d063j,converged,0.02,0.9,0.0001,1000,100,True,0.7,0,3,18,0.0,0.0,0.0,0,0,0,100,1.0,253,4848,0.1520798042537173,3,0.011857707509881422,38.32411067193676,4,0.22152607046561681,0.3530378592180876,15,0.040416249999992715
t=0.02|d=0.90|tol=1e-04|iter=1000|words=100|mmr=0.70,train,d064j,converged,0.02,0.9,0.0001,1000,100,True,0.7,1,7,19,0.14285714285714285,0.05263157894736842,0.07692307692307693,1,1,1,100,1.0,199,3319,0.1684686056545353,2,0.010050251256281407,33.35678391959799,3,0.05058519596002425,0.17190936472085516,10,0.026055292000009445
t=0.02|d=0.90|tol=1e-04|iter=1000|words=100|mmr=0.70,train,d065j,converged,0.02,0.9,0.0001,1000,100,True,0.7,1,8,12,0.125,0.08333333333333333,0.1,1,1,1,100,1.0,309,6864,0.14424410540915394,13,0.042071197411003236,44.42718446601942,15,0.04061715642245301,0.2423033159520457,15,0.05933966700000326
t=0.02|d=0.90|tol=1e-04|iter=1000|words=100|mmr=0.70,train,d066j,converged,0.02,0.9,0.0001,1000,100,True,0.7,0,5,19,0.0,0.0,0.0,0,0,0,100,1.0,204,3853,0.18608132908335748,5,0.024509803921568627,37.77450980392157,6,0.04248254556818008,0.23638592932847835,15,0.031094082999999273
t=0.02|d=0.90|tol=1e-04|iter=1000|words=100|mmr=0.70,train,d067f,converged,0.02,0.9,0.0001,1000,100,True,0.7,0,3,0,0.0,0.0,0.0,0,0,0,99,0.99,134,2185,0.24520255863539445,3,0.022388059701492536,32.61194029850746,4,0.1033119210570852,0.1670610438990799,26,0.019932875000009176
t=0.02|d=0.90|tol=1e-04|iter=1000|words=100|mmr=0.70,train,d068f,converged,0.02,0.9,0.0001,1000,100,True,0.7,0,7,0,0.0,0.0,0.0,0,0,0,100,1.0,136,2364,0.257516339869281,4,0.029411764705882353,34.76470588235294,5,0.1277819010135278,0.9999999999999999,17,0.016898874999995428
t=0.02|d=0.90|tol=1e-04|iter=1000|words=100|mmr=0.70,train,d069f,converged,0.02,0.9,0.0001,1000,100,True,0.7,0,4,14,0.0,0.0,0.0,0,0,0,100,1.0,331,13715,0.2511214867710336,1,0.0030211480362537764,82.87009063444108,2,0.0994082559769004,0.13673162467158978,8,0.07579395799999133
t=0.02|d=0.90|tol=1e-04|iter=1000|words=100|mmr=0.70,train,d070f,converged,0.02,0.9,0.0001,1000,100,True,0.7,1,7,16,0.14285714285714285,0.0625,0.08695652173913043,1,1,1,100,1.0,167,3139,0.2264627371762499,8,0.04790419161676647,37.59281437125748,9,0.052971820844836065,0.3394669290404032,15,0.02199679100000651
t=0.02|d=0.90|tol=1e-04|iter=1000|words=100|mmr=0.70,train,d071f,converged,0.02,0.9,0.0001,1000,100,True,0.7,0,5,0,0.0,0.0,0.0,0,0,0,100,1.0,155,1238,0.10372852953498114,17,0.10967741935483871,15.974193548387097,22,0.04072328162753003,0.12346416812998832,30,0.016592708999993988
t=0.02|d=0.90|tol=1e-04|iter=1000|words=100|mmr=0.70,train,d072f,converged,0.02,0.9,0.0001,1000,100,True,0.7,0,7,0,0.0,0.0,0.0,0,0,0,100,1.0,378,10214,0.14334835024490197,5,0.013227513227513227,54.042328042328045,7,0.10569254796305809,0.6401152146171181,11,0.08625179199999877
t=0.02|d=0.90|tol=1e-04|iter=1000|words=100|mmr=0.70,train,d073b,converged,0.02,0.9,0.0001,1000,100,True,0.7,1,7,12,0.14285714285714285,0.08333333333333333,0.10526315789473685,1,1,1,100,1.0,253,3704,0.11619298575820315,12,0.04743083003952569,29.280632411067195,18,0.08202248438226749,0.44999408702453453,34,0.04490879099999745
t=0.02|d=0.90|tol=1e-04|iter=1000|words=100|mmr=0.70,train,d074b,converged,0.02,0.9,0.0001,1000,100,True,0.7,0,8,0,0.0,0.0,0.0,0,0,0,100,1.0,256,2940,0.0900735294117647,10,0.0390625,22.96875,22,0.048995293127048346,0.41238301648149467,36,0.04205358299999773
t=0.02|d=0.90|tol=1e-04|iter=1000|words=100|mmr=0.70,train,d075b,converged,0.02,0.9,0.0001,1000,100,True,0.7,1,6,13,0.16666666666666666,0.07692307692307693,0.10526315789473684,0,1,1,100,1.0,277,10963,0.28679432846753516,1,0.0036101083032490976,79.15523465703971,2,0.041709678174563725,0.1746525119154121,9,0.0605881669999917
t=0.02|d=0.90|tol=1e-04|iter=1000|words=100|mmr=0.70,train,d076b,converged,0.02,0.9,0.0001,1000,100,True,0.7,0,8,13,0.0,0.0,0.0,0,0,0,100,1.0,323,8152,0.15676018691229351,4,0.01238390092879257,50.476780185758514,5,0.08290528595602517,0.24207705704771784,12,0.07259974999999486
t=0.02|d=0.90|tol=1e-04|iter=1000|words=100|mmr=0.70,train,d077b,converged,0.02,0.9,0.0001,1000,100,True,0.7,1,4,14,0.25,0.07142857142857142,0.11111111111111112,0,1,1,99,0.99,340,10608,0.184070796460177,1,0.0029411764705882353,62.4,2,0.12077568172187715,0.1548717551888946,12,0.07314204200000063
t=0.02|d=0.90|tol=1e-04|iter=1000|words=100|mmr=0.70,train,d078b,converged,0.02,0.9,0.0001,1000,100,True,0.7,0,5,0,0.0,0.0,0.0,0,0,0,100,1.0,276,5670,0.14940711462450593,1,0.0036231884057971015,41.08695652173913,2,0.09162436232222049,0.17916059524736813,11,0.0440493330000038
t=0.02|d=0.90|tol=1e-04|iter=1000|words=100|mmr=0.70,train,d079a,converged,0.02,0.9,0.0001,1000,100,True,0.7,1,4,14,0.25,0.07142857142857142,0.11111111111111112,1,1,1,99,0.99,316,11902,0.23914004420333534,1,0.0031645569620253164,75.32911392405063,2,0.08253917533593627,0.2305527285940876,12,0.07558112499999936
t=0.02|d=0.90|tol=1e-04|iter=1000|words=100|mmr=0.70,train,d080a,converged,0.02,0.9,0.0001,1000,100,True,0.7,1,5,10,0.2,0.1,0.13333333333333333,0,1,1,100,1.0,557,23902,0.1543598155586841,3,0.005385996409335727,85.82405745062836,4,0.17500286322707675,0.44325961017662285,13,0.18165562499999055
t=0.02|d=0.90|tol=1e-04|iter=1000|words=100|mmr=0.70,train,d081a,converged,0.02,0.9,0.0001,1000,100,True,0.7,0,5,17,0.0,0.0,0.0,0,0,0,100,1.0,299,9891,0.2220152185136136,8,0.026755852842809364,66.16053511705685,9,0.04557219265185699,0.17295440833658976,13,0.06316283400001055
t=0.02|d=0.90|tol=1e-04|iter=1000|words=100|mmr=0.70,train,d082a,converged,0.02,0.9,0.0001,1000,100,True,0.7,2,4,12,0.5,0.16666666666666666,0.25,1,1,1,100,1.0,209,4162,0.19147957305852042,0,0.0,39.82775119617225,2,0.06259706221261174,0.16886778933960314,10,0.031177792000008253
t=0.02|d=0.90|tol=1e-04|iter=1000|words=100|mmr=0.70,train,d083a,converged,0.02,0.9,0.0001,1000,100,True,0.7,0,6,17,0.0,0.0,0.0,0,0,0,100,1.0,224,5878,0.23534593209481103,1,0.004464285714285714,52.482142857142854,2,0.15503072701818044,1.0,15,0.039748625000001425
t=0.02|d=0.90|tol=1e-04|iter=1000|words=100|mmr=0.70,train,d084a,converged,0.02,0.9,0.0001,1000,100,True,0.7,0,7,0,0.0,0.0,0.0,0,0,0,100,1.0,366,14382,0.21531551762856502,2,0.00546448087431694,78.59016393442623,5,0.1015663924408795,0.26512441540086007,15,0.09612608300000147
t=0.02|d=0.90|tol=1e-04|iter=1000|words=100|mmr=0.70,train,d085d,converged,0.02,0.9,0.0001,1000,100,True,0.7,0,5,0,0.0,0.0,0.0,0,0,0,100,1.0,224,4446,0.17801089045483665,1,0.004464285714285714,39.69642857142857,2,0.14240203021260536,0.5758265182499325,13,0.03535433300000079
t=0.02|d=0.90|tol=1e-04|iter=1000|words=100|mmr=0.70,train,d086d,converged,0.02,0.9,0.0001,1000,100,True,0.7,0,3,0,0.0,0.0,0.0,0,0,0,100,1.0,416,18314,0.2121640407784986,0,0.0,88.04807692307692,2,0.00267820437815618,0.00803461313446854,11,0.11128645799999504
t=0.02|d=0.90|tol=1e-04|iter=1000|words=100|mmr=0.70,train,d087d,converged,0.02,0.9,0.0001,1000,100,True,0.7,1,7,17,0.14285714285714285,0.058823529411764705,0.08333333333333333,0,1,1,100,1.0,292,7045,0.16581932872004895,4,0.0136986301369863,48.25342465753425,6,0.045442138418619646,0.22427752557709513,40,0.08638054200000056
t=0.02|d=0.90|tol=1e-04|iter=1000|words=100|mmr=0.70,train,d089d,converged,0.02,0.9,0.0001,1000,100,True,0.7,0,6,18,0.0,0.0,0.0,0,0,0,100,1.0,386,12656,0.170325011775789,2,0.0051813471502590676,65.57512953367876,3,0.06802976697774192,0.20870182526366293,14,0.11346625000000188
t=0.02|d=0.90|tol=1e-04|iter=1000|words=100|mmr=0.70,train,d090d,converged,0.02,0.9,0.0001,1000,100,True,0.7,0,8,0,0.0,0.0,0.0,0,0,0,99,0.99,261,6833,0.20138520483348069,5,0.019157088122605363,52.36015325670498,6,0.22843082621522987,1.0,13,0.048072292000000516
t=0.02|d=0.90|tol=1e-04|iter=1000|words=100|mmr=0.70,train,d091c,converged,0.02,0.9,0.0001,1000,100,True,0.7,1,6,13,0.16666666666666666,0.07692307692307693,0.10526315789473684,0,1,1,100,1.0,280,7766,0.19882232462877625,1,0.0035714285714285713,55.47142857142857,3,0.04301737120655953,0.16965990484051685,15,0.05387220899999079
t=0.02|d=0.90|tol=1e-04|iter=1000|words=100|mmr=0.70,train,d092c,converged,0.02,0.9,0.0001,1000,100,True,0.7,0,8,19,0.0,0.0,0.0,0,0,0,100,1.0,291,5913,0.14013508709562744,11,0.037800687285223365,40.63917525773196,13,0.0933455163292348,0.4424510364173557,23,0.059472874999997316
t=0.02|d=0.90|tol=1e-04|iter=1000|words=100|mmr=0.70,train,d093c,converged,0.02,0.9,0.0001,1000,100,True,0.7,1,7,18,0.14285714285714285,0.05555555555555555,0.08,1,1,1,100,1.0,264,4181,0.12043438184122594,7,0.026515151515151516,31.674242424242426,14,0.08496133886243512,0.45410082900530824,26,0.0460393339999996
t=0.02|d=0.90|tol=1e-04|iter=1000|words=100|mmr=0.70,train,d094c,converged,0.02,0.9,0.0001,1000,100,True,0.7,2,4,10,0.5,0.2,0.28571428571428575,1,1,1,100,1.0,185,3542,0.20810810810810812,5,0.02702702702702703,38.29189189189189,6,0.06627974988669451,0.12669659804914624,11,0.02608170799999243
t=0.02|d=0.90|tol=1e-04|iter=1000|words=100|mmr=0.70,train,d095c,converged,0.02,0.9,0.0001,1000,100,True,0.7,1,5,13,0.2,0.07692307692307693,0.1111111111111111,0,0,1,99,0.99,240,4223,0.14724546722454673,4,0.016666666666666666,35.19166666666667,5,0.07469251204041197,0.265407035830987,15,0.03687404199999378
t=0.02|d=0.90|tol=1e-04|iter=1000|words=100|mmr=0.70,train,d096c,converged,0.02,0.9,0.0001,1000,100,True,0.7,1,12,15,0.08333333333333333,0.06666666666666667,0.07407407407407407,0,0,0,100,1.0,274,5372,0.14363252319456699,11,0.040145985401459854,39.21167883211679,17,0.14437723584712367,1.0,17,0.046743750000004525
t=0.02|d=0.90|tol=1e-04|iter=1000|words=100|mmr=0.70,train,d097e,converged,0.02,0.9,0.0001,1000,100,True,0.7,0,5,0,0.0,0.0,0.0,0,0,0,100,1.0,225,4651,0.18456349206349207,3,0.013333333333333334,41.34222222222222,4,0.03480704537638372,0.24086354009587335,13,0.03776795799998922
t=0.02|d=0.90|tol=1e-04|iter=1000|words=100|mmr=0.70,train,d098e,converged,0.02,0.9,0.0001,1000,100,True,0.7,0,4,0,0.0,0.0,0.0,0,0,0,100,1.0,454,19366,0.18832842236290612,1,0.0022026431718061676,85.31277533039648,4,0.04946827207037862,0.11936630012097926,12,0.15972095799999408
t=0.02|d=0.90|tol=1e-04|iter=1000|words=100|mmr=0.70,train,d099e,converged,0.02,0.9,0.0001,1000,100,True,0.7,2,4,20,0.5,0.1,0.16666666666666669,0,1,1,100,1.0,469,12534,0.11420917391066644,12,0.0255863539445629,53.449893390191896,15,0.0761726512431724,0.2092957886755061,13,0.11150141599999586
t=0.02|d=0.90|tol=1e-04|iter=1000|words=100|mmr=0.70,train,d100e,converged,0.02,0.9,0.0001,1000,100,True,0.7,0,5,10,0.0,0.0,0.0,0,0,0,100,1.0,592,20820,0.11901495404033476,11,0.018581081081081082,70.33783783783784,12,0.07268517558852014,0.2570884255951601,14,0.1771420839999962
t=0.02|d=0.90|tol=1e-04|iter=1000|words=100|mmr=0.70,train,d101e,converged,0.02,0.9,0.0001,1000,100,True,0.7,1,6,10,0.16666666666666666,0.1,0.125,0,0,1,100,1.0,514,15876,0.12041777595740323,12,0.023346303501945526,61.77431906614786,20,0.0363764858387686,0.15412488981132985,35,0.18009250000000065
t=0.02|d=0.90|tol=1e-04|iter=1000|words=100|mmr=0.70,train,d102e,converged,0.02,0.9,0.0001,1000,100,True,0.7,0,7,16,0.0,0.0,0.0,0,0,0,100,1.0,678,30836,0.1343598994348658,3,0.004424778761061947,90.96165191740413,5,0.09378986319781865,0.2182847832217777,33,0.3515469170000074
t=0.02|d=0.90|tol=1e-04|iter=1000|words=100|mmr=0.70,train,d103g,converged,0.02,0.9,0.0001,1000,100,True,0.7,0,9,18,0.0,0.0,0.0,0,0,0,100,1.0,219,4611,0.19316325248209124,8,0.0365296803652968,42.10958904109589,10,0.09878986517077659,1.0,16,0.03686583399999677
t=0.02|d=0.90|tol=1e-04|iter=1000|words=100|mmr=0.70,train,d104g,converged,0.02,0.9,0.0001,1000,100,True,0.7,0,7,0,0.0,0.0,0.0,0,0,0,100,1.0,352,14370,0.23261460761460762,0,0.0,81.64772727272727,1,0.10710099299344258,0.26471794472401455,14,0.08596033400000636
t=0.02|d=0.90|tol=1e-04|iter=1000|words=100|mmr=0.70,train,d105g,converged,0.02,0.9,0.0001,1000,100,True,0.7,0,4,11,0.0,0.0,0.0,0,0,0,100,1.0,266,5909,0.16765498652291105,4,0.015037593984962405,44.42857142857143,5,0.04045106851263574,0.08887360414854518,16,0.05163616699999807
t=0.02|d=0.90|tol=1e-04|iter=1000|words=100|mmr=0.70,train,d106g,converged,0.02,0.9,0.0001,1000,100,True,0.7,0,5,0,0.0,0.0,0.0,0,0,0,100,1.0,237,4067,0.14542658943002218,16,0.06751054852320675,34.32067510548523,17,0.0781676414471939,0.23708289736651472,17,0.03577295800000968
t=0.02|d=0.90|tol=1e-04|iter=1000|words=100|mmr=0.70,train,d107g,converged,0.02,0.9,0.0001,1000,100,True,0.7,2,5,12,0.4,0.16666666666666666,0.23529411764705882,1,1,1,100,1.0,271,4750,0.12983463167965012,4,0.014760147601476014,35.055350553505534,5,0.03857552325482258,0.10292341710174052,15,0.05122025000000008
t=0.02|d=0.90|tol=1e-04|iter=1000|words=100|mmr=0.70,train,d108g,converged,0.02,0.9,0.0001,1000,100,True,0.7,0,5,0,0.0,0.0,0.0,0,0,0,100,1.0,216,5330,0.22954349698535745,6,0.027777777777777776,49.351851851851855,7,0.06312044501901114,0.18545858619457245,15,0.0341352499999914
t=0.02|d=0.90|tol=1e-04|iter=1000|words=100|mmr=0.70,train,d109h,converged,0.02,0.9,0.0001,1000,100,True,0.7,1,5,20,0.2,0.05,0.08000000000000002,0,0,1,99,0.99,143,3351,0.3300502314586822,0,0.0,46.86713286713287,1,0.02721052841462392,0.18993614624064137,11,0.020222124999989433
t=0.02|d=0.90|tol=1e-04|iter=1000|words=100|mmr=0.70,train,d110h,converged,0.02,0.9,0.0001,1000,100,True,0.7,1,5,20,0.2,0.05,0.08000000000000002,0,1,1,100,1.0,453,23110,0.22573209087889975,2,0.004415011037527594,102.03090507726269,4,0.07221491561784345,0.17621645683465142,12,0.1409767500000072
t=0.02|d=0.90|tol=1e-04|iter=1000|words=100|mmr=0.70,train,d111h,converged,0.02,0.9,0.0001,1000,100,True,0.7,1,4,14,0.25,0.07142857142857142,0.11111111111111112,1,1,1,100,1.0,214,2837,0.12447896099337458,5,0.02336448598130841,26.514018691588785,6,0.06902741934196678,0.23094549326181563,13,0.028551374999992163
t=0.02|d=0.90|tol=1e-06|iter=100|words=100|mmr=0.70,train,d061j,converged,0.02,0.9,1e-06,100,100,True,0.7,1,5,18,0.2,0.05555555555555555,0.08695652173913045,0,0,1,99,0.99,186,4037,0.23464109270560884,1,0.005376344086021506,43.40860215053763,2,0.13429842620730287,0.45430454776676077,23,0.03304650000001175
t=0.02|d=0.90|tol=1e-06|iter=100|words=100|mmr=0.70,train,d062j,converged,0.02,0.9,1e-06,100,100,True,0.7,0,6,0,0.0,0.0,0.0,0,0,0,99,0.99,120,1653,0.23151260504201682,2,0.016666666666666666,27.55,3,0.047345794531246606,0.24710351783829648,18,0.014660917000000495
t=0.02|d=0.90|tol=1e-06|iter=100|words=100|mmr=0.70,train,d063j,converged,0.02,0.9,1e-06,100,100,True,0.7,0,3,18,0.0,0.0,0.0,0,0,0,100,1.0,253,4848,0.1520798042537173,3,0.011857707509881422,38.32411067193676,4,0.22152607046561681,0.3530378592180876,31,0.05854100000000528
t=0.02|d=0.90|tol=1e-06|iter=100|words=100|mmr=0.70,train,d064j,converged,0.02,0.9,1e-06,100,100,True,0.7,1,7,19,0.14285714285714285,0.05263157894736842,0.07692307692307693,1,1,1,100,1.0,199,3319,0.1684686056545353,2,0.010050251256281407,33.35678391959799,3,0.05058519596002425,0.17190936472085516,16,0.0324807090000121
t=0.02|d=0.90|tol=1e-06|iter=100|words=100|mmr=0.70,train,d065j,converged,0.02,0.9,1e-06,100,100,True,0.7,1,8,12,0.125,0.08333333333333333,0.1,1,1,1,100,1.0,309,6864,0.14424410540915394,13,0.042071197411003236,44.42718446601942,15,0.04061715642245301,0.2423033159520457,29,0.08183558400000379
t=0.02|d=0.90|tol=1e-06|iter=100|words=100|mmr=0.70,train,d066j,converged,0.02,0.9,1e-06,100,100,True,0.7,0,5,19,0.0,0.0,0.0,0,0,0,100,1.0,204,3853,0.18608132908335748,5,0.024509803921568627,37.77450980392157,6,0.04248254556818008,0.23638592932847835,46,0.04925304200000369
t=0.02|d=0.90|tol=1e-06|iter=100|words=100|mmr=0.70,train,d067f,converged,0.02,0.9,1e-06,100,100,True,0.7,0,3,0,0.0,0.0,0.0,0,0,0,99,0.99,134,2185,0.24520255863539445,3,0.022388059701492536,32.61194029850746,4,0.1033119210570852,0.1670610438990799,57,0.029728958000006855
t=0.02|d=0.90|tol=1e-06|iter=100|words=100|mmr=0.70,train,d068f,converged,0.02,0.9,1e-06,100,100,True,0.7,0,7,0,0.0,0.0,0.0,0,0,0,100,1.0,136,2364,0.257516339869281,4,0.029411764705882353,34.76470588235294,5,0.1277819010135278,0.9999999999999999,30,0.021698374999999714
t=0.02|d=0.90|tol=1e-06|iter=100|words=100|mmr=0.70,train,d069f,converged,0.02,0.9,1e-06,100,100,True,0.7,0,4,14,0.0,0.0,0.0,0,0,0,100,1.0,331,13715,0.2511214867710336,1,0.0030211480362537764,82.87009063444108,2,0.0994082559769004,0.13673162467158978,13,0.08512879200000611
t=0.02|d=0.90|tol=1e-06|iter=100|words=100|mmr=0.70,train,d070f,converged,0.02,0.9,1e-06,100,100,True,0.7,1,7,16,0.14285714285714285,0.0625,0.08695652173913043,1,1,1,100,1.0,167,3139,0.2264627371762499,8,0.04790419161676647,37.59281437125748,9,0.052971820844836065,0.3394669290404032,27,0.027733499999996525
t=0.02|d=0.90|tol=1e-06|iter=100|words=100|mmr=0.70,train,d071f,converged,0.02,0.9,1e-06,100,100,True,0.7,0,5,0,0.0,0.0,0.0,0,0,0,100,1.0,155,1238,0.10372852953498114,17,0.10967741935483871,15.974193548387097,22,0.04072328162753003,0.12346416812998832,59,0.02221041599999296
t=0.02|d=0.90|tol=1e-06|iter=100|words=100|mmr=0.70,train,d072f,converged,0.02,0.9,1e-06,100,100,True,0.7,0,7,0,0.0,0.0,0.0,0,0,0,100,1.0,378,10214,0.14334835024490197,5,0.013227513227513227,54.042328042328045,7,0.10569254796305809,0.6401152146171181,17,0.09566445800000167
t=0.02|d=0.90|tol=1e-06|iter=100|words=100|mmr=0.70,train,d073b,converged,0.02,0.9,1e-06,100,100,True,0.7,1,7,12,0.14285714285714285,0.08333333333333333,0.10526315789473685,1,1,1,100,1.0,253,3704,0.11619298575820315,12,0.04743083003952569,29.280632411067195,18,0.08202248438226749,0.44999408702453453,65,0.06566170800000748
t=0.02|d=0.90|tol=1e-06|iter=100|words=100|mmr=0.70,train,d074b,converged,0.02,0.9,1e-06,100,100,True,0.7,0,8,0,0.0,0.0,0.0,0,0,0,100,1.0,256,2940,0.0900735294117647,10,0.0390625,22.96875,22,0.048995293127048346,0.41238301648149467,72,0.05903570899999977
t=0.02|d=0.90|tol=1e-06|iter=100|words=100|mmr=0.70,train,d075b,converged,0.02,0.9,1e-06,100,100,True,0.7,1,6,13,0.16666666666666666,0.07692307692307693,0.10526315789473684,0,1,1,100,1.0,277,10963,0.28679432846753516,1,0.0036101083032490976,79.15523465703971,2,0.041709678174563725,0.1746525119154121,15,0.06382016599999929
t=0.02|d=0.90|tol=1e-06|iter=100|words=100|mmr=0.70,train,d076b,converged,0.02,0.9,1e-06,100,100,True,0.7,0,8,13,0.0,0.0,0.0,0,0,0,100,1.0,323,8152,0.15676018691229351,4,0.01238390092879257,50.476780185758514,5,0.08290528595602517,0.24207705704771784,19,0.07430279199999745
t=0.02|d=0.90|tol=1e-06|iter=100|words=100|mmr=0.70,train,d077b,converged,0.02,0.9,1e-06,100,100,True,0.7,1,4,14,0.25,0.07142857142857142,0.11111111111111112,0,1,1,99,0.99,340,10608,0.184070796460177,1,0.0029411764705882353,62.4,2,0.12077568172187715,0.1548717551888946,20,0.09020691699998906
t=0.02|d=0.90|tol=1e-06|iter=100|words=100|mmr=0.70,train,d078b,converged,0.02,0.9,1e-06,100,100,True,0.7,0,5,0,0.0,0.0,0.0,0,0,0,100,1.0,276,5670,0.14940711462450593,1,0.0036231884057971015,41.08695652173913,2,0.09162436232222049,0.17916059524736813,20,0.05442204099999515
t=0.02|d=0.90|tol=1e-06|iter=100|words=100|mmr=0.70,train,d079a,converged,0.02,0.9,1e-06,100,100,True,0.7,1,4,14,0.25,0.07142857142857142,0.11111111111111112,1,1,1,99,0.99,316,11902,0.23914004420333534,1,0.0031645569620253164,75.32911392405063,2,0.08253917533593627,0.2305527285940876,19,0.08804004099999929
t=0.02|d=0.90|tol=1e-06|iter=100|words=100|mmr=0.70,train,d080a,converged,0.02,0.9,1e-06,100,100,True,0.7,1,5,10,0.2,0.1,0.13333333333333333,0,1,1,100,1.0,557,23902,0.1543598155586841,3,0.005385996409335727,85.82405745062836,4,0.17500286322707675,0.44325961017662285,21,0.2083230420000035
t=0.02|d=0.90|tol=1e-06|iter=100|words=100|mmr=0.70,train,d081a,converged,0.02,0.9,1e-06,100,100,True,0.7,0,5,17,0.0,0.0,0.0,0,0,0,100,1.0,299,9891,0.2220152185136136,8,0.026755852842809364,66.16053511705685,9,0.07214056721942197,0.18442328453737752,34,0.0949483750000013
t=0.02|d=0.90|tol=1e-06|iter=100|words=100|mmr=0.70,train,d082a,converged,0.02,0.9,1e-06,100,100,True,0.7,2,4,12,0.5,0.16666666666666666,0.25,1,1,1,100,1.0,209,4162,0.19147957305852042,0,0.0,39.82775119617225,2,0.06259706221261174,0.16886778933960314,16,0.036820792000000324
t=0.02|d=0.90|tol=1e-06|iter=100|words=100|mmr=0.70,train,d083a,converged,0.02,0.9,1e-06,100,100,True,0.7,0,4,17,0.0,0.0,0.0,0,0,0,100,1.0,224,5878,0.23534593209481103,1,0.004464285714285714,52.482142857142854,2,0.11609824027842675,0.23149666450745623,27,0.048877291000010814
t=0.02|d=0.90|tol=1e-06|iter=100|words=100|mmr=0.70,train,d084a,converged,0.02,0.9,1e-06,100,100,True,0.7,0,7,0,0.0,0.0,0.0,0,0,0,100,1.0,366,14382,0.21531551762856502,2,0.00546448087431694,78.59016393442623,5,0.1015663924408795,0.26512441540086007,31,0.1302301249999971
t=0.02|d=0.90|tol=1e-06|iter=100|words=100|mmr=0.70,train,d085d,converged,0.02,0.9,1e-06,100,100,True,0.7,0,5,0,0.0,0.0,0.0,0,0,0,100,1.0,224,4446,0.17801089045483665,1,0.004464285714285714,39.69642857142857,2,0.14240203021260536,0.5758265182499325,21,0.04051433399999382
t=0.02|d=0.90|tol=1e-06|iter=100|words=100|mmr=0.70,train,d086d,converged,0.02,0.9,1e-06,100,100,True,0.7,0,3,0,0.0,0.0,0.0,0,0,0,100,1.0,416,18314,0.2121640407784986,0,0.0,88.04807692307692,2,0.00267820437815618,0.00803461313446854,20,0.13563629200000094
t=0.02|d=0.90|tol=1e-06|iter=100|words=100|mmr=0.70,train,d087d,converged,0.02,0.9,1e-06,100,100,True,0.7,1,7,17,0.14285714285714285,0.058823529411764705,0.08333333333333333,0,1,1,100,1.0,292,7045,0.16581932872004895,4,0.0136986301369863,48.25342465753425,6,0.045442138418619646,0.22427752557709513,84,0.13270041699999524
t=0.02|d=0.90|tol=1e-06|iter=100|words=100|mmr=0.70,train,d089d,converged,0.02,0.9,1e-06,100,100,True,0.7,0,6,18,0.0,0.0,0.0,0,0,0,100,1.0,386,12656,0.170325011775789,2,0.0051813471502590676,65.57512953367876,3,0.06899100443670252,0.20870182526366293,24,0.11576508299999944
t=0.02|d=0.90|tol=1e-06|iter=100|words=100|mmr=0.70,train,d090d,converged,0.02,0.9,1e-06,100,100,True,0.7,0,8,0,0.0,0.0,0.0,0,0,0,99,0.99,261,6833,0.20138520483348069,5,0.019157088122605363,52.36015325670498,6,0.22843082621522987,1.0,20,0.05605520799998942
t=0.02|d=0.90|tol=1e-06|iter=100|words=100|mmr=0.70,train,d091c,converged,0.02,0.9,1e-06,100,100,True,0.7,1,6,13,0.16666666666666666,0.07692307692307693,0.10526315789473684,0,1,1,100,1.0,280,7766,0.19882232462877625,1,0.0035714285714285713,55.47142857142857,3,0.04301737120655953,0.16965990484051685,28,0.06980041699999617
t=0.02|d=0.90|tol=1e-06|iter=100|words=100|mmr=0.70,train,d092c,converged,0.02,0.9,1e-06,100,100,True,0.7,0,8,19,0.0,0.0,0.0,0,0,0,100,1.0,291,5913,0.14013508709562744,11,0.037800687285223365,40.63917525773196,13,0.0933455163292348,0.4424510364173557,50,0.08391874999999516
t=0.02|d=0.90|tol=1e-06|iter=100|words=100|mmr=0.70,train,d093c,converged,0.02,0.9,1e-06,100,100,True,0.7,1,7,18,0.14285714285714285,0.05555555555555555,0.08,1,1,1,100,1.0,264,4181,0.12043438184122594,7,0.026515151515151516,31.674242424242426,14,0.08496133886243512,0.45410082900530824,53,0.06270100000000411
t=0.02|d=0.90|tol=1e-06|iter=100|words=100|mmr=0.70,train,d094c,converged,0.02,0.9,1e-06,100,100,True,0.7,2,4,10,0.5,0.2,0.28571428571428575,1,1,1,100,1.0,185,3542,0.20810810810810812,5,0.02702702702702703,38.29189189189189,6,0.06627974988669451,0.12669659804914624,19,0.029134542000008423
t=0.02|d=0.90|tol=1e-06|iter=100|words=100|mmr=0.70,train,d095c,converged,0.02,0.9,1e-06,100,100,True,0.7,1,5,13,0.2,0.07692307692307693,0.1111111111111111,0,0,1,99,0.99,240,4223,0.14724546722454673,4,0.016666666666666666,35.19166666666667,5,0.07469251204041197,0.265407035830987,28,0.05014658300000008
t=0.02|d=0.90|tol=1e-06|iter=100|words=100|mmr=0.70,train,d096c,converged,0.02,0.9,1e-06,100,100,True,0.7,1,12,15,0.08333333333333333,0.06666666666666667,0.07407407407407407,0,0,0,100,1.0,274,5372,0.14363252319456699,11,0.040145985401459854,39.21167883211679,17,0.14437723584712367,1.0,36,0.06207433400000184
t=0.02|d=0.90|tol=1e-06|iter=100|words=100|mmr=0.70,train,d097e,converged,0.02,0.9,1e-06,100,100,True,0.7,0,5,0,0.0,0.0,0.0,0,0,0,100,1.0,225,4651,0.18456349206349207,3,0.013333333333333334,41.34222222222222,4,0.03480704537638372,0.24086354009587335,21,0.04295204199999603
t=0.02|d=0.90|tol=1e-06|iter=100|words=100|mmr=0.70,train,d098e,converged,0.02,0.9,1e-06,100,100,True,0.7,0,4,0,0.0,0.0,0.0,0,0,0,100,1.0,454,19366,0.18832842236290612,1,0.0022026431718061676,85.31277533039648,4,0.04946827207037862,0.11936630012097926,29,0.1852260000000001
t=0.02|d=0.90|tol=1e-06|iter=100|words=100|mmr=0.70,train,d099e,converged,0.02,0.9,1e-06,100,100,True,0.7,2,4,20,0.5,0.1,0.16666666666666669,0,1,1,100,1.0,469,12534,0.11420917391066644,12,0.0255863539445629,53.449893390191896,15,0.0761726512431724,0.2092957886755061,34,0.15567758399998866
t=0.02|d=0.90|tol=1e-06|iter=100|words=100|mmr=0.70,train,d100e,converged,0.02,0.9,1e-06,100,100,True,0.7,0,5,10,0.0,0.0,0.0,0,0,0,100,1.0,592,20820,0.11901495404033476,11,0.018581081081081082,70.33783783783784,12,0.07268517558852014,0.2570884255951601,29,0.23254687500001125
t=0.02|d=0.90|tol=1e-06|iter=100|words=100|mmr=0.70,train,d101e,converged,0.02,0.9,1e-06,100,100,True,0.7,1,6,10,0.16666666666666666,0.1,0.125,0,0,1,100,1.0,514,15876,0.12041777595740323,12,0.023346303501945526,61.77431906614786,20,0.0363764858387686,0.15412488981132985,67,0.2648710419999958
t=0.02|d=0.90|tol=1e-06|iter=100|words=100|mmr=0.70,train,d102e,converged,0.02,0.9,1e-06,100,100,True,0.7,0,7,16,0.0,0.0,0.0,0,0,0,100,1.0,678,30836,0.1343598994348658,3,0.004424778761061947,90.96165191740413,5,0.09378986319781865,0.2182847832217777,76,0.5738558329999961
t=0.02|d=0.90|tol=1e-06|iter=100|words=100|mmr=0.70,train,d103g,converged,0.02,0.9,1e-06,100,100,True,0.7,0,9,18,0.0,0.0,0.0,0,0,0,100,1.0,219,4611,0.19316325248209124,8,0.0365296803652968,42.10958904109589,10,0.09878986517077659,1.0,45,0.056696166999998354
t=0.02|d=0.90|tol=1e-06|iter=100|words=100|mmr=0.70,train,d104g,converged,0.02,0.9,1e-06,100,100,True,0.7,0,7,0,0.0,0.0,0.0,0,0,0,100,1.0,352,14370,0.23261460761460762,0,0.0,81.64772727272727,1,0.10710099299344258,0.26471794472401455,29,0.11851020899999298
t=0.02|d=0.90|tol=1e-06|iter=100|words=100|mmr=0.70,train,d105g,converged,0.02,0.9,1e-06,100,100,True,0.7,0,4,11,0.0,0.0,0.0,0,0,0,100,1.0,266,5909,0.16765498652291105,4,0.015037593984962405,44.42857142857143,5,0.04045106851263574,0.08887360414854518,47,0.07932416700000999
t=0.02|d=0.90|tol=1e-06|iter=100|words=100|mmr=0.70,train,d106g,converged,0.02,0.9,1e-06,100,100,True,0.7,0,5,0,0.0,0.0,0.0,0,0,0,100,1.0,237,4067,0.14542658943002218,16,0.06751054852320675,34.32067510548523,17,0.0781676414471939,0.23708289736651472,32,0.044576500000005126
t=0.02|d=0.90|tol=1e-06|iter=100|words=100|mmr=0.70,train,d107g,converged,0.02,0.9,1e-06,100,100,True,0.7,2,5,12,0.4,0.16666666666666666,0.23529411764705882,1,1,1,100,1.0,271,4750,0.12983463167965012,4,0.014760147601476014,35.055350553505534,5,0.03857552325482258,0.10292341710174052,28,0.05390258299999573
t=0.02|d=0.90|tol=1e-06|iter=100|words=100|mmr=0.70,train,d108g,converged,0.02,0.9,1e-06,100,100,True,0.7,0,5,0,0.0,0.0,0.0,0,0,0,100,1.0,216,5330,0.22954349698535745,6,0.027777777777777776,49.351851851851855,7,0.06312044501901114,0.18545858619457245,40,0.054721250000000055
t=0.02|d=0.90|tol=1e-06|iter=100|words=100|mmr=0.70,train,d109h,converged,0.02,0.9,1e-06,100,100,True,0.7,1,5,20,0.2,0.05,0.08000000000000002,0,0,1,99,0.99,143,3351,0.3300502314586822,0,0.0,46.86713286713287,1,0.02721052841462392,0.18993614624064137,19,0.023650750000001608
t=0.02|d=0.90|tol=1e-06|iter=100|words=100|mmr=0.70,train,d110h,converged,0.02,0.9,1e-06,100,100,True,0.7,1,5,20,0.2,0.05,0.08000000000000002,0,1,1,100,1.0,453,23110,0.22573209087889975,2,0.004415011037527594,102.03090507726269,4,0.07221491561784345,0.17621645683465142,24,0.18312099999999987
t=0.02|d=0.90|tol=1e-06|iter=100|words=100|mmr=0.70,train,d111h,converged,0.02,0.9,1e-06,100,100,True,0.7,1,4,14,0.25,0.07142857142857142,0.11111111111111112,1,1,1,100,1.0,214,2837,0.12447896099337458,5,0.02336448598130841,26.514018691588785,6,0.06902741934196678,0.23094549326181563,22,0.033068792000008784
t=0.02|d=0.90|tol=1e-06|iter=300|words=100|mmr=0.70,train,d061j,converged,0.02,0.9,1e-06,300,100,True,0.7,1,5,18,0.2,0.05555555555555555,0.08695652173913045,0,0,1,99,0.99,186,4037,0.23464109270560884,1,0.005376344086021506,43.40860215053763,2,0.13429842620730287,0.45430454776676077,23,0.03327266700000564
t=0.02|d=0.90|tol=1e-06|iter=300|words=100|mmr=0.70,train,d062j,converged,0.02,0.9,1e-06,300,100,True,0.7,0,6,0,0.0,0.0,0.0,0,0,0,99,0.99,120,1653,0.23151260504201682,2,0.016666666666666666,27.55,3,0.047345794531246606,0.24710351783829648,18,0.014286083000001781
t=0.02|d=0.90|tol=1e-06|iter=300|words=100|mmr=0.70,train,d063j,converged,0.02,0.9,1e-06,300,100,True,0.7,0,3,18,0.0,0.0,0.0,0,0,0,100,1.0,253,4848,0.1520798042537173,3,0.011857707509881422,38.32411067193676,4,0.22152607046561681,0.3530378592180876,31,0.053201084000008336
t=0.02|d=0.90|tol=1e-06|iter=300|words=100|mmr=0.70,train,d064j,converged,0.02,0.9,1e-06,300,100,True,0.7,1,7,19,0.14285714285714285,0.05263157894736842,0.07692307692307693,1,1,1,100,1.0,199,3319,0.1684686056545353,2,0.010050251256281407,33.35678391959799,3,0.05058519596002425,0.17190936472085516,16,0.02978966700000285
t=0.02|d=0.90|tol=1e-06|iter=300|words=100|mmr=0.70,train,d065j,converged,0.02,0.9,1e-06,300,100,True,0.7,1,8,12,0.125,0.08333333333333333,0.1,1,1,1,100,1.0,309,6864,0.14424410540915394,13,0.042071197411003236,44.42718446601942,15,0.04061715642245301,0.2423033159520457,29,0.07232487500000673
t=0.02|d=0.90|tol=1e-06|iter=300|words=100|mmr=0.70,train,d066j,converged,0.02,0.9,1e-06,300,100,True,0.7,0,5,19,0.0,0.0,0.0,0,0,0,100,1.0,204,3853,0.18608132908335748,5,0.024509803921568627,37.77450980392157,6,0.04248254556818008,0.23638592932847835,46,0.048040666999995096
t=0.02|d=0.90|tol=1e-06|iter=300|words=100|mmr=0.70,train,d067f,converged,0.02,0.9,1e-06,300,100,True,0.7,0,3,0,0.0,0.0,0.0,0,0,0,99,0.99,134,2185,0.24520255863539445,3,0.022388059701492536,32.61194029850746,4,0.1033119210570852,0.1670610438990799,57,0.03075049999999635
t=0.02|d=0.90|tol=1e-06|iter=300|words=100|mmr=0.70,train,d068f,converged,0.02,0.9,1e-06,300,100,True,0.7,0,7,0,0.0,0.0,0.0,0,0,0,100,1.0,136,2364,0.257516339869281,4,0.029411764705882353,34.76470588235294,5,0.1277819010135278,0.9999999999999999,30,0.021346999999991567
t=0.02|d=0.90|tol=1e-06|iter=300|words=100|mmr=0.70,train,d069f,converged,0.02,0.9,1e-06,300,100,True,0.7,0,4,14,0.0,0.0,0.0,0,0,0,100,1.0,331,13715,0.2511214867710336,1,0.0030211480362537764,82.87009063444108,2,0.0994082559769004,0.13673162467158978,13,0.08599962499999947
t=0.02|d=0.90|tol=1e-06|iter=300|words=100|mmr=0.70,train,d070f,converged,0.02,0.9,1e-06,300,100,True,0.7,1,7,16,0.14285714285714285,0.0625,0.08695652173913043,1,1,1,100,1.0,167,3139,0.2264627371762499,8,0.04790419161676647,37.59281437125748,9,0.052971820844836065,0.3394669290404032,27,0.034063165999995704
t=0.02|d=0.90|tol=1e-06|iter=300|words=100|mmr=0.70,train,d071f,converged,0.02,0.9,1e-06,300,100,True,0.7,0,5,0,0.0,0.0,0.0,0,0,0,100,1.0,155,1238,0.10372852953498114,17,0.10967741935483871,15.974193548387097,22,0.04072328162753003,0.12346416812998832,59,0.022473208999997496
t=0.02|d=0.90|tol=1e-06|iter=300|words=100|mmr=0.70,train,d072f,converged,0.02,0.9,1e-06,300,100,True,0.7,0,7,0,0.0,0.0,0.0,0,0,0,100,1.0,378,10214,0.14334835024490197,5,0.013227513227513227,54.042328042328045,7,0.10569254796305809,0.6401152146171181,17,0.09571795899999813
t=0.02|d=0.90|tol=1e-06|iter=300|words=100|mmr=0.70,train,d073b,converged,0.02,0.9,1e-06,300,100,True,0.7,1,7,12,0.14285714285714285,0.08333333333333333,0.10526315789473685,1,1,1,100,1.0,253,3704,0.11619298575820315,12,0.04743083003952569,29.280632411067195,18,0.08202248438226749,0.44999408702453453,65,0.062397000000004255
t=0.02|d=0.90|tol=1e-06|iter=300|words=100|mmr=0.70,train,d074b,converged,0.02,0.9,1e-06,300,100,True,0.7,0,8,0,0.0,0.0,0.0,0,0,0,100,1.0,256,2940,0.0900735294117647,10,0.0390625,22.96875,22,0.048995293127048346,0.41238301648149467,72,0.05748804200000279
t=0.02|d=0.90|tol=1e-06|iter=300|words=100|mmr=0.70,train,d075b,converged,0.02,0.9,1e-06,300,100,True,0.7,1,6,13,0.16666666666666666,0.07692307692307693,0.10526315789473684,0,1,1,100,1.0,277,10963,0.28679432846753516,1,0.0036101083032490976,79.15523465703971,2,0.041709678174563725,0.1746525119154121,15,0.06460854200000199
t=0.02|d=0.90|tol=1e-06|iter=300|words=100|mmr=0.70,train,d076b,converged,0.02,0.9,1e-06,300,100,True,0.7,0,8,13,0.0,0.0,0.0,0,0,0,100,1.0,323,8152,0.15676018691229351,4,0.01238390092879257,50.476780185758514,5,0.08290528595602517,0.24207705704771784,19,0.07259537499999169
t=0.02|d=0.90|tol=1e-06|iter=300|words=100|mmr=0.70,train,d077b,converged,0.02,0.9,1e-06,300,100,True,0.7,1,4,14,0.25,0.07142857142857142,0.11111111111111112,0,1,1,99,0.99,340,10608,0.184070796460177,1,0.0029411764705882353,62.4,2,0.12077568172187715,0.1548717551888946,20,0.10575866700000347
t=0.02|d=0.90|tol=1e-06|iter=300|words=100|mmr=0.70,train,d078b,converged,0.02,0.9,1e-06,300,100,True,0.7,0,5,0,0.0,0.0,0.0,0,0,0,100,1.0,276,5670,0.14940711462450593,1,0.0036231884057971015,41.08695652173913,2,0.09162436232222049,0.17916059524736813,20,0.0521443330000011
t=0.02|d=0.90|tol=1e-06|iter=300|words=100|mmr=0.70,train,d079a,converged,0.02,0.9,1e-06,300,100,True,0.7,1,4,14,0.25,0.07142857142857142,0.11111111111111112,1,1,1,99,0.99,316,11902,0.23914004420333534,1,0.0031645569620253164,75.32911392405063,2,0.08253917533593627,0.2305527285940876,19,0.08523820799999271
t=0.02|d=0.90|tol=1e-06|iter=300|words=100|mmr=0.70,train,d080a,converged,0.02,0.9,1e-06,300,100,True,0.7,1,5,10,0.2,0.1,0.13333333333333333,0,1,1,100,1.0,557,23902,0.1543598155586841,3,0.005385996409335727,85.82405745062836,4,0.17500286322707675,0.44325961017662285,21,0.21026991600000144
t=0.02|d=0.90|tol=1e-06|iter=300|words=100|mmr=0.70,train,d081a,converged,0.02,0.9,1e-06,300,100,True,0.7,0,5,17,0.0,0.0,0.0,0,0,0,100,1.0,299,9891,0.2220152185136136,8,0.026755852842809364,66.16053511705685,9,0.07214056721942197,0.18442328453737752,34,0.09312495799998999
t=0.02|d=0.90|tol=1e-06|iter=300|words=100|mmr=0.70,train,d082a,converged,0.02,0.9,1e-06,300,100,True,0.7,2,4,12,0.5,0.16666666666666666,0.25,1,1,1,100,1.0,209,4162,0.19147957305852042,0,0.0,39.82775119617225,2,0.06259706221261174,0.16886778933960314,16,0.03499658300000874
t=0.02|d=0.90|tol=1e-06|iter=300|words=100|mmr=0.70,train,d083a,converged,0.02,0.9,1e-06,300,100,True,0.7,0,4,17,0.0,0.0,0.0,0,0,0,100,1.0,224,5878,0.23534593209481103,1,0.004464285714285714,52.482142857142854,2,0.11609824027842675,0.23149666450745623,27,0.0496392080000021
t=0.02|d=0.90|tol=1e-06|iter=300|words=100|mmr=0.70,train,d084a,converged,0.02,0.9,1e-06,300,100,True,0.7,0,7,0,0.0,0.0,0.0,0,0,0,100,1.0,366,14382,0.21531551762856502,2,0.00546448087431694,78.59016393442623,5,0.1015663924408795,0.26512441540086007,31,0.13276324999999645
t=0.02|d=0.90|tol=1e-06|iter=300|words=100|mmr=0.70,train,d085d,converged,0.02,0.9,1e-06,300,100,True,0.7,0,5,0,0.0,0.0,0.0,0,0,0,100,1.0,224,4446,0.17801089045483665,1,0.004464285714285714,39.69642857142857,2,0.14240203021260536,0.5758265182499325,21,0.04607437500000344
t=0.02|d=0.90|tol=1e-06|iter=300|words=100|mmr=0.70,train,d086d,converged,0.02,0.9,1e-06,300,100,True,0.7,0,3,0,0.0,0.0,0.0,0,0,0,100,1.0,416,18314,0.2121640407784986,0,0.0,88.04807692307692,2,0.00267820437815618,0.00803461313446854,20,0.1382063329999994
t=0.02|d=0.90|tol=1e-06|iter=300|words=100|mmr=0.70,train,d087d,converged,0.02,0.9,1e-06,300,100,True,0.7,1,7,17,0.14285714285714285,0.058823529411764705,0.08333333333333333,0,1,1,100,1.0,292,7045,0.16581932872004895,4,0.0136986301369863,48.25342465753425,6,0.045442138418619646,0.22427752557709513,84,0.1351349589999984
t=0.02|d=0.90|tol=1e-06|iter=300|words=100|mmr=0.70,train,d089d,converged,0.02,0.9,1e-06,300,100,True,0.7,0,6,18,0.0,0.0,0.0,0,0,0,100,1.0,386,12656,0.170325011775789,2,0.0051813471502590676,65.57512953367876,3,0.06899100443670252,0.20870182526366293,24,0.11584254099999214
t=0.02|d=0.90|tol=1e-06|iter=300|words=100|mmr=0.70,train,d090d,converged,0.02,0.9,1e-06,300,100,True,0.7,0,8,0,0.0,0.0,0.0,0,0,0,99,0.99,261,6833,0.20138520483348069,5,0.019157088122605363,52.36015325670498,6,0.22843082621522987,1.0,20,0.05435729199999173
t=0.02|d=0.90|tol=1e-06|iter=300|words=100|mmr=0.70,train,d091c,converged,0.02,0.9,1e-06,300,100,True,0.7,1,6,13,0.16666666666666666,0.07692307692307693,0.10526315789473684,0,1,1,100,1.0,280,7766,0.19882232462877625,1,0.0035714285714285713,55.47142857142857,3,0.04301737120655953,0.16965990484051685,28,0.07138608300000726
t=0.02|d=0.90|tol=1e-06|iter=300|words=100|mmr=0.70,train,d092c,converged,0.02,0.9,1e-06,300,100,True,0.7,0,8,19,0.0,0.0,0.0,0,0,0,100,1.0,291,5913,0.14013508709562744,11,0.037800687285223365,40.63917525773196,13,0.0933455163292348,0.4424510364173557,50,0.08386699999999792
t=0.02|d=0.90|tol=1e-06|iter=300|words=100|mmr=0.70,train,d093c,converged,0.02,0.9,1e-06,300,100,True,0.7,1,7,18,0.14285714285714285,0.05555555555555555,0.08,1,1,1,100,1.0,264,4181,0.12043438184122594,7,0.026515151515151516,31.674242424242426,14,0.08496133886243512,0.45410082900530824,53,0.06175283399998932
t=0.02|d=0.90|tol=1e-06|iter=300|words=100|mmr=0.70,train,d094c,converged,0.02,0.9,1e-06,300,100,True,0.7,2,4,10,0.5,0.2,0.28571428571428575,1,1,1,100,1.0,185,3542,0.20810810810810812,5,0.02702702702702703,38.29189189189189,6,0.06627974988669451,0.12669659804914624,19,0.028683083000004217
t=0.02|d=0.90|tol=1e-06|iter=300|words=100|mmr=0.70,train,d095c,converged,0.02,0.9,1e-06,300,100,True,0.7,1,5,13,0.2,0.07692307692307693,0.1111111111111111,0,0,1,99,0.99,240,4223,0.14724546722454673,4,0.016666666666666666,35.19166666666667,5,0.07469251204041197,0.265407035830987,28,0.04505154199999595
t=0.02|d=0.90|tol=1e-06|iter=300|words=100|mmr=0.70,train,d096c,converged,0.02,0.9,1e-06,300,100,True,0.7,1,12,15,0.08333333333333333,0.06666666666666667,0.07407407407407407,0,0,0,100,1.0,274,5372,0.14363252319456699,11,0.040145985401459854,39.21167883211679,17,0.14437723584712367,1.0,36,0.06225275000001318
t=0.02|d=0.90|tol=1e-06|iter=300|words=100|mmr=0.70,train,d097e,converged,0.02,0.9,1e-06,300,100,True,0.7,0,5,0,0.0,0.0,0.0,0,0,0,100,1.0,225,4651,0.18456349206349207,3,0.013333333333333334,41.34222222222222,4,0.03480704537638372,0.24086354009587335,21,0.04275729199999034
t=0.02|d=0.90|tol=1e-06|iter=300|words=100|mmr=0.70,train,d098e,converged,0.02,0.9,1e-06,300,100,True,0.7,0,4,0,0.0,0.0,0.0,0,0,0,100,1.0,454,19366,0.18832842236290612,1,0.0022026431718061676,85.31277533039648,4,0.04946827207037862,0.11936630012097926,29,0.18493899999999996
t=0.02|d=0.90|tol=1e-06|iter=300|words=100|mmr=0.70,train,d099e,converged,0.02,0.9,1e-06,300,100,True,0.7,2,4,20,0.5,0.1,0.16666666666666669,0,1,1,100,1.0,469,12534,0.11420917391066644,12,0.0255863539445629,53.449893390191896,15,0.0761726512431724,0.2092957886755061,34,0.15658666699999912
t=0.02|d=0.90|tol=1e-06|iter=300|words=100|mmr=0.70,train,d100e,converged,0.02,0.9,1e-06,300,100,True,0.7,0,5,10,0.0,0.0,0.0,0,0,0,100,1.0,592,20820,0.11901495404033476,11,0.018581081081081082,70.33783783783784,12,0.07268517558852014,0.2570884255951601,29,0.23531820799999537
t=0.02|d=0.90|tol=1e-06|iter=300|words=100|mmr=0.70,train,d101e,converged,0.02,0.9,1e-06,300,100,True,0.7,1,6,10,0.16666666666666666,0.1,0.125,0,0,1,100,1.0,514,15876,0.12041777595740323,12,0.023346303501945526,61.77431906614786,20,0.0363764858387686,0.15412488981132985,67,0.2741224579999937
t=0.02|d=0.90|tol=1e-06|iter=300|words=100|mmr=0.70,train,d102e,converged,0.02,0.9,1e-06,300,100,True,0.7,0,7,16,0.0,0.0,0.0,0,0,0,100,1.0,678,30836,0.1343598994348658,3,0.004424778761061947,90.96165191740413,5,0.09378986319781865,0.2182847832217777,76,0.5769897090000029
t=0.02|d=0.90|tol=1e-06|iter=300|words=100|mmr=0.70,train,d103g,converged,0.02,0.9,1e-06,300,100,True,0.7,0,9,18,0.0,0.0,0.0,0,0,0,100,1.0,219,4611,0.19316325248209124,8,0.0365296803652968,42.10958904109589,10,0.09878986517077659,1.0,45,0.06551033300000597
t=0.02|d=0.90|tol=1e-06|iter=300|words=100|mmr=0.70,train,d104g,converged,0.02,0.9,1e-06,300,100,True,0.7,0,7,0,0.0,0.0,0.0,0,0,0,100,1.0,352,14370,0.23261460761460762,0,0.0,81.64772727272727,1,0.10710099299344258,0.26471794472401455,29,0.1319683330000032
t=0.02|d=0.90|tol=1e-06|iter=300|words=100|mmr=0.70,train,d105g,converged,0.02,0.9,1e-06,300,100,True,0.7,0,4,11,0.0,0.0,0.0,0,0,0,100,1.0,266,5909,0.16765498652291105,4,0.015037593984962405,44.42857142857143,5,0.04045106851263574,0.08887360414854518,47,0.07946441700001117
t=0.02|d=0.90|tol=1e-06|iter=300|words=100|mmr=0.70,train,d106g,converged,0.02,0.9,1e-06,300,100,True,0.7,0,5,0,0.0,0.0,0.0,0,0,0,100,1.0,237,4067,0.14542658943002218,16,0.06751054852320675,34.32067510548523,17,0.0781676414471939,0.23708289736651472,32,0.045747958999996285
t=0.02|d=0.90|tol=1e-06|iter=300|words=100|mmr=0.70,train,d107g,converged,0.02,0.9,1e-06,300,100,True,0.7,2,5,12,0.4,0.16666666666666666,0.23529411764705882,1,1,1,100,1.0,271,4750,0.12983463167965012,4,0.014760147601476014,35.055350553505534,5,0.03857552325482258,0.10292341710174052,28,0.05404766699999186
t=0.02|d=0.90|tol=1e-06|iter=300|words=100|mmr=0.70,train,d108g,converged,0.02,0.9,1e-06,300,100,True,0.7,0,5,0,0.0,0.0,0.0,0,0,0,100,1.0,216,5330,0.22954349698535745,6,0.027777777777777776,49.351851851851855,7,0.06312044501901114,0.18545858619457245,40,0.05404420899999707
t=0.02|d=0.90|tol=1e-06|iter=300|words=100|mmr=0.70,train,d109h,converged,0.02,0.9,1e-06,300,100,True,0.7,1,5,20,0.2,0.05,0.08000000000000002,0,0,1,99,0.99,143,3351,0.3300502314586822,0,0.0,46.86713286713287,1,0.02721052841462392,0.18993614624064137,19,0.023478083000000538
t=0.02|d=0.90|tol=1e-06|iter=300|words=100|mmr=0.70,train,d110h,converged,0.02,0.9,1e-06,300,100,True,0.7,1,5,20,0.2,0.05,0.08000000000000002,0,1,1,100,1.0,453,23110,0.22573209087889975,2,0.004415011037527594,102.03090507726269,4,0.07221491561784345,0.17621645683465142,24,0.18161445799999854
t=0.02|d=0.90|tol=1e-06|iter=300|words=100|mmr=0.70,train,d111h,converged,0.02,0.9,1e-06,300,100,True,0.7,1,4,14,0.25,0.07142857142857142,0.11111111111111112,1,1,1,100,1.0,214,2837,0.12447896099337458,5,0.02336448598130841,26.514018691588785,6,0.06902741934196678,0.23094549326181563,22,0.032536707999994974
t=0.02|d=0.90|tol=1e-06|iter=1000|words=100|mmr=0.70,train,d061j,converged,0.02,0.9,1e-06,1000,100,True,0.7,1,5,18,0.2,0.05555555555555555,0.08695652173913045,0,0,1,99,0.99,186,4037,0.23464109270560884,1,0.005376344086021506,43.40860215053763,2,0.13429842620730287,0.45430454776676077,23,0.03261191699999699
t=0.02|d=0.90|tol=1e-06|iter=1000|words=100|mmr=0.70,train,d062j,converged,0.02,0.9,1e-06,1000,100,True,0.7,0,6,0,0.0,0.0,0.0,0,0,0,99,0.99,120,1653,0.23151260504201682,2,0.016666666666666666,27.55,3,0.047345794531246606,0.24710351783829648,18,0.014446332999995093
t=0.02|d=0.90|tol=1e-06|iter=1000|words=100|mmr=0.70,train,d063j,converged,0.02,0.9,1e-06,1000,100,True,0.7,0,3,18,0.0,0.0,0.0,0,0,0,100,1.0,253,4848,0.1520798042537173,3,0.011857707509881422,38.32411067193676,4,0.22152607046561681,0.3530378592180876,31,0.0520676250000065
t=0.02|d=0.90|tol=1e-06|iter=1000|words=100|mmr=0.70,train,d064j,converged,0.02,0.9,1e-06,1000,100,True,0.7,1,7,19,0.14285714285714285,0.05263157894736842,0.07692307692307693,1,1,1,100,1.0,199,3319,0.1684686056545353,2,0.010050251256281407,33.35678391959799,3,0.05058519596002425,0.17190936472085516,16,0.029907541000000037
t=0.02|d=0.90|tol=1e-06|iter=1000|words=100|mmr=0.70,train,d065j,converged,0.02,0.9,1e-06,1000,100,True,0.7,1,8,12,0.125,0.08333333333333333,0.1,1,1,1,100,1.0,309,6864,0.14424410540915394,13,0.042071197411003236,44.42718446601942,15,0.04061715642245301,0.2423033159520457,29,0.07174983400000201
t=0.02|d=0.90|tol=1e-06|iter=1000|words=100|mmr=0.70,train,d066j,converged,0.02,0.9,1e-06,1000,100,True,0.7,0,5,19,0.0,0.0,0.0,0,0,0,100,1.0,204,3853,0.18608132908335748,5,0.024509803921568627,37.77450980392157,6,0.04248254556818008,0.23638592932847835,46,0.048553624999996714
t=0.02|d=0.90|tol=1e-06|iter=1000|words=100|mmr=0.70,train,d067f,converged,0.02,0.9,1e-06,1000,100,True,0.7,0,3,0,0.0,0.0,0.0,0,0,0,99,0.99,134,2185,0.24520255863539445,3,0.022388059701492536,32.61194029850746,4,0.1033119210570852,0.1670610438990799,57,0.030612458000007337
t=0.02|d=0.90|tol=1e-06|iter=1000|words=100|mmr=0.70,train,d068f,converged,0.02,0.9,1e-06,1000,100,True,0.7,0,7,0,0.0,0.0,0.0,0,0,0,100,1.0,136,2364,0.257516339869281,4,0.029411764705882353,34.76470588235294,5,0.1277819010135278,0.9999999999999999,30,0.022423042000013993
t=0.02|d=0.90|tol=1e-06|iter=1000|words=100|mmr=0.70,train,d069f,converged,0.02,0.9,1e-06,1000,100,True,0.7,0,4,14,0.0,0.0,0.0,0,0,0,100,1.0,331,13715,0.2511214867710336,1,0.0030211480362537764,82.87009063444108,2,0.0994082559769004,0.13673162467158978,13,0.08571537499999238
t=0.02|d=0.90|tol=1e-06|iter=1000|words=100|mmr=0.70,train,d070f,converged,0.02,0.9,1e-06,1000,100,True,0.7,1,7,16,0.14285714285714285,0.0625,0.08695652173913043,1,1,1,100,1.0,167,3139,0.2264627371762499,8,0.04790419161676647,37.59281437125748,9,0.052971820844836065,0.3394669290404032,27,0.02741774999999791
t=0.02|d=0.90|tol=1e-06|iter=1000|words=100|mmr=0.70,train,d071f,converged,0.02,0.9,1e-06,1000,100,True,0.7,0,5,0,0.0,0.0,0.0,0,0,0,100,1.0,155,1238,0.10372852953498114,17,0.10967741935483871,15.974193548387097,22,0.04072328162753003,0.12346416812998832,59,0.022424334000007207
t=0.02|d=0.90|tol=1e-06|iter=1000|words=100|mmr=0.70,train,d072f,converged,0.02,0.9,1e-06,1000,100,True,0.7,0,7,0,0.0,0.0,0.0,0,0,0,100,1.0,378,10214,0.14334835024490197,5,0.013227513227513227,54.042328042328045,7,0.10569254796305809,0.6401152146171181,17,0.09814587500000016
t=0.02|d=0.90|tol=1e-06|iter=1000|words=100|mmr=0.70,train,d073b,converged,0.02,0.9,1e-06,1000,100,True,0.7,1,7,12,0.14285714285714285,0.08333333333333333,0.10526315789473685,1,1,1,100,1.0,253,3704,0.11619298575820315,12,0.04743083003952569,29.280632411067195,18,0.08202248438226749,0.44999408702453453,65,0.06399949999999421
t=0.02|d=0.90|tol=1e-06|iter=1000|words=100|mmr=0.70,train,d074b,converged,0.02,0.9,1e-06,1000,100,True,0.7,0,8,0,0.0,0.0,0.0,0,0,0,100,1.0,256,2940,0.0900735294117647,10,0.0390625,22.96875,22,0.048995293127048346,0.41238301648149467,72,0.05638979199999028
t=0.02|d=0.90|tol=1e-06|iter=1000|words=100|mmr=0.70,train,d075b,converged,0.02,0.9,1e-06,1000,100,True,0.7,1,6,13,0.16666666666666666,0.07692307692307693,0.10526315789473684,0,1,1,100,1.0,277,10963,0.28679432846753516,1,0.0036101083032490976,79.15523465703971,2,0.041709678174563725,0.1746525119154121,15,0.06390095900000858
t=0.02|d=0.90|tol=1e-06|iter=1000|words=100|mmr=0.70,train,d076b,converged,0.02,0.9,1e-06,1000,100,True,0.7,0,8,13,0.0,0.0,0.0,0,0,0,100,1.0,323,8152,0.15676018691229351,4,0.01238390092879257,50.476780185758514,5,0.08290528595602517,0.24207705704771784,19,0.07632658299999662
t=0.02|d=0.90|tol=1e-06|iter=1000|words=100|mmr=0.70,train,d077b,converged,0.02,0.9,1e-06,1000,100,True,0.7,1,4,14,0.25,0.07142857142857142,0.11111111111111112,0,1,1,99,0.99,340,10608,0.184070796460177,1,0.0029411764705882353,62.4,2,0.12077568172187715,0.1548717551888946,20,0.09348720900000274
t=0.02|d=0.90|tol=1e-06|iter=1000|words=100|mmr=0.70,train,d078b,converged,0.02,0.9,1e-06,1000,100,True,0.7,0,5,0,0.0,0.0,0.0,0,0,0,100,1.0,276,5670,0.14940711462450593,1,0.0036231884057971015,41.08695652173913,2,0.09162436232222049,0.17916059524736813,20,0.05641208400000153
t=0.02|d=0.90|tol=1e-06|iter=1000|words=100|mmr=0.70,train,d079a,converged,0.02,0.9,1e-06,1000,100,True,0.7,1,4,14,0.25,0.07142857142857142,0.11111111111111112,1,1,1,99,0.99,316,11902,0.23914004420333534,1,0.0031645569620253164,75.32911392405063,2,0.08253917533593627,0.2305527285940876,19,0.09113937499999736
t=0.02|d=0.90|tol=1e-06|iter=1000|words=100|mmr=0.70,train,d080a,converged,0.02,0.9,1e-06,1000,100,True,0.7,1,5,10,0.2,0.1,0.13333333333333333,0,1,1,100,1.0,557,23902,0.1543598155586841,3,0.005385996409335727,85.82405745062836,4,0.17500286322707675,0.44325961017662285,21,0.21377070799999842
t=0.02|d=0.90|tol=1e-06|iter=1000|words=100|mmr=0.70,train,d081a,converged,0.02,0.9,1e-06,1000,100,True,0.7,0,5,17,0.0,0.0,0.0,0,0,0,100,1.0,299,9891,0.2220152185136136,8,0.026755852842809364,66.16053511705685,9,0.07214056721942197,0.18442328453737752,34,0.09692104200000529
t=0.02|d=0.90|tol=1e-06|iter=1000|words=100|mmr=0.70,train,d082a,converged,0.02,0.9,1e-06,1000,100,True,0.7,2,4,12,0.5,0.16666666666666666,0.25,1,1,1,100,1.0,209,4162,0.19147957305852042,0,0.0,39.82775119617225,2,0.06259706221261174,0.16886778933960314,16,0.03509800000000496
t=0.02|d=0.90|tol=1e-06|iter=1000|words=100|mmr=0.70,train,d083a,converged,0.02,0.9,1e-06,1000,100,True,0.7,0,4,17,0.0,0.0,0.0,0,0,0,100,1.0,224,5878,0.23534593209481103,1,0.004464285714285714,52.482142857142854,2,0.11609824027842675,0.23149666450745623,27,0.053601000000000454
t=0.02|d=0.90|tol=1e-06|iter=1000|words=100|mmr=0.70,train,d084a,converged,0.02,0.9,1e-06,1000,100,True,0.7,0,7,0,0.0,0.0,0.0,0,0,0,100,1.0,366,14382,0.21531551762856502,2,0.00546448087431694,78.59016393442623,5,0.1015663924408795,0.26512441540086007,31,0.13919983299999217
t=0.02|d=0.90|tol=1e-06|iter=1000|words=100|mmr=0.70,train,d085d,converged,0.02,0.9,1e-06,1000,100,True,0.7,0,5,0,0.0,0.0,0.0,0,0,0,100,1.0,224,4446,0.17801089045483665,1,0.004464285714285714,39.69642857142857,2,0.14240203021260536,0.5758265182499325,21,0.040551917000001936
t=0.02|d=0.90|tol=1e-06|iter=1000|words=100|mmr=0.70,train,d086d,converged,0.02,0.9,1e-06,1000,100,True,0.7,0,3,0,0.0,0.0,0.0,0,0,0,100,1.0,416,18314,0.2121640407784986,0,0.0,88.04807692307692,2,0.00267820437815618,0.00803461313446854,20,0.13668337500000405
t=0.02|d=0.90|tol=1e-06|iter=1000|words=100|mmr=0.70,train,d087d,converged,0.02,0.9,1e-06,1000,100,True,0.7,1,7,17,0.14285714285714285,0.058823529411764705,0.08333333333333333,0,1,1,100,1.0,292,7045,0.16581932872004895,4,0.0136986301369863,48.25342465753425,6,0.045442138418619646,0.22427752557709513,84,0.13477075000000127
t=0.02|d=0.90|tol=1e-06|iter=1000|words=100|mmr=0.70,train,d089d,converged,0.02,0.9,1e-06,1000,100,True,0.7,0,6,18,0.0,0.0,0.0,0,0,0,100,1.0,386,12656,0.170325011775789,2,0.0051813471502590676,65.57512953367876,3,0.06899100443670252,0.20870182526366293,24,0.12892479099998866
t=0.02|d=0.90|tol=1e-06|iter=1000|words=100|mmr=0.70,train,d090d,converged,0.02,0.9,1e-06,1000,100,True,0.7,0,8,0,0.0,0.0,0.0,0,0,0,99,0.99,261,6833,0.20138520483348069,5,0.019157088122605363,52.36015325670498,6,0.22843082621522987,1.0,20,0.058001083000007725
t=0.02|d=0.90|tol=1e-06|iter=1000|words=100|mmr=0.70,train,d091c,converged,0.02,0.9,1e-06,1000,100,True,0.7,1,6,13,0.16666666666666666,0.07692307692307693,0.10526315789473684,0,1,1,100,1.0,280,7766,0.19882232462877625,1,0.0035714285714285713,55.47142857142857,3,0.04301737120655953,0.16965990484051685,28,0.0745254169999896
t=0.02|d=0.90|tol=1e-06|iter=1000|words=100|mmr=0.70,train,d092c,converged,0.02,0.9,1e-06,1000,100,True,0.7,0,8,19,0.0,0.0,0.0,0,0,0,100,1.0,291,5913,0.14013508709562744,11,0.037800687285223365,40.63917525773196,13,0.0933455163292348,0.4424510364173557,50,0.08384987499999852
t=0.02|d=0.90|tol=1e-06|iter=1000|words=100|mmr=0.70,train,d093c,converged,0.02,0.9,1e-06,1000,100,True,0.7,1,7,18,0.14285714285714285,0.05555555555555555,0.08,1,1,1,100,1.0,264,4181,0.12043438184122594,7,0.026515151515151516,31.674242424242426,14,0.08496133886243512,0.45410082900530824,53,0.06547483299999612
t=0.02|d=0.90|tol=1e-06|iter=1000|words=100|mmr=0.70,train,d094c,converged,0.02,0.9,1e-06,1000,100,True,0.7,2,4,10,0.5,0.2,0.28571428571428575,1,1,1,100,1.0,185,3542,0.20810810810810812,5,0.02702702702702703,38.29189189189189,6,0.06627974988669451,0.12669659804914624,19,0.02965941699997643
t=0.02|d=0.90|tol=1e-06|iter=1000|words=100|mmr=0.70,train,d095c,converged,0.02,0.9,1e-06,1000,100,True,0.7,1,5,13,0.2,0.07692307692307693,0.1111111111111111,0,0,1,99,0.99,240,4223,0.14724546722454673,4,0.016666666666666666,35.19166666666667,5,0.07469251204041197,0.265407035830987,28,0.045469249999996464
t=0.02|d=0.90|tol=1e-06|iter=1000|words=100|mmr=0.70,train,d096c,converged,0.02,0.9,1e-06,1000,100,True,0.7,1,12,15,0.08333333333333333,0.06666666666666667,0.07407407407407407,0,0,0,100,1.0,274,5372,0.14363252319456699,11,0.040145985401459854,39.21167883211679,17,0.14437723584712367,1.0,36,0.06311312500000099
t=0.02|d=0.90|tol=1e-06|iter=1000|words=100|mmr=0.70,train,d097e,converged,0.02,0.9,1e-06,1000,100,True,0.7,0,5,0,0.0,0.0,0.0,0,0,0,100,1.0,225,4651,0.18456349206349207,3,0.013333333333333334,41.34222222222222,4,0.03480704537638372,0.24086354009587335,21,0.04264795800000343
t=0.02|d=0.90|tol=1e-06|iter=1000|words=100|mmr=0.70,train,d098e,converged,0.02,0.9,1e-06,1000,100,True,0.7,0,4,0,0.0,0.0,0.0,0,0,0,100,1.0,454,19366,0.18832842236290612,1,0.0022026431718061676,85.31277533039648,4,0.04946827207037862,0.11936630012097926,29,0.1867966249999995
t=0.02|d=0.90|tol=1e-06|iter=1000|words=100|mmr=0.70,train,d099e,converged,0.02,0.9,1e-06,1000,100,True,0.7,2,4,20,0.5,0.1,0.16666666666666669,0,1,1,100,1.0,469,12534,0.11420917391066644,12,0.0255863539445629,53.449893390191896,15,0.0761726512431724,0.2092957886755061,34,0.15739329199999474
t=0.02|d=0.90|tol=1e-06|iter=1000|words=100|mmr=0.70,train,d100e,converged,0.02,0.9,1e-06,1000,100,True,0.7,0,5,10,0.0,0.0,0.0,0,0,0,100,1.0,592,20820,0.11901495404033476,11,0.018581081081081082,70.33783783783784,12,0.07268517558852014,0.2570884255951601,29,0.23515945799999827
t=0.02|d=0.90|tol=1e-06|iter=1000|words=100|mmr=0.70,train,d101e,converged,0.02,0.9,1e-06,1000,100,True,0.7,1,6,10,0.16666666666666666,0.1,0.125,0,0,1,100,1.0,514,15876,0.12041777595740323,12,0.023346303501945526,61.77431906614786,20,0.0363764858387686,0.15412488981132985,67,0.32346783299999515
t=0.02|d=0.90|tol=1e-06|iter=1000|words=100|mmr=0.70,train,d102e,converged,0.02,0.9,1e-06,1000,100,True,0.7,0,7,16,0.0,0.0,0.0,0,0,0,100,1.0,678,30836,0.1343598994348658,3,0.004424778761061947,90.96165191740413,5,0.09378986319781865,0.2182847832217777,76,0.5858029580000164
t=0.02|d=0.90|tol=1e-06|iter=1000|words=100|mmr=0.70,train,d103g,converged,0.02,0.9,1e-06,1000,100,True,0.7,0,9,18,0.0,0.0,0.0,0,0,0,100,1.0,219,4611,0.19316325248209124,8,0.0365296803652968,42.10958904109589,10,0.09878986517077659,1.0,45,0.056899874999999156
t=0.02|d=0.90|tol=1e-06|iter=1000|words=100|mmr=0.70,train,d104g,converged,0.02,0.9,1e-06,1000,100,True,0.7,0,7,0,0.0,0.0,0.0,0,0,0,100,1.0,352,14370,0.23261460761460762,0,0.0,81.64772727272727,1,0.10710099299344258,0.26471794472401455,29,0.11763799999999947
t=0.02|d=0.90|tol=1e-06|iter=1000|words=100|mmr=0.70,train,d105g,converged,0.02,0.9,1e-06,1000,100,True,0.7,0,4,11,0.0,0.0,0.0,0,0,0,100,1.0,266,5909,0.16765498652291105,4,0.015037593984962405,44.42857142857143,5,0.04045106851263574,0.08887360414854518,47,0.0789645000000121
t=0.02|d=0.90|tol=1e-06|iter=1000|words=100|mmr=0.70,train,d106g,converged,0.02,0.9,1e-06,1000,100,True,0.7,0,5,0,0.0,0.0,0.0,0,0,0,100,1.0,237,4067,0.14542658943002218,16,0.06751054852320675,34.32067510548523,17,0.0781676414471939,0.23708289736651472,32,0.046884541999986595
t=0.02|d=0.90|tol=1e-06|iter=1000|words=100|mmr=0.70,train,d107g,converged,0.02,0.9,1e-06,1000,100,True,0.7,2,5,12,0.4,0.16666666666666666,0.23529411764705882,1,1,1,100,1.0,271,4750,0.12983463167965012,4,0.014760147601476014,35.055350553505534,5,0.03857552325482258,0.10292341710174052,28,0.057044458000007126
t=0.02|d=0.90|tol=1e-06|iter=1000|words=100|mmr=0.70,train,d108g,converged,0.02,0.9,1e-06,1000,100,True,0.7,0,5,0,0.0,0.0,0.0,0,0,0,100,1.0,216,5330,0.22954349698535745,6,0.027777777777777776,49.351851851851855,7,0.06312044501901114,0.18545858619457245,40,0.06514304199998833
t=0.02|d=0.90|tol=1e-06|iter=1000|words=100|mmr=0.70,train,d109h,converged,0.02,0.9,1e-06,1000,100,True,0.7,1,5,20,0.2,0.05,0.08000000000000002,0,0,1,99,0.99,143,3351,0.3300502314586822,0,0.0,46.86713286713287,1,0.02721052841462392,0.18993614624064137,19,0.02435233299999595
t=0.02|d=0.90|tol=1e-06|iter=1000|words=100|mmr=0.70,train,d110h,converged,0.02,0.9,1e-06,1000,100,True,0.7,1,5,20,0.2,0.05,0.08000000000000002,0,1,1,100,1.0,453,23110,0.22573209087889975,2,0.004415011037527594,102.03090507726269,4,0.07221491561784345,0.17621645683465142,24,0.18421495800001253
t=0.02|d=0.90|tol=1e-06|iter=1000|words=100|mmr=0.70,train,d111h,converged,0.02,0.9,1e-06,1000,100,True,0.7,1,4,14,0.25,0.07142857142857142,0.11111111111111112,1,1,1,100,1.0,214,2837,0.12447896099337458,5,0.02336448598130841,26.514018691588785,6,0.06902741934196678,0.23094549326181563,22,0.03264475000000289
t=0.02|d=0.90|tol=1e-08|iter=100|words=100|mmr=0.70,train,d061j,converged,0.02,0.9,1e-08,100,100,True,0.7,1,5,18,0.2,0.05555555555555555,0.08695652173913045,0,0,1,99,0.99,186,4037,0.23464109270560884,1,0.005376344086021506,43.40860215053763,2,0.13429842620730287,0.45430454776676077,34,0.03871991700000876
t=0.02|d=0.90|tol=1e-08|iter=100|words=100|mmr=0.70,train,d062j,converged,0.02,0.9,1e-08,100,100,True,0.7,0,6,0,0.0,0.0,0.0,0,0,0,99,0.99,120,1653,0.23151260504201682,2,0.016666666666666666,27.55,3,0.047345794531246606,0.24710351783829648,25,0.016045666999985997
t=0.02|d=0.90|tol=1e-08|iter=100|words=100|mmr=0.70,train,d063j,converged,0.02,0.9,1e-08,100,100,True,0.7,0,3,18,0.0,0.0,0.0,0,0,0,100,1.0,253,4848,0.1520798042537173,3,0.011857707509881422,38.32411067193676,4,0.22152607046561681,0.3530378592180876,47,0.06445787500001643
t=0.02|d=0.90|tol=1e-08|iter=100|words=100|mmr=0.70,train,d064j,converged,0.02,0.9,1e-08,100,100,True,0.7,1,7,19,0.14285714285714285,0.05263157894736842,0.07692307692307693,1,1,1,100,1.0,199,3319,0.1684686056545353,2,0.010050251256281407,33.35678391959799,3,0.05058519596002425,0.17190936472085516,22,0.03251758400000426
t=0.02|d=0.90|tol=1e-08|iter=100|words=100|mmr=0.70,train,d065j,converged,0.02,0.9,1e-08,100,100,True,0.7,1,8,12,0.125,0.08333333333333333,0.1,1,1,1,100,1.0,309,6864,0.14424410540915394,13,0.042071197411003236,44.42718446601942,15,0.04061715642245301,0.2423033159520457,42,0.08654270799999608
t=0.02|d=0.90|tol=1e-08|iter=100|words=100|mmr=0.70,train,d066j,converged,0.02,0.9,1e-08,100,100,True,0.7,0,5,19,0.0,0.0,0.0,0,0,0,100,1.0,204,3853,0.18608132908335748,5,0.024509803921568627,37.77450980392157,6,0.04248254556818008,0.23638592932847835,77,0.06604674999999816
t=0.02|d=0.90|tol=1e-08|iter=100|words=100|mmr=0.70,train,d067f,converged,0.02,0.9,1e-08,100,100,True,0.7,0,3,0,0.0,0.0,0.0,0,0,0,99,0.99,134,2185,0.24520255863539445,3,0.022388059701492536,32.61194029850746,4,0.1033119210570852,0.1670610438990799,89,0.040840458999980456
t=0.02|d=0.90|tol=1e-08|iter=100|words=100|mmr=0.70,train,d068f,converged,0.02,0.9,1e-08,100,100,True,0.7,0,7,0,0.0,0.0,0.0,0,0,0,100,1.0,136,2364,0.257516339869281,4,0.029411764705882353,34.76470588235294,5,0.1277819010135278,0.9999999999999999,43,0.02638179199999513
t=0.02|d=0.90|tol=1e-08|iter=100|words=100|mmr=0.70,train,d069f,converged,0.02,0.9,1e-08,100,100,True,0.7,0,4,14,0.0,0.0,0.0,0,0,0,100,1.0,331,13715,0.2511214867710336,1,0.0030211480362537764,82.87009063444108,2,0.0994082559769004,0.13673162467158978,17,0.09421104200001196
t=0.02|d=0.90|tol=1e-08|iter=100|words=100|mmr=0.70,train,d070f,converged,0.02,0.9,1e-08,100,100,True,0.7,1,7,16,0.14285714285714285,0.0625,0.08695652173913043,1,1,1,100,1.0,167,3139,0.2264627371762499,8,0.04790419161676647,37.59281437125748,9,0.052971820844836065,0.3394669290404032,38,0.03278349999999364
t=0.02|d=0.90|tol=1e-08|iter=100|words=100|mmr=0.70,train,d071f,converged,0.02,0.9,1e-08,100,100,True,0.7,0,5,0,0.0,0.0,0.0,0,0,0,100,1.0,155,1238,0.10372852953498114,17,0.10967741935483871,15.974193548387097,22,0.04072328162753003,0.12346416812998832,87,0.028287083999998686
t=0.02|d=0.90|tol=1e-08|iter=100|words=100|mmr=0.70,train,d072f,converged,0.02,0.9,1e-08,100,100,True,0.7,0,7,0,0.0,0.0,0.0,0,0,0,100,1.0,378,10214,0.14334835024490197,5,0.013227513227513227,54.042328042328045,7,0.10569254796305809,0.6401152146171181,25,0.10808758299998544
t=0.02|d=0.90|tol=1e-08|iter=100|words=100|mmr=0.70,train,d073b,converged,0.02,0.9,1e-08,100,100,True,0.7,1,7,12,0.14285714285714285,0.08333333333333333,0.10526315789473685,1,1,1,100,1.0,253,3704,0.11619298575820315,12,0.04743083003952569,29.280632411067195,18,0.08202248438226749,0.44999408702453453,96,0.08229483300002016
t=0.02|d=0.90|tol=1e-08|iter=100|words=100|mmr=0.70,train,d074b,not_converged,0.02,0.9,1e-08,100,100,True,0.7,0,0,0,0.0,0.0,0.0,0,0,0,0,0.0,0,0,0.0,0,0.0,0.0,0,0.0,0.0,100,0.0
t=0.02|d=0.90|tol=1e-08|iter=100|words=100|mmr=0.70,train,d075b,converged,0.02,0.9,1e-08,100,100,True,0.7,1,6,13,0.16666666666666666,0.07692307692307693,0.10526315789473684,0,1,1,100,1.0,277,10963,0.28679432846753516,1,0.0036101083032490976,79.15523465703971,2,0.041709678174563725,0.1746525119154121,21,0.11866841700000919
t=0.02|d=0.90|tol=1e-08|iter=100|words=100|mmr=0.70,train,d076b,converged,0.02,0.9,1e-08,100,100,True,0.7,0,8,13,0.0,0.0,0.0,0,0,0,100,1.0,323,8152,0.15676018691229351,4,0.01238390092879257,50.476780185758514,5,0.08290528595602517,0.24207705704771784,27,0.08602066599999603
t=0.02|d=0.90|tol=1e-08|iter=100|words=100|mmr=0.70,train,d077b,converged,0.02,0.9,1e-08,100,100,True,0.7,1,4,14,0.25,0.07142857142857142,0.11111111111111112,0,1,1,99,0.99,340,10608,0.184070796460177,1,0.0029411764705882353,62.4,2,0.12077568172187715,0.1548717551888946,27,0.09812412500002665
t=0.02|d=0.90|tol=1e-08|iter=100|words=100|mmr=0.70,train,d078b,converged,0.02,0.9,1e-08,100,100,True,0.7,0,5,0,0.0,0.0,0.0,0,0,0,100,1.0,276,5670,0.14940711462450593,1,0.0036231884057971015,41.08695652173913,2,0.09162436232222049,0.17916059524736813,30,0.06139108400000737
t=0.02|d=0.90|tol=1e-08|iter=100|words=100|mmr=0.70,train,d079a,converged,0.02,0.9,1e-08,100,100,True,0.7,1,4,14,0.25,0.07142857142857142,0.11111111111111112,1,1,1,99,0.99,316,11902,0.23914004420333534,1,0.0031645569620253164,75.32911392405063,2,0.08253917533593627,0.2305527285940876,27,0.09985645800000498
t=0.02|d=0.90|tol=1e-08|iter=100|words=100|mmr=0.70,train,d080a,converged,0.02,0.9,1e-08,100,100,True,0.7,1,5,10,0.2,0.1,0.13333333333333333,0,1,1,100,1.0,557,23902,0.1543598155586841,3,0.005385996409335727,85.82405745062836,4,0.17500286322707675,0.44325961017662285,28,0.2879639159999954
t=0.02|d=0.90|tol=1e-08|iter=100|words=100|mmr=0.70,train,d081a,converged,0.02,0.9,1e-08,100,100,True,0.7,0,5,17,0.0,0.0,0.0,0,0,0,100,1.0,299,9891,0.2220152185136136,8,0.026755852842809364,66.16053511705685,9,0.07214056721942197,0.18442328453737752,55,0.12650770900000907
t=0.02|d=0.90|tol=1e-08|iter=100|words=100|mmr=0.70,train,d082a,converged,0.02,0.9,1e-08,100,100,True,0.7,2,4,12,0.5,0.16666666666666666,0.25,1,1,1,100,1.0,209,4162,0.19147957305852042,0,0.0,39.82775119617225,2,0.06259706221261174,0.16886778933960314,22,0.039274832999979026
t=0.02|d=0.90|tol=1e-08|iter=100|words=100|mmr=0.70,train,d083a,converged,0.02,0.9,1e-08,100,100,True,0.7,0,4,17,0.0,0.0,0.0,0,0,0,100,1.0,224,5878,0.23534593209481103,1,0.004464285714285714,52.482142857142854,2,0.11609824027842675,0.23149666450745623,41,0.0673242089999917
t=0.02|d=0.90|tol=1e-08|iter=100|words=100|mmr=0.70,train,d084a,converged,0.02,0.9,1e-08,100,100,True,0.7,0,7,0,0.0,0.0,0.0,0,0,0,100,1.0,366,14382,0.21531551762856502,2,0.00546448087431694,78.59016393442623,5,0.1015663924408795,0.26512441540086007,48,0.17232866699998795
t=0.02|d=0.90|tol=1e-08|iter=100|words=100|mmr=0.70,train,d085d,converged,0.02,0.9,1e-08,100,100,True,0.7,0,5,0,0.0,0.0,0.0,0,0,0,100,1.0,224,4446,0.17801089045483665,1,0.004464285714285714,39.69642857142857,2,0.14240203021260536,0.5758265182499325,30,0.047100875000012365
t=0.02|d=0.90|tol=1e-08|iter=100|words=100|mmr=0.70,train,d086d,converged,0.02,0.9,1e-08,100,100,True,0.7,0,3,0,0.0,0.0,0.0,0,0,0,100,1.0,416,18314,0.2121640407784986,0,0.0,88.04807692307692,2,0.00267820437815618,0.00803461313446854,31,0.1718333749999772
t=0.02|d=0.90|tol=1e-08|iter=100|words=100|mmr=0.70,train,d087d,not_converged,0.02,0.9,1e-08,100,100,True,0.7,0,0,17,0.0,0.0,0.0,0,0,0,0,0.0,0,0,0.0,0,0.0,0.0,0,0.0,0.0,100,0.0
t=0.02|d=0.90|tol=1e-08|iter=100|words=100|mmr=0.70,train,d089d,converged,0.02,0.9,1e-08,100,100,True,0.7,0,6,18,0.0,0.0,0.0,0,0,0,100,1.0,386,12656,0.170325011775789,2,0.0051813471502590676,65.57512953367876,3,0.06899100443670252,0.20870182526366293,35,0.13852204200000529
t=0.02|d=0.90|tol=1e-08|iter=100|words=100|mmr=0.70,train,d090d,converged,0.02,0.9,1e-08,100,100,True,0.7,0,8,0,0.0,0.0,0.0,0,0,0,99,0.99,261,6833,0.20138520483348069,5,0.019157088122605363,52.36015325670498,6,0.22843082621522987,1.0,27,0.0620162920000098
t=0.02|d=0.90|tol=1e-08|iter=100|words=100|mmr=0.70,train,d091c,converged,0.02,0.9,1e-08,100,100,True,0.7,1,6,13,0.16666666666666666,0.07692307692307693,0.10526315789473684,0,1,1,100,1.0,280,7766,0.19882232462877625,1,0.0035714285714285713,55.47142857142857,3,0.04301737120655953,0.16965990484051685,42,0.08630037500000753
t=0.02|d=0.90|tol=1e-08|iter=100|words=100|mmr=0.70,train,d092c,converged,0.02,0.9,1e-08,100,100,True,0.7,0,8,19,0.0,0.0,0.0,0,0,0,100,1.0,291,5913,0.14013508709562744,11,0.037800687285223365,40.63917525773196,13,0.0933455163292348,0.4424510364173557,82,0.11453058299997565
t=0.02|d=0.90|tol=1e-08|iter=100|words=100|mmr=0.70,train,d093c,converged,0.02,0.9,1e-08,100,100,True,0.7,1,7,18,0.14285714285714285,0.05555555555555555,0.08,1,1,1,100,1.0,264,4181,0.12043438184122594,7,0.026515151515151516,31.674242424242426,14,0.08496133886243512,0.45410082900530824,79,0.08075766700000031
t=0.02|d=0.90|tol=1e-08|iter=100|words=100|mmr=0.70,train,d094c,converged,0.02,0.9,1e-08,100,100,True,0.7,2,4,10,0.5,0.2,0.28571428571428575,1,1,1,100,1.0,185,3542,0.20810810810810812,5,0.02702702702702703,38.29189189189189,6,0.06627974988669451,0.12669659804914624,28,0.0338245830000119
t=0.02|d=0.90|tol=1e-08|iter=100|words=100|mmr=0.70,train,d095c,converged,0.02,0.9,1e-08,100,100,True,0.7,1,5,13,0.2,0.07692307692307693,0.1111111111111111,0,0,1,99,0.99,240,4223,0.14724546722454673,4,0.016666666666666666,35.19166666666667,5,0.07469251204041197,0.265407035830987,41,0.05329804200002286
t=0.02|d=0.90|tol=1e-08|iter=100|words=100|mmr=0.70,train,d096c,converged,0.02,0.9,1e-08,100,100,True,0.7,1,12,15,0.08333333333333333,0.06666666666666667,0.07407407407407407,0,0,0,100,1.0,274,5372,0.14363252319456699,11,0.040145985401459854,39.21167883211679,17,0.14437723584712367,1.0,55,0.07777462499998933
t=0.02|d=0.90|tol=1e-08|iter=100|words=100|mmr=0.70,train,d097e,converged,0.02,0.9,1e-08,100,100,True,0.7,0,5,0,0.0,0.0,0.0,0,0,0,100,1.0,225,4651,0.18456349206349207,3,0.013333333333333334,41.34222222222222,4,0.03480704537638372,0.24086354009587335,29,0.04745229200000267
t=0.02|d=0.90|tol=1e-08|iter=100|words=100|mmr=0.70,train,d098e,converged,0.02,0.9,1e-08,100,100,True,0.7,0,4,0,0.0,0.0,0.0,0,0,0,100,1.0,454,19366,0.18832842236290612,1,0.0022026431718061676,85.31277533039648,4,0.04946827207037862,0.11936630012097926,47,0.24906108299998664
t=0.02|d=0.90|tol=1e-08|iter=100|words=100|mmr=0.70,train,d099e,converged,0.02,0.9,1e-08,100,100,True,0.7,2,4,20,0.5,0.1,0.16666666666666669,0,1,1,100,1.0,469,12534,0.11420917391066644,12,0.0255863539445629,53.449893390191896,15,0.0761726512431724,0.2092957886755061,58,0.2050026250000201
t=0.02|d=0.90|tol=1e-08|iter=100|words=100|mmr=0.70,train,d100e,converged,0.02,0.9,1e-08,100,100,True,0.7,0,5,10,0.0,0.0,0.0,0,0,0,100,1.0,592,20820,0.11901495404033476,11,0.018581081081081082,70.33783783783784,12,0.07268517558852014,0.2570884255951601,44,0.2828246250000177
t=0.02|d=0.90|tol=1e-08|iter=100|words=100|mmr=0.70,train,d101e,converged,0.02,0.9,1e-08,100,100,True,0.7,1,6,10,0.16666666666666666,0.1,0.125,0,0,1,100,1.0,514,15876,0.12041777595740323,12,0.023346303501945526,61.77431906614786,20,0.0363764858387686,0.15412488981132985,100,0.3515429999999924
t=0.02|d=0.90|tol=1e-08|iter=100|words=100|mmr=0.70,train,d102e,not_converged,0.02,0.9,1e-08,100,100,True,0.7,0,0,16,0.0,0.0,0.0,0,0,0,0,0.0,0,0,0.0,0,0.0,0.0,0,0.0,0.0,100,0.0
t=0.02|d=0.90|tol=1e-08|iter=100|words=100|mmr=0.70,train,d103g,converged,0.02,0.9,1e-08,100,100,True,0.7,0,9,18,0.0,0.0,0.0,0,0,0,100,1.0,219,4611,0.19316325248209124,8,0.0365296803652968,42.10958904109589,10,0.09878986517077659,1.0,74,0.07448558399997296
t=0.02|d=0.90|tol=1e-08|iter=100|words=100|mmr=0.70,train,d104g,converged,0.02,0.9,1e-08,100,100,True,0.7,0,7,0,0.0,0.0,0.0,0,0,0,100,1.0,352,14370,0.23261460761460762,0,0.0,81.64772727272727,1,0.10710099299344258,0.26471794472401455,44,0.16047379100001535
t=0.02|d=0.90|tol=1e-08|iter=100|words=100|mmr=0.70,train,d105g,converged,0.02,0.9,1e-08,100,100,True,0.7,0,4,11,0.0,0.0,0.0,0,0,0,100,1.0,266,5909,0.16765498652291105,4,0.015037593984962405,44.42857142857143,5,0.04045106851263574,0.08887360414854518,80,0.10823700000000258
t=0.02|d=0.90|tol=1e-08|iter=100|words=100|mmr=0.70,train,d106g,converged,0.02,0.9,1e-08,100,100,True,0.7,0,5,0,0.0,0.0,0.0,0,0,0,100,1.0,237,4067,0.14542658943002218,16,0.06751054852320675,34.32067510548523,17,0.0781676414471939,0.23708289736651472,47,0.0537902499999916
t=0.02|d=0.90|tol=1e-08|iter=100|words=100|mmr=0.70,train,d107g,converged,0.02,0.9,1e-08,100,100,True,0.7,2,5,12,0.4,0.16666666666666666,0.23529411764705882,1,1,1,100,1.0,271,4750,0.12983463167965012,4,0.014760147601476014,35.055350553505534,5,0.03857552325482258,0.10292341710174052,42,0.06530958299998701
t=0.02|d=0.90|tol=1e-08|iter=100|words=100|mmr=0.70,train,d108g,converged,0.02,0.9,1e-08,100,100,True,0.7,0,5,0,0.0,0.0,0.0,0,0,0,100,1.0,216,5330,0.22954349698535745,6,0.027777777777777776,49.351851851851855,7,0.06312044501901114,0.18545858619457245,66,0.07482204100000445
t=0.02|d=0.90|tol=1e-08|iter=100|words=100|mmr=0.70,train,d109h,converged,0.02,0.9,1e-08,100,100,True,0.7,1,5,20,0.2,0.05,0.08000000000000002,0,0,1,99,0.99,143,3351,0.3300502314586822,0,0.0,46.86713286713287,1,0.02721052841462392,0.18993614624064137,27,0.027308874999988575
t=0.02|d=0.90|tol=1e-08|iter=100|words=100|mmr=0.70,train,d110h,converged,0.02,0.9,1e-08,100,100,True,0.7,1,5,20,0.2,0.05,0.08000000000000002,0,1,1,100,1.0,453,23110,0.22573209087889975,2,0.004415011037527594,102.03090507726269,4,0.07221491561784345,0.17621645683465142,38,0.23585866700000224
t=0.02|d=0.90|tol=1e-08|iter=100|words=100|mmr=0.70,train,d111h,converged,0.02,0.9,1e-08,100,100,True,0.7,1,4,14,0.25,0.07142857142857142,0.11111111111111112,1,1,1,100,1.0,214,2837,0.12447896099337458,5,0.02336448598130841,26.514018691588785,6,0.06902741934196678,0.23094549326181563,31,0.03663608300001897
t=0.02|d=0.90|tol=1e-08|iter=300|words=100|mmr=0.70,train,d061j,converged,0.02,0.9,1e-08,300,100,True,0.7,1,5,18,0.2,0.05555555555555555,0.08695652173913045,0,0,1,99,0.99,186,4037,0.23464109270560884,1,0.005376344086021506,43.40860215053763,2,0.13429842620730287,0.45430454776676077,34,0.039373665999988816
t=0.02|d=0.90|tol=1e-08|iter=300|words=100|mmr=0.70,train,d062j,converged,0.02,0.9,1e-08,300,100,True,0.7,0,6,0,0.0,0.0,0.0,0,0,0,99,0.99,120,1653,0.23151260504201682,2,0.016666666666666666,27.55,3,0.047345794531246606,0.24710351783829648,25,0.01593816600001219
t=0.02|d=0.90|tol=1e-08|iter=300|words=100|mmr=0.70,train,d063j,converged,0.02,0.9,1e-08,300,100,True,0.7,0,3,18,0.0,0.0,0.0,0,0,0,100,1.0,253,4848,0.1520798042537173,3,0.011857707509881422,38.32411067193676,4,0.22152607046561681,0.3530378592180876,47,0.06477666700001805
t=0.02|d=0.90|tol=1e-08|iter=300|words=100|mmr=0.70,train,d064j,converged,0.02,0.9,1e-08,300,100,True,0.7,1,7,19,0.14285714285714285,0.05263157894736842,0.07692307692307693,1,1,1,100,1.0,199,3319,0.1684686056545353,2,0.010050251256281407,33.35678391959799,3,0.05058519596002425,0.17190936472085516,22,0.03253595800001108
t=0.02|d=0.90|tol=1e-08|iter=300|words=100|mmr=0.70,train,d065j,converged,0.02,0.9,1e-08,300,100,True,0.7,1,8,12,0.125,0.08333333333333333,0.1,1,1,1,100,1.0,309,6864,0.14424410540915394,13,0.042071197411003236,44.42718446601942,15,0.04061715642245301,0.2423033159520457,42,0.0874852500000145
t=0.02|d=0.90|tol=1e-08|iter=300|words=100|mmr=0.70,train,d066j,converged,0.02,0.9,1e-08,300,100,True,0.7,0,5,19,0.0,0.0,0.0,0,0,0,100,1.0,204,3853,0.18608132908335748,5,0.024509803921568627,37.77450980392157,6,0.04248254556818008,0.23638592932847835,77,0.06680054199998153
t=0.02|d=0.90|tol=1e-08|iter=300|words=100|mmr=0.70,train,d067f,converged,0.02,0.9,1e-08,300,100,True,0.7,0,3,0,0.0,0.0,0.0,0,0,0,99,0.99,134,2185,0.24520255863539445,3,0.022388059701492536,32.61194029850746,4,0.1033119210570852,0.1670610438990799,89,0.040039833000008684
t=0.02|d=0.90|tol=1e-08|iter=300|words=100|mmr=0.70,train,d068f,converged,0.02,0.9,1e-08,300,100,True,0.7,0,7,0,0.0,0.0,0.0,0,0,0,100,1.0,136,2364,0.257516339869281,4,0.029411764705882353,34.76470588235294,5,0.1277819010135278,0.9999999999999999,43,0.026203542000018842
t=0.02|d=0.90|tol=1e-08|iter=300|words=100|mmr=0.70,train,d069f,converged,0.02,0.9,1e-08,300,100,True,0.7,0,4,14,0.0,0.0,0.0,0,0,0,100,1.0,331,13715,0.2511214867710336,1,0.0030211480362537764,82.87009063444108,2,0.0994082559769004,0.13673162467158978,17,0.09424112499999637
t=0.02|d=0.90|tol=1e-08|iter=300|words=100|mmr=0.70,train,d070f,converged,0.02,0.9,1e-08,300,100,True,0.7,1,7,16,0.14285714285714285,0.0625,0.08695652173913043,1,1,1,100,1.0,167,3139,0.2264627371762499,8,0.04790419161676647,37.59281437125748,9,0.052971820844836065,0.3394669290404032,38,0.03337962500000913
t=0.02|d=0.90|tol=1e-08|iter=300|words=100|mmr=0.70,train,d071f,converged,0.02,0.9,1e-08,300,100,True,0.7,0,5,0,0.0,0.0,0.0,0,0,0,100,1.0,155,1238,0.10372852953498114,17,0.10967741935483871,15.974193548387097,22,0.04072328162753003,0.12346416812998832,87,0.02770333300000516
t=0.02|d=0.90|tol=1e-08|iter=300|words=100|mmr=0.70,train,d072f,converged,0.02,0.9,1e-08,300,100,True,0.7,0,7,0,0.0,0.0,0.0,0,0,0,100,1.0,378,10214,0.14334835024490197,5,0.013227513227513227,54.042328042328045,7,0.10569254796305809,0.6401152146171181,25,0.1082370830000059
t=0.02|d=0.90|tol=1e-08|iter=300|words=100|mmr=0.70,train,d073b,converged,0.02,0.9,1e-08,300,100,True,0.7,1,7,12,0.14285714285714285,0.08333333333333333,0.10526315789473685,1,1,1,100,1.0,253,3704,0.11619298575820315,12,0.04743083003952569,29.280632411067195,18,0.08202248438226749,0.44999408702453453,96,0.08022858300000735
t=0.02|d=0.90|tol=1e-08|iter=300|words=100|mmr=0.70,train,d074b,converged,0.02,0.9,1e-08,300,100,True,0.7,0,8,0,0.0,0.0,0.0,0,0,0,100,1.0,256,2940,0.0900735294117647,10,0.0390625,22.96875,22,0.048995293127048346,0.41238301648149467,108,0.07356220799999846
t=0.02|d=0.90|tol=1e-08|iter=300|words=100|mmr=0.70,train,d075b,converged,0.02,0.9,1e-08,300,100,True,0.7,1,6,13,0.16666666666666666,0.07692307692307693,0.10526315789473684,0,1,1,100,1.0,277,10963,0.28679432846753516,1,0.0036101083032490976,79.15523465703971,2,0.041709678174563725,0.1746525119154121,21,0.07377854200001366
t=0.02|d=0.90|tol=1e-08|iter=300|words=100|mmr=0.70,train,d076b,converged,0.02,0.9,1e-08,300,100,True,0.7,0,8,13,0.0,0.0,0.0,0,0,0,100,1.0,323,8152,0.15676018691229351,4,0.01238390092879257,50.476780185758514,5,0.08290528595602517,0.24207705704771784,27,0.08737604199998827
t=0.02|d=0.90|tol=1e-08|iter=300|words=100|mmr=0.70,train,d077b,converged,0.02,0.9,1e-08,300,100,True,0.7,1,4,14,0.25,0.07142857142857142,0.11111111111111112,0,1,1,99,0.99,340,10608,0.184070796460177,1,0.0029411764705882353,62.4,2,0.12077568172187715,0.1548717551888946,27,0.09645841600001859
t=0.02|d=0.90|tol=1e-08|iter=300|words=100|mmr=0.70,train,d078b,converged,0.02,0.9,1e-08,300,100,True,0.7,0,5,0,0.0,0.0,0.0,0,0,0,100,1.0,276,5670,0.14940711462450593,1,0.0036231884057971015,41.08695652173913,2,0.09162436232222049,0.17916059524736813,30,0.06041708300000437
t=0.02|d=0.90|tol=1e-08|iter=300|words=100|mmr=0.70,train,d079a,converged,0.02,0.9,1e-08,300,100,True,0.7,1,4,14,0.25,0.07142857142857142,0.11111111111111112,1,1,1,99,0.99,316,11902,0.23914004420333534,1,0.0031645569620253164,75.32911392405063,2,0.08253917533593627,0.2305527285940876,27,0.09797779199999468
t=0.02|d=0.90|tol=1e-08|iter=300|words=100|mmr=0.70,train,d080a,converged,0.02,0.9,1e-08,300,100,True,0.7,1,5,10,0.2,0.1,0.13333333333333333,0,1,1,100,1.0,557,23902,0.1543598155586841,3,0.005385996409335727,85.82405745062836,4,0.17500286322707675,0.44325961017662285,28,0.2426522920000025
t=0.02|d=0.90|tol=1e-08|iter=300|words=100|mmr=0.70,train,d081a,converged,0.02,0.9,1e-08,300,100,True,0.7,0,5,17,0.0,0.0,0.0,0,0,0,100,1.0,299,9891,0.2220152185136136,8,0.026755852842809364,66.16053511705685,9,0.07214056721942197,0.18442328453737752,55,0.12488049999998907
t=0.02|d=0.90|tol=1e-08|iter=300|words=100|mmr=0.70,train,d082a,converged,0.02,0.9,1e-08,300,100,True,0.7,2,4,12,0.5,0.16666666666666666,0.25,1,1,1,100,1.0,209,4162,0.19147957305852042,0,0.0,39.82775119617225,2,0.06259706221261174,0.16886778933960314,22,0.04008362499999407
t=0.02|d=0.90|tol=1e-08|iter=300|words=100|mmr=0.70,train,d083a,converged,0.02,0.9,1e-08,300,100,True,0.7,0,4,17,0.0,0.0,0.0,0,0,0,100,1.0,224,5878,0.23534593209481103,1,0.004464285714285714,52.482142857142854,2,0.11609824027842675,0.23149666450745623,41,0.06869875000001002
t=0.02|d=0.90|tol=1e-08|iter=300|words=100|mmr=0.70,train,d084a,converged,0.02,0.9,1e-08,300,100,True,0.7,0,7,0,0.0,0.0,0.0,0,0,0,100,1.0,366,14382,0.21531551762856502,2,0.00546448087431694,78.59016393442623,5,0.1015663924408795,0.26512441540086007,48,0.17438866699998812
t=0.02|d=0.90|tol=1e-08|iter=300|words=100|mmr=0.70,train,d085d,converged,0.02,0.9,1e-08,300,100,True,0.7,0,5,0,0.0,0.0,0.0,0,0,0,100,1.0,224,4446,0.17801089045483665,1,0.004464285714285714,39.69642857142857,2,0.14240203021260536,0.5758265182499325,30,0.04607529099999397
t=0.02|d=0.90|tol=1e-08|iter=300|words=100|mmr=0.70,train,d086d,converged,0.02,0.9,1e-08,300,100,True,0.7,0,3,0,0.0,0.0,0.0,0,0,0,100,1.0,416,18314,0.2121640407784986,0,0.0,88.04807692307692,2,0.00267820437815618,0.00803461313446854,31,0.1664346670000043
t=0.02|d=0.90|tol=1e-08|iter=300|words=100|mmr=0.70,train,d087d,converged,0.02,0.9,1e-08,300,100,True,0.7,1,7,17,0.14285714285714285,0.058823529411764705,0.08333333333333333,0,1,1,100,1.0,292,7045,0.16581932872004895,4,0.0136986301369863,48.25342465753425,6,0.045442138418619646,0.22427752557709513,128,0.1789116249999836
t=0.02|d=0.90|tol=1e-08|iter=300|words=100|mmr=0.70,train,d089d,converged,0.02,0.9,1e-08,300,100,True,0.7,0,6,18,0.0,0.0,0.0,0,0,0,100,1.0,386,12656,0.170325011775789,2,0.0051813471502590676,65.57512953367876,3,0.06899100443670252,0.20870182526366293,35,0.1639641250000068
t=0.02|d=0.90|tol=1e-08|iter=300|words=100|mmr=0.70,train,d090d,converged,0.02,0.9,1e-08,300,100,True,0.7,0,8,0,0.0,0.0,0.0,0,0,0,99,0.99,261,6833,0.20138520483348069,5,0.019157088122605363,52.36015325670498,6,0.22843082621522987,1.0,27,0.06916383399999404
t=0.02|d=0.90|tol=1e-08|iter=300|words=100|mmr=0.70,train,d091c,converged,0.02,0.9,1e-08,300,100,True,0.7,1,6,13,0.16666666666666666,0.07692307692307693,0.10526315789473684,0,1,1,100,1.0,280,7766,0.19882232462877625,1,0.0035714285714285713,55.47142857142857,3,0.04301737120655953,0.16965990484051685,42,0.08563062499999319
t=0.02|d=0.90|tol=1e-08|iter=300|words=100|mmr=0.70,train,d092c,converged,0.02,0.9,1e-08,300,100,True,0.7,0,8,19,0.0,0.0,0.0,0,0,0,100,1.0,291,5913,0.14013508709562744,11,0.037800687285223365,40.63917525773196,13,0.0933455163292348,0.4424510364173557,82,0.11116187500002184
t=0.02|d=0.90|tol=1e-08|iter=300|words=100|mmr=0.70,train,d093c,converged,0.02,0.9,1e-08,300,100,True,0.7,1,7,18,0.14285714285714285,0.05555555555555555,0.08,1,1,1,100,1.0,264,4181,0.12043438184122594,7,0.026515151515151516,31.674242424242426,14,0.08496133886243512,0.45410082900530824,79,0.07920229200001927
t=0.02|d=0.90|tol=1e-08|iter=300|words=100|mmr=0.70,train,d094c,converged,0.02,0.9,1e-08,300,100,True,0.7,2,4,10,0.5,0.2,0.28571428571428575,1,1,1,100,1.0,185,3542,0.20810810810810812,5,0.02702702702702703,38.29189189189189,6,0.06627974988669451,0.12669659804914624,28,0.03360370799998691
t=0.02|d=0.90|tol=1e-08|iter=300|words=100|mmr=0.70,train,d095c,converged,0.02,0.9,1e-08,300,100,True,0.7,1,5,13,0.2,0.07692307692307693,0.1111111111111111,0,0,1,99,0.99,240,4223,0.14724546722454673,4,0.016666666666666666,35.19166666666667,5,0.07469251204041197,0.265407035830987,41,0.052794375000019045
t=0.02|d=0.90|tol=1e-08|iter=300|words=100|mmr=0.70,train,d096c,converged,0.02,0.9,1e-08,300,100,True,0.7,1,12,15,0.08333333333333333,0.06666666666666667,0.07407407407407407,0,0,0,100,1.0,274,5372,0.14363252319456699,11,0.040145985401459854,39.21167883211679,17,0.14437723584712367,1.0,55,0.0780284159999951
t=0.02|d=0.90|tol=1e-08|iter=300|words=100|mmr=0.70,train,d097e,converged,0.02,0.9,1e-08,300,100,True,0.7,0,5,0,0.0,0.0,0.0,0,0,0,100,1.0,225,4651,0.18456349206349207,3,0.013333333333333334,41.34222222222222,4,0.03480704537638372,0.24086354009587335,29,0.0478668330000005
t=0.02|d=0.90|tol=1e-08|iter=300|words=100|mmr=0.70,train,d098e,converged,0.02,0.9,1e-08,300,100,True,0.7,0,4,0,0.0,0.0,0.0,0,0,0,100,1.0,454,19366,0.18832842236290612,1,0.0022026431718061676,85.31277533039648,4,0.04946827207037862,0.11936630012097926,47,0.2406818340000143
t=0.02|d=0.90|tol=1e-08|iter=300|words=100|mmr=0.70,train,d099e,converged,0.02,0.9,1e-08,300,100,True,0.7,2,4,20,0.5,0.1,0.16666666666666669,0,1,1,100,1.0,469,12534,0.11420917391066644,12,0.0255863539445629,53.449893390191896,15,0.0761726512431724,0.2092957886755061,58,0.20607975000001488
t=0.02|d=0.90|tol=1e-08|iter=300|words=100|mmr=0.70,train,d100e,converged,0.02,0.9,1e-08,300,100,True,0.7,0,5,10,0.0,0.0,0.0,0,0,0,100,1.0,592,20820,0.11901495404033476,11,0.018581081081081082,70.33783783783784,12,0.07268517558852014,0.2570884255951601,44,0.2832778750000102
t=0.02|d=0.90|tol=1e-08|iter=300|words=100|mmr=0.70,train,d101e,converged,0.02,0.9,1e-08,300,100,True,0.7,1,6,10,0.16666666666666666,0.1,0.125,0,0,1,100,1.0,514,15876,0.12041777595740323,12,0.023346303501945526,61.77431906614786,20,0.0363764858387686,0.15412488981132985,100,0.357963500000011
t=0.02|d=0.90|tol=1e-08|iter=300|words=100|mmr=0.70,train,d102e,converged,0.02,0.9,1e-08,300,100,True,0.7,0,7,16,0.0,0.0,0.0,0,0,0,100,1.0,678,30836,0.1343598994348658,3,0.004424778761061947,90.96165191740413,5,0.09378986319781865,0.2182847832217777,120,0.800522749999999
t=0.02|d=0.90|tol=1e-08|iter=300|words=100|mmr=0.70,train,d103g,converged,0.02,0.9,1e-08,300,100,True,0.7,0,9,18,0.0,0.0,0.0,0,0,0,100,1.0,219,4611,0.19316325248209124,8,0.0365296803652968,42.10958904109589,10,0.09878986517077659,1.0,74,0.08115575000002195
t=0.02|d=0.90|tol=1e-08|iter=300|words=100|mmr=0.70,train,d104g,converged,0.02,0.9,1e-08,300,100,True,0.7,0,7,0,0.0,0.0,0.0,0,0,0,100,1.0,352,14370,0.23261460761460762,0,0.0,81.64772727272727,1,0.10710099299344258,0.26471794472401455,44,0.20547450000000822
t=0.02|d=0.90|tol=1e-08|iter=300|words=100|mmr=0.70,train,d105g,converged,0.02,0.9,1e-08,300,100,True,0.7,0,4,11,0.0,0.0,0.0,0,0,0,100,1.0,266,5909,0.16765498652291105,4,0.015037593984962405,44.42857142857143,5,0.04045106851263574,0.08887360414854518,80,0.10802549999999655
t=0.02|d=0.90|tol=1e-08|iter=300|words=100|mmr=0.70,train,d106g,converged,0.02,0.9,1e-08,300,100,True,0.7,0,5,0,0.0,0.0,0.0,0,0,0,100,1.0,237,4067,0.14542658943002218,16,0.06751054852320675,34.32067510548523,17,0.0781676414471939,0.23708289736651472,47,0.054037166000000525
t=0.02|d=0.90|tol=1e-08|iter=300|words=100|mmr=0.70,train,d107g,converged,0.02,0.9,1e-08,300,100,True,0.7,2,5,12,0.4,0.16666666666666666,0.23529411764705882,1,1,1,100,1.0,271,4750,0.12983463167965012,4,0.014760147601476014,35.055350553505534,5,0.03857552325482258,0.10292341710174052,42,0.06396866700001169
t=0.02|d=0.90|tol=1e-08|iter=300|words=100|mmr=0.70,train,d108g,converged,0.02,0.9,1e-08,300,100,True,0.7,0,5,0,0.0,0.0,0.0,0,0,0,100,1.0,216,5330,0.22954349698535745,6,0.027777777777777776,49.351851851851855,7,0.06312044501901114,0.18545858619457245,66,0.07402945900000191
t=0.02|d=0.90|tol=1e-08|iter=300|words=100|mmr=0.70,train,d109h,converged,0.02,0.9,1e-08,300,100,True,0.7,1,5,20,0.2,0.05,0.08000000000000002,0,0,1,99,0.99,143,3351,0.3300502314586822,0,0.0,46.86713286713287,1,0.02721052841462392,0.18993614624064137,27,0.027343833000003315
t=0.02|d=0.90|tol=1e-08|iter=300|words=100|mmr=0.70,train,d110h,converged,0.02,0.9,1e-08,300,100,True,0.7,1,5,20,0.2,0.05,0.08000000000000002,0,1,1,100,1.0,453,23110,0.22573209087889975,2,0.004415011037527594,102.03090507726269,4,0.07221491561784345,0.17621645683465142,38,0.2540270000000078
t=0.02|d=0.90|tol=1e-08|iter=300|words=100|mmr=0.70,train,d111h,converged,0.02,0.9,1e-08,300,100,True,0.7,1,4,14,0.25,0.07142857142857142,0.11111111111111112,1,1,1,100,1.0,214,2837,0.12447896099337458,5,0.02336448598130841,26.514018691588785,6,0.06902741934196678,0.23094549326181563,31,0.037408375000012484
t=0.02|d=0.90|tol=1e-08|iter=1000|words=100|mmr=0.70,train,d061j,converged,0.02,0.9,1e-08,1000,100,True,0.7,1,5,18,0.2,0.05555555555555555,0.08695652173913045,0,0,1,99,0.99,186,4037,0.23464109270560884,1,0.005376344086021506,43.40860215053763,2,0.13429842620730287,0.45430454776676077,34,0.03926333300000806
t=0.02|d=0.90|tol=1e-08|iter=1000|words=100|mmr=0.70,train,d062j,converged,0.02,0.9,1e-08,1000,100,True,0.7,0,6,0,0.0,0.0,0.0,0,0,0,99,0.99,120,1653,0.23151260504201682,2,0.016666666666666666,27.55,3,0.047345794531246606,0.24710351783829648,25,0.018889375000014752
t=0.02|d=0.90|tol=1e-08|iter=1000|words=100|mmr=0.70,train,d063j,converged,0.02,0.9,1e-08,1000,100,True,0.7,0,3,18,0.0,0.0,0.0,0,0,0,100,1.0,253,4848,0.1520798042537173,3,0.011857707509881422,38.32411067193676,4,0.22152607046561681,0.3530378592180876,47,0.06432291600000895
t=0.02|d=0.90|tol=1e-08|iter=1000|words=100|mmr=0.70,train,d064j,converged,0.02,0.9,1e-08,1000,100,True,0.7,1,7,19,0.14285714285714285,0.05263157894736842,0.07692307692307693,1,1,1,100,1.0,199,3319,0.1684686056545353,2,0.010050251256281407,33.35678391959799,3,0.05058519596002425,0.17190936472085516,22,0.033109457999984215
t=0.02|d=0.90|tol=1e-08|iter=1000|words=100|mmr=0.70,train,d065j,converged,0.02,0.9,1e-08,1000,100,True,0.7,1,8,12,0.125,0.08333333333333333,0.1,1,1,1,100,1.0,309,6864,0.14424410540915394,13,0.042071197411003236,44.42718446601942,15,0.04061715642245301,0.2423033159520457,42,0.08797150000000897
t=0.02|d=0.90|tol=1e-08|iter=1000|words=100|mmr=0.70,train,d066j,converged,0.02,0.9,1e-08,1000,100,True,0.7,0,5,19,0.0,0.0,0.0,0,0,0,100,1.0,204,3853,0.18608132908335748,5,0.024509803921568627,37.77450980392157,6,0.04248254556818008,0.23638592932847835,77,0.06779633299998977
t=0.02|d=0.90|tol=1e-08|iter=1000|words=100|mmr=0.70,train,d067f,converged,0.02,0.9,1e-08,1000,100,True,0.7,0,3,0,0.0,0.0,0.0,0,0,0,99,0.99,134,2185,0.24520255863539445,3,0.022388059701492536,32.61194029850746,4,0.1033119210570852,0.1670610438990799,89,0.04192854199999374
t=0.02|d=0.90|tol=1e-08|iter=1000|words=100|mmr=0.70,train,d068f,converged,0.02,0.9,1e-08,1000,100,True,0.7,0,7,0,0.0,0.0,0.0,0,0,0,100,1.0,136,2364,0.257516339869281,4,0.029411764705882353,34.76470588235294,5,0.1277819010135278,0.9999999999999999,43,0.026827083000000584
t=0.02|d=0.90|tol=1e-08|iter=1000|words=100|mmr=0.70,train,d069f,converged,0.02,0.9,1e-08,1000,100,True,0.7,0,4,14,0.0,0.0,0.0,0,0,0,100,1.0,331,13715,0.2511214867710336,1,0.0030211480362537764,82.87009063444108,2,0.0994082559769004,0.13673162467158978,17,0.09571191699998849
t=0.02|d=0.90|tol=1e-08|iter=1000|words=100|mmr=0.70,train,d070f,converged,0.02,0.9,1e-08,1000,100,True,0.7,1,7,16,0.14285714285714285,0.0625,0.08695652173913043,1,1,1,100,1.0,167,3139,0.2264627371762499,8,0.04790419161676647,37.59281437125748,9,0.052971820844836065,0.3394669290404032,38,0.03306429099998809
t=0.02|d=0.90|tol=1e-08|iter=1000|words=100|mmr=0.70,train,d071f,converged,0.02,0.9,1e-08,1000,100,True,0.7,0,5,0,0.0,0.0,0.0,0,0,0,100,1.0,155,1238,0.10372852953498114,17,0.10967741935483871,15.974193548387097,22,0.04072328162753003,0.12346416812998832,87,0.028045833999982506
t=0.02|d=0.90|tol=1e-08|iter=1000|words=100|mmr=0.70,train,d072f,converged,0.02,0.9,1e-08,1000,100,True,0.7,0,7,0,0.0,0.0,0.0,0,0,0,100,1.0,378,10214,0.14334835024490197,5,0.013227513227513227,54.042328042328045,7,0.10569254796305809,0.6401152146171181,25,0.12980970899999988
t=0.02|d=0.90|tol=1e-08|iter=1000|words=100|mmr=0.70,train,d073b,converged,0.02,0.9,1e-08,1000,100,True,0.7,1,7,12,0.14285714285714285,0.08333333333333333,0.10526315789473685,1,1,1,100,1.0,253,3704,0.11619298575820315,12,0.04743083003952569,29.280632411067195,18,0.08202248438226749,0.44999408702453453,96,0.08772991600000069
t=0.02|d=0.90|tol=1e-08|iter=1000|words=100|mmr=0.70,train,d074b,converged,0.02,0.9,1e-08,1000,100,True,0.7,0,8,0,0.0,0.0,0.0,0,0,0,100,1.0,256,2940,0.0900735294117647,10,0.0390625,22.96875,22,0.048995293127048346,0.41238301648149467,108,0.07501329199999418
t=0.02|d=0.90|tol=1e-08|iter=1000|words=100|mmr=0.70,train,d075b,converged,0.02,0.9,1e-08,1000,100,True,0.7,1,6,13,0.16666666666666666,0.07692307692307693,0.10526315789473684,0,1,1,100,1.0,277,10963,0.28679432846753516,1,0.0036101083032490976,79.15523465703971,2,0.041709678174563725,0.1746525119154121,21,0.07380408399998828
t=0.02|d=0.90|tol=1e-08|iter=1000|words=100|mmr=0.70,train,d076b,converged,0.02,0.9,1e-08,1000,100,True,0.7,0,8,13,0.0,0.0,0.0,0,0,0,100,1.0,323,8152,0.15676018691229351,4,0.01238390092879257,50.476780185758514,5,0.08290528595602517,0.24207705704771784,27,0.08245804200001317
t=0.02|d=0.90|tol=1e-08|iter=1000|words=100|mmr=0.70,train,d077b,converged,0.02,0.9,1e-08,1000,100,True,0.7,1,4,14,0.25,0.07142857142857142,0.11111111111111112,0,1,1,99,0.99,340,10608,0.184070796460177,1,0.0029411764705882353,62.4,2,0.12077568172187715,0.1548717551888946,27,0.09654062499998872
t=0.02|d=0.90|tol=1e-08|iter=1000|words=100|mmr=0.70,train,d078b,converged,0.02,0.9,1e-08,1000,100,True,0.7,0,5,0,0.0,0.0,0.0,0,0,0,100,1.0,276,5670,0.14940711462450593,1,0.0036231884057971015,41.08695652173913,2,0.09162436232222049,0.17916059524736813,30,0.06155283300000747
t=0.02|d=0.90|tol=1e-08|iter=1000|words=100|mmr=0.70,train,d079a,converged,0.02,0.9,1e-08,1000,100,True,0.7,1,4,14,0.25,0.07142857142857142,0.11111111111111112,1,1,1,99,0.99,316,11902,0.23914004420333534,1,0.0031645569620253164,75.32911392405063,2,0.08253917533593627,0.2305527285940876,27,0.09985591699998508
t=0.02|d=0.90|tol=1e-08|iter=1000|words=100|mmr=0.70,train,d080a,converged,0.02,0.9,1e-08,1000,100,True,0.7,1,5,10,0.2,0.1,0.13333333333333333,0,1,1,100,1.0,557,23902,0.1543598155586841,3,0.005385996409335727,85.82405745062836,4,0.17500286322707675,0.44325961017662285,28,0.23541425000001936
t=0.02|d=0.90|tol=1e-08|iter=1000|words=100|mmr=0.70,train,d081a,converged,0.02,0.9,1e-08,1000,100,True,0.7,0,5,17,0.0,0.0,0.0,0,0,0,100,1.0,299,9891,0.2220152185136136,8,0.026755852842809364,66.16053511705685,9,0.07214056721942197,0.18442328453737752,55,0.12991241599999626
t=0.02|d=0.90|tol=1e-08|iter=1000|words=100|mmr=0.70,train,d082a,converged,0.02,0.9,1e-08,1000,100,True,0.7,2,4,12,0.5,0.16666666666666666,0.25,1,1,1,100,1.0,209,4162,0.19147957305852042,0,0.0,39.82775119617225,2,0.06259706221261174,0.16886778933960314,22,0.03891512499998839
t=0.02|d=0.90|tol=1e-08|iter=1000|words=100|mmr=0.70,train,d083a,converged,0.02,0.9,1e-08,1000,100,True,0.7,0,4,17,0.0,0.0,0.0,0,0,0,100,1.0,224,5878,0.23534593209481103,1,0.004464285714285714,52.482142857142854,2,0.11609824027842675,0.23149666450745623,41,0.06199316699999713
t=0.02|d=0.90|tol=1e-08|iter=1000|words=100|mmr=0.70,train,d084a,converged,0.02,0.9,1e-08,1000,100,True,0.7,0,7,0,0.0,0.0,0.0,0,0,0,100,1.0,366,14382,0.21531551762856502,2,0.00546448087431694,78.59016393442623,5,0.1015663924408795,0.26512441540086007,48,0.17076333299999646
t=0.02|d=0.90|tol=1e-08|iter=1000|words=100|mmr=0.70,train,d085d,converged,0.02,0.9,1e-08,1000,100,True,0.7,0,5,0,0.0,0.0,0.0,0,0,0,100,1.0,224,4446,0.17801089045483665,1,0.004464285714285714,39.69642857142857,2,0.14240203021260536,0.5758265182499325,30,0.04667554200000268
t=0.02|d=0.90|tol=1e-08|iter=1000|words=100|mmr=0.70,train,d086d,converged,0.02,0.9,1e-08,1000,100,True,0.7,0,3,0,0.0,0.0,0.0,0,0,0,100,1.0,416,18314,0.2121640407784986,0,0.0,88.04807692307692,2,0.00267820437815618,0.00803461313446854,31,0.17288295800000242
t=0.02|d=0.90|tol=1e-08|iter=1000|words=100|mmr=0.70,train,d087d,converged,0.02,0.9,1e-08,1000,100,True,0.7,1,7,17,0.14285714285714285,0.058823529411764705,0.08333333333333333,0,1,1,100,1.0,292,7045,0.16581932872004895,4,0.0136986301369863,48.25342465753425,6,0.045442138418619646,0.22427752557709513,128,0.18289224999998055
t=0.02|d=0.90|tol=1e-08|iter=1000|words=100|mmr=0.70,train,d089d,converged,0.02,0.9,1e-08,1000,100,True,0.7,0,6,18,0.0,0.0,0.0,0,0,0,100,1.0,386,12656,0.170325011775789,2,0.0051813471502590676,65.57512953367876,3,0.06899100443670252,0.20870182526366293,35,0.13888191600000255
t=0.02|d=0.90|tol=1e-08|iter=1000|words=100|mmr=0.70,train,d090d,converged,0.02,0.9,1e-08,1000,100,True,0.7,0,8,0,0.0,0.0,0.0,0,0,0,99,0.99,261,6833,0.20138520483348069,5,0.019157088122605363,52.36015325670498,6,0.22843082621522987,1.0,27,0.06225845899999172
t=0.02|d=0.90|tol=1e-08|iter=1000|words=100|mmr=0.70,train,d091c,converged,0.02,0.9,1e-08,1000,100,True,0.7,1,6,13,0.16666666666666666,0.07692307692307693,0.10526315789473684,0,1,1,100,1.0,280,7766,0.19882232462877625,1,0.0035714285714285713,55.47142857142857,3,0.04301737120655953,0.16965990484051685,42,0.08580095799999299
t=0.02|d=0.90|tol=1e-08|iter=1000|words=100|mmr=0.70,train,d092c,converged,0.02,0.9,1e-08,1000,100,True,0.7,0,8,19,0.0,0.0,0.0,0,0,0,100,1.0,291,5913,0.14013508709562744,11,0.037800687285223365,40.63917525773196,13,0.0933455163292348,0.4424510364173557,82,0.11419037499999263
t=0.02|d=0.90|tol=1e-08|iter=1000|words=100|mmr=0.70,train,d093c,converged,0.02,0.9,1e-08,1000,100,True,0.7,1,7,18,0.14285714285714285,0.05555555555555555,0.08,1,1,1,100,1.0,264,4181,0.12043438184122594,7,0.026515151515151516,31.674242424242426,14,0.08496133886243512,0.45410082900530824,79,0.08349091700000599
t=0.02|d=0.90|tol=1e-08|iter=1000|words=100|mmr=0.70,train,d094c,converged,0.02,0.9,1e-08,1000,100,True,0.7,2,4,10,0.5,0.2,0.28571428571428575,1,1,1,100,1.0,185,3542,0.20810810810810812,5,0.02702702702702703,38.29189189189189,6,0.06627974988669451,0.12669659804914624,28,0.035023000000023785
t=0.02|d=0.90|tol=1e-08|iter=1000|words=100|mmr=0.70,train,d095c,converged,0.02,0.9,1e-08,1000,100,True,0.7,1,5,13,0.2,0.07692307692307693,0.1111111111111111,0,0,1,99,0.99,240,4223,0.14724546722454673,4,0.016666666666666666,35.19166666666667,5,0.07469251204041197,0.265407035830987,41,0.0550017500000024
t=0.02|d=0.90|tol=1e-08|iter=1000|words=100|mmr=0.70,train,d096c,converged,0.02,0.9,1e-08,1000,100,True,0.7,1,12,15,0.08333333333333333,0.06666666666666667,0.07407407407407407,0,0,0,100,1.0,274,5372,0.14363252319456699,11,0.040145985401459854,39.21167883211679,17,0.14437723584712367,1.0,55,0.08179200000000719
t=0.02|d=0.90|tol=1e-08|iter=1000|words=100|mmr=0.70,train,d097e,converged,0.02,0.9,1e-08,1000,100,True,0.7,0,5,0,0.0,0.0,0.0,0,0,0,100,1.0,225,4651,0.18456349206349207,3,0.013333333333333334,41.34222222222222,4,0.03480704537638372,0.24086354009587335,29,0.05802750000000856
t=0.02|d=0.90|tol=1e-08|iter=1000|words=100|mmr=0.70,train,d098e,converged,0.02,0.9,1e-08,1000,100,True,0.7,0,4,0,0.0,0.0,0.0,0,0,0,100,1.0,454,19366,0.18832842236290612,1,0.0022026431718061676,85.31277533039648,4,0.04946827207037862,0.11936630012097926,47,0.2392834579999885
t=0.02|d=0.90|tol=1e-08|iter=1000|words=100|mmr=0.70,train,d099e,converged,0.02,0.9,1e-08,1000,100,True,0.7,2,4,20,0.5,0.1,0.16666666666666669,0,1,1,100,1.0,469,12534,0.11420917391066644,12,0.0255863539445629,53.449893390191896,15,0.0761726512431724,0.2092957886755061,58,0.21122529199999462
t=0.02|d=0.90|tol=1e-08|iter=1000|words=100|mmr=0.70,train,d100e,converged,0.02,0.9,1e-08,1000,100,True,0.7,0,5,10,0.0,0.0,0.0,0,0,0,100,1.0,592,20820,0.11901495404033476,11,0.018581081081081082,70.33783783783784,12,0.07268517558852014,0.2570884255951601,44,0.2859055829999875
t=0.02|d=0.90|tol=1e-08|iter=1000|words=100|mmr=0.70,train,d101e,converged,0.02,0.9,1e-08,1000,100,True,0.7,1,6,10,0.16666666666666666,0.1,0.125,0,0,1,100,1.0,514,15876,0.12041777595740323,12,0.023346303501945526,61.77431906614786,20,0.0363764858387686,0.15412488981132985,100,0.3572719579999841
t=0.02|d=0.90|tol=1e-08|iter=1000|words=100|mmr=0.70,train,d102e,converged,0.02,0.9,1e-08,1000,100,True,0.7,0,7,16,0.0,0.0,0.0,0,0,0,100,1.0,678,30836,0.1343598994348658,3,0.004424778761061947,90.96165191740413,5,0.09378986319781865,0.2182847832217777,120,0.7925706249999962
t=0.02|d=0.90|tol=1e-08|iter=1000|words=100|mmr=0.70,train,d103g,converged,0.02,0.9,1e-08,1000,100,True,0.7,0,9,18,0.0,0.0,0.0,0,0,0,100,1.0,219,4611,0.19316325248209124,8,0.0365296803652968,42.10958904109589,10,0.09878986517077659,1.0,74,0.07848624999999743
t=0.02|d=0.90|tol=1e-08|iter=1000|words=100|mmr=0.70,train,d104g,converged,0.02,0.9,1e-08,1000,100,True,0.7,0,7,0,0.0,0.0,0.0,0,0,0,100,1.0,352,14370,0.23261460761460762,0,0.0,81.64772727272727,1,0.10710099299344258,0.26471794472401455,44,0.15888045799999873
t=0.02|d=0.90|tol=1e-08|iter=1000|words=100|mmr=0.70,train,d105g,converged,0.02,0.9,1e-08,1000,100,True,0.7,0,4,11,0.0,0.0,0.0,0,0,0,100,1.0,266,5909,0.16765498652291105,4,0.015037593984962405,44.42857142857143,5,0.04045106851263574,0.08887360414854518,80,0.10873970800000166
t=0.02|d=0.90|tol=1e-08|iter=1000|words=100|mmr=0.70,train,d106g,converged,0.02,0.9,1e-08,1000,100,True,0.7,0,5,0,0.0,0.0,0.0,0,0,0,100,1.0,237,4067,0.14542658943002218,16,0.06751054852320675,34.32067510548523,17,0.0781676414471939,0.23708289736651472,47,0.053858291000011604
t=0.02|d=0.90|tol=1e-08|iter=1000|words=100|mmr=0.70,train,d107g,converged,0.02,0.9,1e-08,1000,100,True,0.7,2,5,12,0.4,0.16666666666666666,0.23529411764705882,1,1,1,100,1.0,271,4750,0.12983463167965012,4,0.014760147601476014,35.055350553505534,5,0.03857552325482258,0.10292341710174052,42,0.06582308299999795
t=0.02|d=0.90|tol=1e-08|iter=1000|words=100|mmr=0.70,train,d108g,converged,0.02,0.9,1e-08,1000,100,True,0.7,0,5,0,0.0,0.0,0.0,0,0,0,100,1.0,216,5330,0.22954349698535745,6,0.027777777777777776,49.351851851851855,7,0.06312044501901114,0.18545858619457245,66,0.07398845899999174
t=0.02|d=0.90|tol=1e-08|iter=1000|words=100|mmr=0.70,train,d109h,converged,0.02,0.9,1e-08,1000,100,True,0.7,1,5,20,0.2,0.05,0.08000000000000002,0,0,1,99,0.99,143,3351,0.3300502314586822,0,0.0,46.86713286713287,1,0.02721052841462392,0.18993614624064137,27,0.027586666999980025
t=0.02|d=0.90|tol=1e-08|iter=1000|words=100|mmr=0.70,train,d110h,converged,0.02,0.9,1e-08,1000,100,True,0.7,1,5,20,0.2,0.05,0.08000000000000002,0,1,1,100,1.0,453,23110,0.22573209087889975,2,0.004415011037527594,102.03090507726269,4,0.07221491561784345,0.17621645683465142,38,0.23496283399998674
t=0.02|d=0.90|tol=1e-08|iter=1000|words=100|mmr=0.70,train,d111h,converged,0.02,0.9,1e-08,1000,100,True,0.7,1,4,14,0.25,0.07142857142857142,0.11111111111111112,1,1,1,100,1.0,214,2837,0.12447896099337458,5,0.02336448598130841,26.514018691588785,6,0.06902741934196678,0.23094549326181563,31,0.039338875000026974
t=0.02|d=0.95|tol=1e-04|iter=100|words=100|mmr=0.70,train,d061j,converged,0.02,0.95,0.0001,100,100,True,0.7,1,5,18,0.2,0.05555555555555555,0.08695652173913045,0,0,1,99,0.99,186,4037,0.23464109270560884,1,0.005376344086021506,43.40860215053763,2,0.13429842620730287,0.45430454776676077,15,0.027443000000005213
t=0.02|d=0.95|tol=1e-04|iter=100|words=100|mmr=0.70,train,d062j,converged,0.02,0.95,0.0001,100,100,True,0.7,0,6,0,0.0,0.0,0.0,0,0,0,99,0.99,120,1653,0.23151260504201682,2,0.016666666666666666,27.55,3,0.047345794531246606,0.24710351783829648,12,0.013013291999982357
t=0.02|d=0.95|tol=1e-04|iter=100|words=100|mmr=0.70,train,d063j,converged,0.02,0.95,0.0001,100,100,True,0.7,0,3,18,0.0,0.0,0.0,0,0,0,100,1.0,253,4848,0.1520798042537173,3,0.011857707509881422,38.32411067193676,4,0.22152607046561681,0.3530378592180876,18,0.042709292000012056
t=0.02|d=0.95|tol=1e-04|iter=100|words=100|mmr=0.70,train,d064j,converged,0.02,0.95,0.0001,100,100,True,0.7,1,7,19,0.14285714285714285,0.05263157894736842,0.07692307692307693,1,1,1,100,1.0,199,3319,0.1684686056545353,2,0.010050251256281407,33.35678391959799,3,0.05058519596002425,0.17190936472085516,11,0.0324274580000008
t=0.02|d=0.95|tol=1e-04|iter=100|words=100|mmr=0.70,train,d065j,converged,0.02,0.95,0.0001,100,100,True,0.7,0,7,12,0.0,0.0,0.0,0,0,0,100,1.0,309,6864,0.14424410540915394,13,0.042071197411003236,44.42718446601942,15,0.042055734477272934,0.2032272410895456,18,0.060129749999987325
t=0.02|d=0.95|tol=1e-04|iter=100|words=100|mmr=0.70,train,d066j,converged,0.02,0.95,0.0001,100,100,True,0.7,0,5,19,0.0,0.0,0.0,0,0,0,100,1.0,204,3853,0.18608132908335748,5,0.024509803921568627,37.77450980392157,6,0.04248254556818008,0.23638592932847835,23,0.034385833000015964
t=0.02|d=0.95|tol=1e-04|iter=100|words=100|mmr=0.70,train,d067f,converged,0.02,0.95,0.0001,100,100,True,0.7,0,4,0,0.0,0.0,0.0,0,0,0,100,1.0,134,2185,0.24520255863539445,3,0.022388059701492536,32.61194029850746,4,0.1589394450865342,0.5862041332101912,39,0.02396091599999295
t=0.02|d=0.95|tol=1e-04|iter=100|words=100|mmr=0.70,train,d068f,converged,0.02,0.95,0.0001,100,100,True,0.7,0,7,0,0.0,0.0,0.0,0,0,0,100,1.0,136,2364,0.257516339869281,4,0.029411764705882353,34.76470588235294,5,0.1277819010135278,0.9999999999999999,19,0.017445707999996785
t=0.02|d=0.95|tol=1e-04|iter=100|words=100|mmr=0.70,train,d069f,converged,0.02,0.95,0.0001,100,100,True,0.7,0,4,14,0.0,0.0,0.0,0,0,0,100,1.0,331,13715,0.2511214867710336,1,0.0030211480362537764,82.87009063444108,2,0.0994082559769004,0.13673162467158978,9,0.08159637500000372
t=0.02|d=0.95|tol=1e-04|iter=100|words=100|mmr=0.70,train,d070f,converged,0.02,0.95,0.0001,100,100,True,0.7,1,6,16,0.16666666666666666,0.0625,0.09090909090909091,1,1,1,100,1.0,167,3139,0.2264627371762499,8,0.04790419161676647,37.59281437125748,9,0.07389060517735592,0.3394669290404032,17,0.0243324580000035
t=0.02|d=0.95|tol=1e-04|iter=100|words=100|mmr=0.70,train,d071f,converged,0.02,0.95,0.0001,100,100,True,0.7,0,8,0,0.0,0.0,0.0,0,0,0,100,1.0,155,1238,0.10372852953498114,17,0.10967741935483871,15.974193548387097,22,0.07834361229485502,0.6086420297263238,45,0.020567916000004516
t=0.02|d=0.95|tol=1e-04|iter=100|words=100|mmr=0.70,train,d072f,converged,0.02,0.95,0.0001,100,100,True,0.7,0,7,0,0.0,0.0,0.0,0,0,0,100,1.0,378,10214,0.14334835024490197,5,0.013227513227513227,54.042328042328045,7,0.10569254796305809,0.6401152146171181,11,0.08991583299999206
t=0.02|d=0.95|tol=1e-04|iter=100|words=100|mmr=0.70,train,d073b,converged,0.02,0.95,0.0001,100,100,True,0.7,1,11,12,0.09090909090909091,0.08333333333333333,0.08695652173913043,1,1,1,100,1.0,253,3704,0.11619298575820315,12,0.04743083003952569,29.280632411067195,18,0.07777278139631105,0.44999408702453453,53,0.059766166999992265
t=0.02|d=0.95|tol=1e-04|iter=100|words=100|mmr=0.70,train,d074b,converged,0.02,0.95,0.0001,100,100,True,0.7,0,9,0,0.0,0.0,0.0,0,0,0,100,1.0,256,2940,0.0900735294117647,10,0.0390625,22.96875,22,0.0768960982128533,0.41238301648149467,62,0.053571666999999934
t=0.02|d=0.95|tol=1e-04|iter=100|words=100|mmr=0.70,train,d075b,converged,0.02,0.95,0.0001,100,100,True,0.7,1,6,13,0.16666666666666666,0.07692307692307693,0.10526315789473684,0,1,1,100,1.0,277,10963,0.28679432846753516,1,0.0036101083032490976,79.15523465703971,2,0.041709678174563725,0.1746525119154121,10,0.056053375000004735
t=0.02|d=0.95|tol=1e-04|iter=100|words=100|mmr=0.70,train,d076b,converged,0.02,0.95,0.0001,100,100,True,0.7,0,8,13,0.0,0.0,0.0,0,0,0,100,1.0,323,8152,0.15676018691229351,4,0.01238390092879257,50.476780185758514,5,0.08290528595602517,0.24207705704771784,13,0.06525016699998787
t=0.02|d=0.95|tol=1e-04|iter=100|words=100|mmr=0.70,train,d077b,converged,0.02,0.95,0.0001,100,100,True,0.7,1,4,14,0.25,0.07142857142857142,0.11111111111111112,0,1,1,99,0.99,340,10608,0.184070796460177,1,0.0029411764705882353,62.4,2,0.12077568172187715,0.1548717551888946,13,0.07411283300001514
t=0.02|d=0.95|tol=1e-04|iter=100|words=100|mmr=0.70,train,d078b,converged,0.02,0.95,0.0001,100,100,True,0.7,0,5,0,0.0,0.0,0.0,0,0,0,100,1.0,276,5670,0.14940711462450593,1,0.0036231884057971015,41.08695652173913,2,0.09162436232222049,0.17916059524736813,13,0.046244000000001506
t=0.02|d=0.95|tol=1e-04|iter=100|words=100|mmr=0.70,train,d079a,converged,0.02,0.95,0.0001,100,100,True,0.7,1,4,14,0.25,0.07142857142857142,0.11111111111111112,1,1,1,99,0.99,316,11902,0.23914004420333534,1,0.0031645569620253164,75.32911392405063,2,0.08253917533593627,0.2305527285940876,13,0.0732050420000121
t=0.02|d=0.95|tol=1e-04|iter=100|words=100|mmr=0.70,train,d080a,converged,0.02,0.95,0.0001,100,100,True,0.7,1,5,10,0.2,0.1,0.13333333333333333,0,1,1,100,1.0,557,23902,0.1543598155586841,3,0.005385996409335727,85.82405745062836,4,0.17500286322707675,0.44325961017662285,14,0.18080879199999345
t=0.02|d=0.95|tol=1e-04|iter=100|words=100|mmr=0.70,train,d081a,converged,0.02,0.95,0.0001,100,100,True,0.7,0,5,17,0.0,0.0,0.0,0,0,0,100,1.0,299,9891,0.2220152185136136,8,0.026755852842809364,66.16053511705685,9,0.07214056721942197,0.18442328453737752,17,0.06922950000000583
t=0.02|d=0.95|tol=1e-04|iter=100|words=100|mmr=0.70,train,d082a,converged,0.02,0.95,0.0001,100,100,True,0.7,3,7,12,0.42857142857142855,0.25,0.3157894736842105,1,1,1,100,1.0,209,4162,0.19147957305852042,0,0.0,39.82775119617225,2,0.06409117617868809,1.0,11,0.031993749999998045
t=0.02|d=0.95|tol=1e-04|iter=100|words=100|mmr=0.70,train,d083a,converged,0.02,0.95,0.0001,100,100,True,0.7,0,7,17,0.0,0.0,0.0,0,0,0,100,1.0,224,5878,0.23534593209481103,1,0.004464285714285714,52.482142857142854,2,0.1107362335844146,1.0,17,0.04110745900001689
t=0.02|d=0.95|tol=1e-04|iter=100|words=100|mmr=0.70,train,d084a,converged,0.02,0.95,0.0001,100,100,True,0.7,0,7,0,0.0,0.0,0.0,0,0,0,100,1.0,366,14382,0.21531551762856502,2,0.00546448087431694,78.59016393442623,5,0.1015663924408795,0.26512441540086007,18,0.10338237500002379
t=0.02|d=0.95|tol=1e-04|iter=100|words=100|mmr=0.70,train,d085d,converged,0.02,0.95,0.0001,100,100,True,0.7,0,5,0,0.0,0.0,0.0,0,0,0,100,1.0,224,4446,0.17801089045483665,1,0.004464285714285714,39.69642857142857,2,0.14240203021260536,0.5758265182499325,15,0.03699412500000676
t=0.02|d=0.95|tol=1e-04|iter=100|words=100|mmr=0.70,train,d086d,converged,0.02,0.95,0.0001,100,100,True,0.7,0,3,0,0.0,0.0,0.0,0,0,0,100,1.0,416,18314,0.2121640407784986,0,0.0,88.04807692307692,2,0.00267820437815618,0.00803461313446854,12,0.11376804200000379
t=0.02|d=0.95|tol=1e-04|iter=100|words=100|mmr=0.70,train,d087d,converged,0.02,0.95,0.0001,100,100,True,0.7,1,7,17,0.14285714285714285,0.058823529411764705,0.08333333333333333,0,1,1,100,1.0,292,7045,0.16581932872004895,4,0.0136986301369863,48.25342465753425,6,0.045442138418619646,0.22427752557709513,83,0.13303170899999373
t=0.02|d=0.95|tol=1e-04|iter=100|words=100|mmr=0.70,train,d089d,converged,0.02,0.95,0.0001,100,100,True,0.7,0,6,18,0.0,0.0,0.0,0,0,0,100,1.0,386,12656,0.170325011775789,2,0.0051813471502590676,65.57512953367876,3,0.06802976697774192,0.20870182526366293,15,0.09841300000002207
t=0.02|d=0.95|tol=1e-04|iter=100|words=100|mmr=0.70,train,d090d,converged,0.02,0.95,0.0001,100,100,True,0.7,0,9,0,0.0,0.0,0.0,0,0,0,99,0.99,261,6833,0.20138520483348069,5,0.019157088122605363,52.36015325670498,6,0.196906060920193,1.0,14,0.04897120800001176
t=0.02|d=0.95|tol=1e-04|iter=100|words=100|mmr=0.70,train,d091c,converged,0.02,0.95,0.0001,100,100,True,0.7,1,6,13,0.16666666666666666,0.07692307692307693,0.10526315789473684,0,0,1,100,1.0,280,7766,0.19882232462877625,1,0.0035714285714285713,55.47142857142857,3,0.04301737120655953,0.16965990484051685,18,0.05905654099998969
t=0.02|d=0.95|tol=1e-04|iter=100|words=100|mmr=0.70,train,d092c,converged,0.02,0.95,0.0001,100,100,True,0.7,0,8,19,0.0,0.0,0.0,0,0,0,100,1.0,291,5913,0.14013508709562744,11,0.037800687285223365,40.63917525773196,13,0.0933455163292348,0.4424510364173557,32,0.0679902919999904
t=0.02|d=0.95|tol=1e-04|iter=100|words=100|mmr=0.70,train,d093c,converged,0.02,0.95,0.0001,100,100,True,0.7,1,7,18,0.14285714285714285,0.05555555555555555,0.08,1,1,1,100,1.0,264,4181,0.12043438184122594,7,0.026515151515151516,31.674242424242426,14,0.08496133886243512,0.45410082900530824,38,0.05390916599998263
t=0.02|d=0.95|tol=1e-04|iter=100|words=100|mmr=0.70,train,d094c,converged,0.02,0.95,0.0001,100,100,True,0.7,2,4,10,0.5,0.2,0.28571428571428575,1,1,1,100,1.0,185,3542,0.20810810810810812,5,0.02702702702702703,38.29189189189189,6,0.06627974988669451,0.12669659804914624,12,0.025598666999997022
t=0.02|d=0.95|tol=1e-04|iter=100|words=100|mmr=0.70,train,d095c,converged,0.02,0.95,0.0001,100,100,True,0.7,1,5,13,0.2,0.07692307692307693,0.1111111111111111,0,0,1,99,0.99,240,4223,0.14724546722454673,4,0.016666666666666666,35.19166666666667,5,0.07469251204041197,0.265407035830987,18,0.038630374999996775
t=0.02|d=0.95|tol=1e-04|iter=100|words=100|mmr=0.70,train,d096c,converged,0.02,0.95,0.0001,100,100,True,0.7,0,9,15,0.0,0.0,0.0,0,0,0,100,1.0,274,5372,0.14363252319456699,11,0.040145985401459854,39.21167883211679,17,0.09867087752940888,0.540754116624691,21,0.0495549169999947
t=0.02|d=0.95|tol=1e-04|iter=100|words=100|mmr=0.70,train,d097e,converged,0.02,0.95,0.0001,100,100,True,0.7,0,5,0,0.0,0.0,0.0,0,0,0,100,1.0,225,4651,0.18456349206349207,3,0.013333333333333334,41.34222222222222,4,0.03441668394697483,0.15819776839198316,14,0.03820133400000714
t=0.02|d=0.95|tol=1e-04|iter=100|words=100|mmr=0.70,train,d098e,converged,0.02,0.95,0.0001,100,100,True,0.7,0,4,0,0.0,0.0,0.0,0,0,0,100,1.0,454,19366,0.18832842236290612,1,0.0022026431718061676,85.31277533039648,4,0.04946827207037862,0.11936630012097926,14,0.1413909169999954
t=0.02|d=0.95|tol=1e-04|iter=100|words=100|mmr=0.70,train,d099e,converged,0.02,0.95,0.0001,100,100,True,0.7,2,4,20,0.5,0.1,0.16666666666666669,0,1,1,100,1.0,469,12534,0.11420917391066644,12,0.0255863539445629,53.449893390191896,15,0.0761726512431724,0.2092957886755061,17,0.12506779200001006
t=0.02|d=0.95|tol=1e-04|iter=100|words=100|mmr=0.70,train,d100e,converged,0.02,0.95,0.0001,100,100,True,0.7,0,5,10,0.0,0.0,0.0,0,0,0,100,1.0,592,20820,0.11901495404033476,11,0.018581081081081082,70.33783783783784,12,0.07268517558852014,0.2570884255951601,17,0.18890991600000007
t=0.02|d=0.95|tol=1e-04|iter=100|words=100|mmr=0.70,train,d101e,converged,0.02,0.95,0.0001,100,100,True,0.7,1,6,10,0.16666666666666666,0.1,0.125,0,0,1,100,1.0,514,15876,0.12041777595740323,12,0.023346303501945526,61.77431906614786,20,0.0363764858387686,0.15412488981132985,56,0.2459142089999773
t=0.02|d=0.95|tol=1e-04|iter=100|words=100|mmr=0.70,train,d102e,converged,0.02,0.95,0.0001,100,100,True,0.7,0,7,16,0.0,0.0,0.0,0,0,0,100,1.0,678,30836,0.1343598994348658,3,0.004424778761061947,90.96165191740413,5,0.09378986319781865,0.2182847832217777,66,0.5237453749999759
t=0.02|d=0.95|tol=1e-04|iter=100|words=100|mmr=0.70,train,d103g,converged,0.02,0.95,0.0001,100,100,True,0.7,0,9,18,0.0,0.0,0.0,0,0,0,100,1.0,219,4611,0.19316325248209124,8,0.0365296803652968,42.10958904109589,10,0.09878986517077659,1.0,23,0.041987375000019256
t=0.02|d=0.95|tol=1e-04|iter=100|words=100|mmr=0.70,train,d104g,converged,0.02,0.95,0.0001,100,100,True,0.7,0,7,0,0.0,0.0,0.0,0,0,0,100,1.0,352,14370,0.23261460761460762,0,0.0,81.64772727272727,1,0.10710099299344258,0.26471794472401455,17,0.09274516599998606
t=0.02|d=0.95|tol=1e-04|iter=100|words=100|mmr=0.70,train,d105g,converged,0.02,0.95,0.0001,100,100,True,0.7,0,4,11,0.0,0.0,0.0,0,0,0,100,1.0,266,5909,0.16765498652291105,4,0.015037593984962405,44.42857142857143,5,0.04045106851263574,0.08887360414854518,24,0.05878758299999731
t=0.02|d=0.95|tol=1e-04|iter=100|words=100|mmr=0.70,train,d106g,converged,0.02,0.95,0.0001,100,100,True,0.7,0,5,0,0.0,0.0,0.0,0,0,0,100,1.0,237,4067,0.14542658943002218,16,0.06751054852320675,34.32067510548523,17,0.0781676414471939,0.23708289736651472,21,0.03838441599998532
t=0.02|d=0.95|tol=1e-04|iter=100|words=100|mmr=0.70,train,d107g,converged,0.02,0.95,0.0001,100,100,True,0.7,2,5,12,0.4,0.16666666666666666,0.23529411764705882,1,1,1,100,1.0,271,4750,0.12983463167965012,4,0.014760147601476014,35.055350553505534,5,0.03857552325482258,0.10292341710174052,17,0.047297542000023896
t=0.02|d=0.95|tol=1e-04|iter=100|words=100|mmr=0.70,train,d108g,converged,0.02,0.95,0.0001,100,100,True,0.7,0,5,0,0.0,0.0,0.0,0,0,0,100,1.0,216,5330,0.22954349698535745,6,0.027777777777777776,49.351851851851855,7,0.06312044501901114,0.18545858619457245,21,0.03997341699999879
t=0.02|d=0.95|tol=1e-04|iter=100|words=100|mmr=0.70,train,d109h,converged,0.02,0.95,0.0001,100,100,True,0.7,1,5,20,0.2,0.05,0.08000000000000002,0,0,1,99,0.99,143,3351,0.3300502314586822,0,0.0,46.86713286713287,1,0.02721052841462392,0.18993614624064137,12,0.02047058300001936
t=0.02|d=0.95|tol=1e-04|iter=100|words=100|mmr=0.70,train,d110h,converged,0.02,0.95,0.0001,100,100,True,0.7,1,5,20,0.2,0.05,0.08000000000000002,0,1,1,100,1.0,453,23110,0.22573209087889975,2,0.004415011037527594,102.03090507726269,4,0.07221491561784345,0.17621645683465142,13,0.14162704199998188
t=0.02|d=0.95|tol=1e-04|iter=100|words=100|mmr=0.70,train,d111h,converged,0.02,0.95,0.0001,100,100,True,0.7,1,4,14,0.25,0.07142857142857142,0.11111111111111112,1,1,1,100,1.0,214,2837,0.12447896099337458,5,0.02336448598130841,26.514018691588785,6,0.06902741934196678,0.23094549326181563,15,0.03078108400001156
t=0.02|d=0.95|tol=1e-04|iter=300|words=100|mmr=0.70,train,d061j,converged,0.02,0.95,0.0001,300,100,True,0.7,1,5,18,0.2,0.05555555555555555,0.08695652173913045,0,0,1,99,0.99,186,4037,0.23464109270560884,1,0.005376344086021506,43.40860215053763,2,0.13429842620730287,0.45430454776676077,15,0.028556500000007645
t=0.02|d=0.95|tol=1e-04|iter=300|words=100|mmr=0.70,train,d062j,converged,0.02,0.95,0.0001,300,100,True,0.7,0,6,0,0.0,0.0,0.0,0,0,0,99,0.99,120,1653,0.23151260504201682,2,0.016666666666666666,27.55,3,0.047345794531246606,0.24710351783829648,12,0.01271212500000729
t=0.02|d=0.95|tol=1e-04|iter=300|words=100|mmr=0.70,train,d063j,converged,0.02,0.95,0.0001,300,100,True,0.7,0,3,18,0.0,0.0,0.0,0,0,0,100,1.0,253,4848,0.1520798042537173,3,0.011857707509881422,38.32411067193676,4,0.22152607046561681,0.3530378592180876,18,0.04388183300000037
t=0.02|d=0.95|tol=1e-04|iter=300|words=100|mmr=0.70,train,d064j,converged,0.02,0.95,0.0001,300,100,True,0.7,1,7,19,0.14285714285714285,0.05263157894736842,0.07692307692307693,1,1,1,100,1.0,199,3319,0.1684686056545353,2,0.010050251256281407,33.35678391959799,3,0.05058519596002425,0.17190936472085516,11,0.02835020899999563
t=0.02|d=0.95|tol=1e-04|iter=300|words=100|mmr=0.70,train,d065j,converged,0.02,0.95,0.0001,300,100,True,0.7,0,7,12,0.0,0.0,0.0,0,0,0,100,1.0,309,6864,0.14424410540915394,13,0.042071197411003236,44.42718446601942,15,0.042055734477272934,0.2032272410895456,18,0.06106975000000148
t=0.02|d=0.95|tol=1e-04|iter=300|words=100|mmr=0.70,train,d066j,converged,0.02,0.95,0.0001,300,100,True,0.7,0,5,19,0.0,0.0,0.0,0,0,0,100,1.0,204,3853,0.18608132908335748,5,0.024509803921568627,37.77450980392157,6,0.04248254556818008,0.23638592932847835,23,0.03454087499997627
t=0.02|d=0.95|tol=1e-04|iter=300|words=100|mmr=0.70,train,d067f,converged,0.02,0.95,0.0001,300,100,True,0.7,0,4,0,0.0,0.0,0.0,0,0,0,100,1.0,134,2185,0.24520255863539445,3,0.022388059701492536,32.61194029850746,4,0.1589394450865342,0.5862041332101912,39,0.024714749999986907
t=0.02|d=0.95|tol=1e-04|iter=300|words=100|mmr=0.70,train,d068f,converged,0.02,0.95,0.0001,300,100,True,0.7,0,7,0,0.0,0.0,0.0,0,0,0,100,1.0,136,2364,0.257516339869281,4,0.029411764705882353,34.76470588235294,5,0.1277819010135278,0.9999999999999999,19,0.017664707999983875
t=0.02|d=0.95|tol=1e-04|iter=300|words=100|mmr=0.70,train,d069f,converged,0.02,0.95,0.0001,300,100,True,0.7,0,4,14,0.0,0.0,0.0,0,0,0,100,1.0,331,13715,0.2511214867710336,1,0.0030211480362537764,82.87009063444108,2,0.0994082559769004,0.13673162467158978,9,0.07736175000002277
t=0.02|d=0.95|tol=1e-04|iter=300|words=100|mmr=0.70,train,d070f,converged,0.02,0.95,0.0001,300,100,True,0.7,1,6,16,0.16666666666666666,0.0625,0.09090909090909091,1,1,1,100,1.0,167,3139,0.2264627371762499,8,0.04790419161676647,37.59281437125748,9,0.07389060517735592,0.3394669290404032,17,0.0231990000000053
t=0.02|d=0.95|tol=1e-04|iter=300|words=100|mmr=0.70,train,d071f,converged,0.02,0.95,0.0001,300,100,True,0.7,0,8,0,0.0,0.0,0.0,0,0,0,100,1.0,155,1238,0.10372852953498114,17,0.10967741935483871,15.974193548387097,22,0.07834361229485502,0.6086420297263238,45,0.02025824999998349
t=0.02|d=0.95|tol=1e-04|iter=300|words=100|mmr=0.70,train,d072f,converged,0.02,0.95,0.0001,300,100,True,0.7,0,7,0,0.0,0.0,0.0,0,0,0,100,1.0,378,10214,0.14334835024490197,5,0.013227513227513227,54.042328042328045,7,0.10569254796305809,0.6401152146171181,11,0.08618379199998571
t=0.02|d=0.95|tol=1e-04|iter=300|words=100|mmr=0.70,train,d073b,converged,0.02,0.95,0.0001,300,100,True,0.7,1,11,12,0.09090909090909091,0.08333333333333333,0.08695652173913043,1,1,1,100,1.0,253,3704,0.11619298575820315,12,0.04743083003952569,29.280632411067195,18,0.07777278139631105,0.44999408702453453,53,0.060062583999979324
t=0.02|d=0.95|tol=1e-04|iter=300|words=100|mmr=0.70,train,d074b,converged,0.02,0.95,0.0001,300,100,True,0.7,0,9,0,0.0,0.0,0.0,0,0,0,100,1.0,256,2940,0.0900735294117647,10,0.0390625,22.96875,22,0.0768960982128533,0.41238301648149467,62,0.054271416000005956
t=0.02|d=0.95|tol=1e-04|iter=300|words=100|mmr=0.70,train,d075b,converged,0.02,0.95,0.0001,300,100,True,0.7,1,6,13,0.16666666666666666,0.07692307692307693,0.10526315789473684,0,1,1,100,1.0,277,10963,0.28679432846753516,1,0.0036101083032490976,79.15523465703971,2,0.041709678174563725,0.1746525119154121,10,0.05626454200000808
t=0.02|d=0.95|tol=1e-04|iter=300|words=100|mmr=0.70,train,d076b,converged,0.02,0.95,0.0001,300,100,True,0.7,0,8,13,0.0,0.0,0.0,0,0,0,100,1.0,323,8152,0.15676018691229351,4,0.01238390092879257,50.476780185758514,5,0.08290528595602517,0.24207705704771784,13,0.06615983300000039
t=0.02|d=0.95|tol=1e-04|iter=300|words=100|mmr=0.70,train,d077b,converged,0.02,0.95,0.0001,300,100,True,0.7,1,4,14,0.25,0.07142857142857142,0.11111111111111112,0,1,1,99,0.99,340,10608,0.184070796460177,1,0.0029411764705882353,62.4,2,0.12077568172187715,0.1548717551888946,13,0.0759153749999939
t=0.02|d=0.95|tol=1e-04|iter=300|words=100|mmr=0.70,train,d078b,converged,0.02,0.95,0.0001,300,100,True,0.7,0,5,0,0.0,0.0,0.0,0,0,0,100,1.0,276,5670,0.14940711462450593,1,0.0036231884057971015,41.08695652173913,2,0.09162436232222049,0.17916059524736813,13,0.04773137500001212
t=0.02|d=0.95|tol=1e-04|iter=300|words=100|mmr=0.70,train,d079a,converged,0.02,0.95,0.0001,300,100,True,0.7,1,4,14,0.25,0.07142857142857142,0.11111111111111112,1,1,1,99,0.99,316,11902,0.23914004420333534,1,0.0031645569620253164,75.32911392405063,2,0.08253917533593627,0.2305527285940876,13,0.07394970799998646
t=0.02|d=0.95|tol=1e-04|iter=300|words=100|mmr=0.70,train,d080a,converged,0.02,0.95,0.0001,300,100,True,0.7,1,5,10,0.2,0.1,0.13333333333333333,0,1,1,100,1.0,557,23902,0.1543598155586841,3,0.005385996409335727,85.82405745062836,4,0.17500286322707675,0.44325961017662285,14,0.19422362500000645
t=0.02|d=0.95|tol=1e-04|iter=300|words=100|mmr=0.70,train,d081a,converged,0.02,0.95,0.0001,300,100,True,0.7,0,5,17,0.0,0.0,0.0,0,0,0,100,1.0,299,9891,0.2220152185136136,8,0.026755852842809364,66.16053511705685,9,0.07214056721942197,0.18442328453737752,17,0.07046475000001351
t=0.02|d=0.95|tol=1e-04|iter=300|words=100|mmr=0.70,train,d082a,converged,0.02,0.95,0.0001,300,100,True,0.7,3,7,12,0.42857142857142855,0.25,0.3157894736842105,1,1,1,100,1.0,209,4162,0.19147957305852042,0,0.0,39.82775119617225,2,0.06409117617868809,1.0,11,0.03241591599999083
t=0.02|d=0.95|tol=1e-04|iter=300|words=100|mmr=0.70,train,d083a,converged,0.02,0.95,0.0001,300,100,True,0.7,0,7,17,0.0,0.0,0.0,0,0,0,100,1.0,224,5878,0.23534593209481103,1,0.004464285714285714,52.482142857142854,2,0.1107362335844146,1.0,17,0.04173616700001048
t=0.02|d=0.95|tol=1e-04|iter=300|words=100|mmr=0.70,train,d084a,converged,0.02,0.95,0.0001,300,100,True,0.7,0,7,0,0.0,0.0,0.0,0,0,0,100,1.0,366,14382,0.21531551762856502,2,0.00546448087431694,78.59016393442623,5,0.1015663924408795,0.26512441540086007,18,0.10880516699998566
t=0.02|d=0.95|tol=1e-04|iter=300|words=100|mmr=0.70,train,d085d,converged,0.02,0.95,0.0001,300,100,True,0.7,0,5,0,0.0,0.0,0.0,0,0,0,100,1.0,224,4446,0.17801089045483665,1,0.004464285714285714,39.69642857142857,2,0.14240203021260536,0.5758265182499325,15,0.03698024999999916
t=0.02|d=0.95|tol=1e-04|iter=300|words=100|mmr=0.70,train,d086d,converged,0.02,0.95,0.0001,300,100,True,0.7,0,3,0,0.0,0.0,0.0,0,0,0,100,1.0,416,18314,0.2121640407784986,0,0.0,88.04807692307692,2,0.00267820437815618,0.00803461313446854,12,0.11383233299997642
t=0.02|d=0.95|tol=1e-04|iter=300|words=100|mmr=0.70,train,d087d,converged,0.02,0.95,0.0001,300,100,True,0.7,1,7,17,0.14285714285714285,0.058823529411764705,0.08333333333333333,0,1,1,100,1.0,292,7045,0.16581932872004895,4,0.0136986301369863,48.25342465753425,6,0.045442138418619646,0.22427752557709513,83,0.1332575840000061
t=0.02|d=0.95|tol=1e-04|iter=300|words=100|mmr=0.70,train,d089d,converged,0.02,0.95,0.0001,300,100,True,0.7,0,6,18,0.0,0.0,0.0,0,0,0,100,1.0,386,12656,0.170325011775789,2,0.0051813471502590676,65.57512953367876,3,0.06802976697774192,0.20870182526366293,15,0.10021333299999924
t=0.02|d=0.95|tol=1e-04|iter=300|words=100|mmr=0.70,train,d090d,converged,0.02,0.95,0.0001,300,100,True,0.7,0,9,0,0.0,0.0,0.0,0,0,0,99,0.99,261,6833,0.20138520483348069,5,0.019157088122605363,52.36015325670498,6,0.196906060920193,1.0,14,0.04798841699999912
t=0.02|d=0.95|tol=1e-04|iter=300|words=100|mmr=0.70,train,d091c,converged,0.02,0.95,0.0001,300,100,True,0.7,1,6,13,0.16666666666666666,0.07692307692307693,0.10526315789473684,0,0,1,100,1.0,280,7766,0.19882232462877625,1,0.0035714285714285713,55.47142857142857,3,0.04301737120655953,0.16965990484051685,18,0.05739095799998495
t=0.02|d=0.95|tol=1e-04|iter=300|words=100|mmr=0.70,train,d092c,converged,0.02,0.95,0.0001,300,100,True,0.7,0,8,19,0.0,0.0,0.0,0,0,0,100,1.0,291,5913,0.14013508709562744,11,0.037800687285223365,40.63917525773196,13,0.0933455163292348,0.4424510364173557,32,0.07363720800000806
t=0.02|d=0.95|tol=1e-04|iter=300|words=100|mmr=0.70,train,d093c,converged,0.02,0.95,0.0001,300,100,True,0.7,1,7,18,0.14285714285714285,0.05555555555555555,0.08,1,1,1,100,1.0,264,4181,0.12043438184122594,7,0.026515151515151516,31.674242424242426,14,0.08496133886243512,0.45410082900530824,38,0.05554379200000881
t=0.02|d=0.95|tol=1e-04|iter=300|words=100|mmr=0.70,train,d094c,converged,0.02,0.95,0.0001,300,100,True,0.7,2,4,10,0.5,0.2,0.28571428571428575,1,1,1,100,1.0,185,3542,0.20810810810810812,5,0.02702702702702703,38.29189189189189,6,0.06627974988669451,0.12669659804914624,12,0.02583162499999503
t=0.02|d=0.95|tol=1e-04|iter=300|words=100|mmr=0.70,train,d095c,converged,0.02,0.95,0.0001,300,100,True,0.7,1,5,13,0.2,0.07692307692307693,0.1111111111111111,0,0,1,99,0.99,240,4223,0.14724546722454673,4,0.016666666666666666,35.19166666666667,5,0.07469251204041197,0.265407035830987,18,0.03900441700000101
t=0.02|d=0.95|tol=1e-04|iter=300|words=100|mmr=0.70,train,d096c,converged,0.02,0.95,0.0001,300,100,True,0.7,0,9,15,0.0,0.0,0.0,0,0,0,100,1.0,274,5372,0.14363252319456699,11,0.040145985401459854,39.21167883211679,17,0.09867087752940888,0.540754116624691,21,0.050383874999994305
t=0.02|d=0.95|tol=1e-04|iter=300|words=100|mmr=0.70,train,d097e,converged,0.02,0.95,0.0001,300,100,True,0.7,0,5,0,0.0,0.0,0.0,0,0,0,100,1.0,225,4651,0.18456349206349207,3,0.013333333333333334,41.34222222222222,4,0.03441668394697483,0.15819776839198316,14,0.037467249999991736
t=0.02|d=0.95|tol=1e-04|iter=300|words=100|mmr=0.70,train,d098e,converged,0.02,0.95,0.0001,300,100,True,0.7,0,4,0,0.0,0.0,0.0,0,0,0,100,1.0,454,19366,0.18832842236290612,1,0.0022026431718061676,85.31277533039648,4,0.04946827207037862,0.11936630012097926,14,0.1598405830000047
t=0.02|d=0.95|tol=1e-04|iter=300|words=100|mmr=0.70,train,d099e,converged,0.02,0.95,0.0001,300,100,True,0.7,2,4,20,0.5,0.1,0.16666666666666669,0,1,1,100,1.0,469,12534,0.11420917391066644,12,0.0255863539445629,53.449893390191896,15,0.0761726512431724,0.2092957886755061,17,0.12007129200000577
t=0.02|d=0.95|tol=1e-04|iter=300|words=100|mmr=0.70,train,d100e,converged,0.02,0.95,0.0001,300,100,True,0.7,0,5,10,0.0,0.0,0.0,0,0,0,100,1.0,592,20820,0.11901495404033476,11,0.018581081081081082,70.33783783783784,12,0.07268517558852014,0.2570884255951601,17,0.19340237500000512
t=0.02|d=0.95|tol=1e-04|iter=300|words=100|mmr=0.70,train,d101e,converged,0.02,0.95,0.0001,300,100,True,0.7,1,6,10,0.16666666666666666,0.1,0.125,0,0,1,100,1.0,514,15876,0.12041777595740323,12,0.023346303501945526,61.77431906614786,20,0.0363764858387686,0.15412488981132985,56,0.23943224999999302
t=0.02|d=0.95|tol=1e-04|iter=300|words=100|mmr=0.70,train,d102e,converged,0.02,0.95,0.0001,300,100,True,0.7,0,7,16,0.0,0.0,0.0,0,0,0,100,1.0,678,30836,0.1343598994348658,3,0.004424778761061947,90.96165191740413,5,0.09378986319781865,0.2182847832217777,66,0.5447901660000127
t=0.02|d=0.95|tol=1e-04|iter=300|words=100|mmr=0.70,train,d103g,converged,0.02,0.95,0.0001,300,100,True,0.7,0,9,18,0.0,0.0,0.0,0,0,0,100,1.0,219,4611,0.19316325248209124,8,0.0365296803652968,42.10958904109589,10,0.09878986517077659,1.0,23,0.04084791600001836
t=0.02|d=0.95|tol=1e-04|iter=300|words=100|mmr=0.70,train,d104g,converged,0.02,0.95,0.0001,300,100,True,0.7,0,7,0,0.0,0.0,0.0,0,0,0,100,1.0,352,14370,0.23261460761460762,0,0.0,81.64772727272727,1,0.10710099299344258,0.26471794472401455,17,0.0917242920000092
t=0.02|d=0.95|tol=1e-04|iter=300|words=100|mmr=0.70,train,d105g,converged,0.02,0.95,0.0001,300,100,True,0.7,0,4,11,0.0,0.0,0.0,0,0,0,100,1.0,266,5909,0.16765498652291105,4,0.015037593984962405,44.42857142857143,5,0.04045106851263574,0.08887360414854518,24,0.058499249999982794
t=0.02|d=0.95|tol=1e-04|iter=300|words=100|mmr=0.70,train,d106g,converged,0.02,0.95,0.0001,300,100,True,0.7,0,5,0,0.0,0.0,0.0,0,0,0,100,1.0,237,4067,0.14542658943002218,16,0.06751054852320675,34.32067510548523,17,0.0781676414471939,0.23708289736651472,21,0.03782541699999342
t=0.02|d=0.95|tol=1e-04|iter=300|words=100|mmr=0.70,train,d107g,converged,0.02,0.95,0.0001,300,100,True,0.7,2,5,12,0.4,0.16666666666666666,0.23529411764705882,1,1,1,100,1.0,271,4750,0.12983463167965012,4,0.014760147601476014,35.055350553505534,5,0.03857552325482258,0.10292341710174052,17,0.045450833000018065
t=0.02|d=0.95|tol=1e-04|iter=300|words=100|mmr=0.70,train,d108g,converged,0.02,0.95,0.0001,300,100,True,0.7,0,5,0,0.0,0.0,0.0,0,0,0,100,1.0,216,5330,0.22954349698535745,6,0.027777777777777776,49.351851851851855,7,0.06312044501901114,0.18545858619457245,21,0.04134433399997306
t=0.02|d=0.95|tol=1e-04|iter=300|words=100|mmr=0.70,train,d109h,converged,0.02,0.95,0.0001,300,100,True,0.7,1,5,20,0.2,0.05,0.08000000000000002,0,0,1,99,0.99,143,3351,0.3300502314586822,0,0.0,46.86713286713287,1,0.02721052841462392,0.18993614624064137,12,0.020320749999996224
t=0.02|d=0.95|tol=1e-04|iter=300|words=100|mmr=0.70,train,d110h,converged,0.02,0.95,0.0001,300,100,True,0.7,1,5,20,0.2,0.05,0.08000000000000002,0,1,1,100,1.0,453,23110,0.22573209087889975,2,0.004415011037527594,102.03090507726269,4,0.07221491561784345,0.17621645683465142,13,0.14138174999999364
t=0.02|d=0.95|tol=1e-04|iter=300|words=100|mmr=0.70,train,d111h,converged,0.02,0.95,0.0001,300,100,True,0.7,1,4,14,0.25,0.07142857142857142,0.11111111111111112,1,1,1,100,1.0,214,2837,0.12447896099337458,5,0.02336448598130841,26.514018691588785,6,0.06902741934196678,0.23094549326181563,15,0.02988312500002621
t=0.02|d=0.95|tol=1e-04|iter=1000|words=100|mmr=0.70,train,d061j,converged,0.02,0.95,0.0001,1000,100,True,0.7,1,5,18,0.2,0.05555555555555555,0.08695652173913045,0,0,1,99,0.99,186,4037,0.23464109270560884,1,0.005376344086021506,43.40860215053763,2,0.13429842620730287,0.45430454776676077,15,0.027738958999975694
t=0.02|d=0.95|tol=1e-04|iter=1000|words=100|mmr=0.70,train,d062j,converged,0.02,0.95,0.0001,1000,100,True,0.7,0,6,0,0.0,0.0,0.0,0,0,0,99,0.99,120,1653,0.23151260504201682,2,0.016666666666666666,27.55,3,0.047345794531246606,0.24710351783829648,12,0.012805999999983442
t=0.02|d=0.95|tol=1e-04|iter=1000|words=100|mmr=0.70,train,d063j,converged,0.02,0.95,0.0001,1000,100,True,0.7,0,3,18,0.0,0.0,0.0,0,0,0,100,1.0,253,4848,0.1520798042537173,3,0.011857707509881422,38.32411067193676,4,0.22152607046561681,0.3530378592180876,18,0.04225179200000184
t=0.02|d=0.95|tol=1e-04|iter=1000|words=100|mmr=0.70,train,d064j,converged,0.02,0.95,0.0001,1000,100,True,0.7,1,7,19,0.14285714285714285,0.05263157894736842,0.07692307692307693,1,1,1,100,1.0,199,3319,0.1684686056545353,2,0.010050251256281407,33.35678391959799,3,0.05058519596002425,0.17190936472085516,11,0.02687758299998677
t=0.02|d=0.95|tol=1e-04|iter=1000|words=100|mmr=0.70,train,d065j,converged,0.02,0.95,0.0001,1000,100,True,0.7,0,7,12,0.0,0.0,0.0,0,0,0,100,1.0,309,6864,0.14424410540915394,13,0.042071197411003236,44.42718446601942,15,0.042055734477272934,0.2032272410895456,18,0.060711957999984634
t=0.02|d=0.95|tol=1e-04|iter=1000|words=100|mmr=0.70,train,d066j,converged,0.02,0.95,0.0001,1000,100,True,0.7,0,5,19,0.0,0.0,0.0,0,0,0,100,1.0,204,3853,0.18608132908335748,5,0.024509803921568627,37.77450980392157,6,0.04248254556818008,0.23638592932847835,23,0.03485020799999461
t=0.02|d=0.95|tol=1e-04|iter=1000|words=100|mmr=0.70,train,d067f,converged,0.02,0.95,0.0001,1000,100,True,0.7,0,4,0,0.0,0.0,0.0,0,0,0,100,1.0,134,2185,0.24520255863539445,3,0.022388059701492536,32.61194029850746,4,0.1589394450865342,0.5862041332101912,39,0.023759291000004623
t=0.02|d=0.95|tol=1e-04|iter=1000|words=100|mmr=0.70,train,d068f,converged,0.02,0.95,0.0001,1000,100,True,0.7,0,7,0,0.0,0.0,0.0,0,0,0,100,1.0,136,2364,0.257516339869281,4,0.029411764705882353,34.76470588235294,5,0.1277819010135278,0.9999999999999999,19,0.0174260830000037
t=0.02|d=0.95|tol=1e-04|iter=1000|words=100|mmr=0.70,train,d069f,converged,0.02,0.95,0.0001,1000,100,True,0.7,0,4,14,0.0,0.0,0.0,0,0,0,100,1.0,331,13715,0.2511214867710336,1,0.0030211480362537764,82.87009063444108,2,0.0994082559769004,0.13673162467158978,9,0.07716550000000666
t=0.02|d=0.95|tol=1e-04|iter=1000|words=100|mmr=0.70,train,d070f,converged,0.02,0.95,0.0001,1000,100,True,0.7,1,6,16,0.16666666666666666,0.0625,0.09090909090909091,1,1,1,100,1.0,167,3139,0.2264627371762499,8,0.04790419161676647,37.59281437125748,9,0.07389060517735592,0.3394669290404032,17,0.02346524999998678
t=0.02|d=0.95|tol=1e-04|iter=1000|words=100|mmr=0.70,train,d071f,converged,0.02,0.95,0.0001,1000,100,True,0.7,0,8,0,0.0,0.0,0.0,0,0,0,100,1.0,155,1238,0.10372852953498114,17,0.10967741935483871,15.974193548387097,22,0.07834361229485502,0.6086420297263238,45,0.01969220800000926
t=0.02|d=0.95|tol=1e-04|iter=1000|words=100|mmr=0.70,train,d072f,converged,0.02,0.95,0.0001,1000,100,True,0.7,0,7,0,0.0,0.0,0.0,0,0,0,100,1.0,378,10214,0.14334835024490197,5,0.013227513227513227,54.042328042328045,7,0.10569254796305809,0.6401152146171181,11,0.08576424999998267
t=0.02|d=0.95|tol=1e-04|iter=1000|words=100|mmr=0.70,train,d073b,converged,0.02,0.95,0.0001,1000,100,True,0.7,1,11,12,0.09090909090909091,0.08333333333333333,0.08695652173913043,1,1,1,100,1.0,253,3704,0.11619298575820315,12,0.04743083003952569,29.280632411067195,18,0.07777278139631105,0.44999408702453453,53,0.0564809999999909
t=0.02|d=0.95|tol=1e-04|iter=1000|words=100|mmr=0.70,train,d074b,converged,0.02,0.95,0.0001,1000,100,True,0.7,0,9,0,0.0,0.0,0.0,0,0,0,100,1.0,256,2940,0.0900735294117647,10,0.0390625,22.96875,22,0.0768960982128533,0.41238301648149467,62,0.05436116699999616
t=0.02|d=0.95|tol=1e-04|iter=1000|words=100|mmr=0.70,train,d075b,converged,0.02,0.95,0.0001,1000,100,True,0.7,1,6,13,0.16666666666666666,0.07692307692307693,0.10526315789473684,0,1,1,100,1.0,277,10963,0.28679432846753516,1,0.0036101083032490976,79.15523465703971,2,0.041709678174563725,0.1746525119154121,10,0.056804249999999
t=0.02|d=0.95|tol=1e-04|iter=1000|words=100|mmr=0.70,train,d076b,converged,0.02,0.95,0.0001,1000,100,True,0.7,0,8,13,0.0,0.0,0.0,0,0,0,100,1.0,323,8152,0.15676018691229351,4,0.01238390092879257,50.476780185758514,5,0.08290528595602517,0.24207705704771784,13,0.06557937499999866
t=0.02|d=0.95|tol=1e-04|iter=1000|words=100|mmr=0.70,train,d077b,converged,0.02,0.95,0.0001,1000,100,True,0.7,1,4,14,0.25,0.07142857142857142,0.11111111111111112,0,1,1,99,0.99,340,10608,0.184070796460177,1,0.0029411764705882353,62.4,2,0.12077568172187715,0.1548717551888946,13,0.07397804199999314
t=0.02|d=0.95|tol=1e-04|iter=1000|words=100|mmr=0.70,train,d078b,converged,0.02,0.95,0.0001,1000,100,True,0.7,0,5,0,0.0,0.0,0.0,0,0,0,100,1.0,276,5670,0.14940711462450593,1,0.0036231884057971015,41.08695652173913,2,0.09162436232222049,0.17916059524736813,13,0.04608533399999715
t=0.02|d=0.95|tol=1e-04|iter=1000|words=100|mmr=0.70,train,d079a,converged,0.02,0.95,0.0001,1000,100,True,0.7,1,4,14,0.25,0.07142857142857142,0.11111111111111112,1,1,1,99,0.99,316,11902,0.23914004420333534,1,0.0031645569620253164,75.32911392405063,2,0.08253917533593627,0.2305527285940876,13,0.07456616600001098
t=0.02|d=0.95|tol=1e-04|iter=1000|words=100|mmr=0.70,train,d080a,converged,0.02,0.95,0.0001,1000,100,True,0.7,1,5,10,0.2,0.1,0.13333333333333333,0,1,1,100,1.0,557,23902,0.1543598155586841,3,0.005385996409335727,85.82405745062836,4,0.17500286322707675,0.44325961017662285,14,0.19245804199999839
t=0.02|d=0.95|tol=1e-04|iter=1000|words=100|mmr=0.70,train,d081a,converged,0.02,0.95,0.0001,1000,100,True,0.7,0,5,17,0.0,0.0,0.0,0,0,0,100,1.0,299,9891,0.2220152185136136,8,0.026755852842809364,66.16053511705685,9,0.07214056721942197,0.18442328453737752,17,0.07002562499999954
t=0.02|d=0.95|tol=1e-04|iter=1000|words=100|mmr=0.70,train,d082a,converged,0.02,0.95,0.0001,1000,100,True,0.7,3,7,12,0.42857142857142855,0.25,0.3157894736842105,1,1,1,100,1.0,209,4162,0.19147957305852042,0,0.0,39.82775119617225,2,0.06409117617868809,1.0,11,0.03216374999999516
t=0.02|d=0.95|tol=1e-04|iter=1000|words=100|mmr=0.70,train,d083a,converged,0.02,0.95,0.0001,1000,100,True,0.7,0,7,17,0.0,0.0,0.0,0,0,0,100,1.0,224,5878,0.23534593209481103,1,0.004464285714285714,52.482142857142854,2,0.1107362335844146,1.0,17,0.04098991699999033
t=0.02|d=0.95|tol=1e-04|iter=1000|words=100|mmr=0.70,train,d084a,converged,0.02,0.95,0.0001,1000,100,True,0.7,0,7,0,0.0,0.0,0.0,0,0,0,100,1.0,366,14382,0.21531551762856502,2,0.00546448087431694,78.59016393442623,5,0.1015663924408795,0.26512441540086007,18,0.10205487499999322
t=0.02|d=0.95|tol=1e-04|iter=1000|words=100|mmr=0.70,train,d085d,converged,0.02,0.95,0.0001,1000,100,True,0.7,0,5,0,0.0,0.0,0.0,0,0,0,100,1.0,224,4446,0.17801089045483665,1,0.004464285714285714,39.69642857142857,2,0.14240203021260536,0.5758265182499325,15,0.036146375000015496
t=0.02|d=0.95|tol=1e-04|iter=1000|words=100|mmr=0.70,train,d086d,converged,0.02,0.95,0.0001,1000,100,True,0.7,0,3,0,0.0,0.0,0.0,0,0,0,100,1.0,416,18314,0.2121640407784986,0,0.0,88.04807692307692,2,0.00267820437815618,0.00803461313446854,12,0.11688374999999951
t=0.02|d=0.95|tol=1e-04|iter=1000|words=100|mmr=0.70,train,d087d,converged,0.02,0.95,0.0001,1000,100,True,0.7,1,7,17,0.14285714285714285,0.058823529411764705,0.08333333333333333,0,1,1,100,1.0,292,7045,0.16581932872004895,4,0.0136986301369863,48.25342465753425,6,0.045442138418619646,0.22427752557709513,83,0.1324547910000149
t=0.02|d=0.95|tol=1e-04|iter=1000|words=100|mmr=0.70,train,d089d,converged,0.02,0.95,0.0001,1000,100,True,0.7,0,6,18,0.0,0.0,0.0,0,0,0,100,1.0,386,12656,0.170325011775789,2,0.0051813471502590676,65.57512953367876,3,0.06802976697774192,0.20870182526366293,15,0.09761758299998746
t=0.02|d=0.95|tol=1e-04|iter=1000|words=100|mmr=0.70,train,d090d,converged,0.02,0.95,0.0001,1000,100,True,0.7,0,9,0,0.0,0.0,0.0,0,0,0,99,0.99,261,6833,0.20138520483348069,5,0.019157088122605363,52.36015325670498,6,0.196906060920193,1.0,14,0.04823849999999652
t=0.02|d=0.95|tol=1e-04|iter=1000|words=100|mmr=0.70,train,d091c,converged,0.02,0.95,0.0001,1000,100,True,0.7,1,6,13,0.16666666666666666,0.07692307692307693,0.10526315789473684,0,0,1,100,1.0,280,7766,0.19882232462877625,1,0.0035714285714285713,55.47142857142857,3,0.04301737120655953,0.16965990484051685,18,0.05723712500000033
t=0.02|d=0.95|tol=1e-04|iter=1000|words=100|mmr=0.70,train,d092c,converged,0.02,0.95,0.0001,1000,100,True,0.7,0,8,19,0.0,0.0,0.0,0,0,0,100,1.0,291,5913,0.14013508709562744,11,0.037800687285223365,40.63917525773196,13,0.0933455163292348,0.4424510364173557,32,0.06666816599999947
t=0.02|d=0.95|tol=1e-04|iter=1000|words=100|mmr=0.70,train,d093c,converged,0.02,0.95,0.0001,1000,100,True,0.7,1,7,18,0.14285714285714285,0.05555555555555555,0.08,1,1,1,100,1.0,264,4181,0.12043438184122594,7,0.026515151515151516,31.674242424242426,14,0.08496133886243512,0.45410082900530824,38,0.05324212499999703
t=0.02|d=0.95|tol=1e-04|iter=1000|words=100|mmr=0.70,train,d094c,converged,0.02,0.95,0.0001,1000,100,True,0.7,2,4,10,0.5,0.2,0.28571428571428575,1,1,1,100,1.0,185,3542,0.20810810810810812,5,0.02702702702702703,38.29189189189189,6,0.06627974988669451,0.12669659804914624,12,0.02569245899999828
t=0.02|d=0.95|tol=1e-04|iter=1000|words=100|mmr=0.70,train,d095c,converged,0.02,0.95,0.0001,1000,100,True,0.7,1,5,13,0.2,0.07692307692307693,0.1111111111111111,0,0,1,99,0.99,240,4223,0.14724546722454673,4,0.016666666666666666,35.19166666666667,5,0.07469251204041197,0.265407035830987,18,0.039202249999988226
t=0.02|d=0.95|tol=1e-04|iter=1000|words=100|mmr=0.70,train,d096c,converged,0.02,0.95,0.0001,1000,100,True,0.7,0,9,15,0.0,0.0,0.0,0,0,0,100,1.0,274,5372,0.14363252319456699,11,0.040145985401459854,39.21167883211679,17,0.09867087752940888,0.540754116624691,21,0.04881687499999998
t=0.02|d=0.95|tol=1e-04|iter=1000|words=100|mmr=0.70,train,d097e,converged,0.02,0.95,0.0001,1000,100,True,0.7,0,5,0,0.0,0.0,0.0,0,0,0,100,1.0,225,4651,0.18456349206349207,3,0.013333333333333334,41.34222222222222,4,0.03441668394697483,0.15819776839198316,14,0.03931774999998083
t=0.02|d=0.95|tol=1e-04|iter=1000|words=100|mmr=0.70,train,d098e,converged,0.02,0.95,0.0001,1000,100,True,0.7,0,4,0,0.0,0.0,0.0,0,0,0,100,1.0,454,19366,0.18832842236290612,1,0.0022026431718061676,85.31277533039648,4,0.04946827207037862,0.11936630012097926,14,0.13883591599997658
t=0.02|d=0.95|tol=1e-04|iter=1000|words=100|mmr=0.70,train,d099e,converged,0.02,0.95,0.0001,1000,100,True,0.7,2,4,20,0.5,0.1,0.16666666666666669,0,1,1,100,1.0,469,12534,0.11420917391066644,12,0.0255863539445629,53.449893390191896,15,0.0761726512431724,0.2092957886755061,17,0.12076612499998873
t=0.02|d=0.95|tol=1e-04|iter=1000|words=100|mmr=0.70,train,d100e,converged,0.02,0.95,0.0001,1000,100,True,0.7,0,5,10,0.0,0.0,0.0,0,0,0,100,1.0,592,20820,0.11901495404033476,11,0.018581081081081082,70.33783783783784,12,0.07268517558852014,0.2570884255951601,17,0.1900850000000105
t=0.02|d=0.95|tol=1e-04|iter=1000|words=100|mmr=0.70,train,d101e,converged,0.02,0.95,0.0001,1000,100,True,0.7,1,6,10,0.16666666666666666,0.1,0.125,0,0,1,100,1.0,514,15876,0.12041777595740323,12,0.023346303501945526,61.77431906614786,20,0.0363764858387686,0.15412488981132985,56,0.2414788339999916
t=0.02|d=0.95|tol=1e-04|iter=1000|words=100|mmr=0.70,train,d102e,converged,0.02,0.95,0.0001,1000,100,True,0.7,0,7,16,0.0,0.0,0.0,0,0,0,100,1.0,678,30836,0.1343598994348658,3,0.004424778761061947,90.96165191740413,5,0.09378986319781865,0.2182847832217777,66,0.5313329169999861
t=0.02|d=0.95|tol=1e-04|iter=1000|words=100|mmr=0.70,train,d103g,converged,0.02,0.95,0.0001,1000,100,True,0.7,0,9,18,0.0,0.0,0.0,0,0,0,100,1.0,219,4611,0.19316325248209124,8,0.0365296803652968,42.10958904109589,10,0.09878986517077659,1.0,23,0.041127957999975706
t=0.02|d=0.95|tol=1e-04|iter=1000|words=100|mmr=0.70,train,d104g,converged,0.02,0.95,0.0001,1000,100,True,0.7,0,7,0,0.0,0.0,0.0,0,0,0,100,1.0,352,14370,0.23261460761460762,0,0.0,81.64772727272727,1,0.10710099299344258,0.26471794472401455,17,0.09261695899999722
t=0.02|d=0.95|tol=1e-04|iter=1000|words=100|mmr=0.70,train,d105g,converged,0.02,0.95,0.0001,1000,100,True,0.7,0,4,11,0.0,0.0,0.0,0,0,0,100,1.0,266,5909,0.16765498652291105,4,0.015037593984962405,44.42857142857143,5,0.04045106851263574,0.08887360414854518,24,0.058812500000016144
t=0.02|d=0.95|tol=1e-04|iter=1000|words=100|mmr=0.70,train,d106g,converged,0.02,0.95,0.0001,1000,100,True,0.7,0,5,0,0.0,0.0,0.0,0,0,0,100,1.0,237,4067,0.14542658943002218,16,0.06751054852320675,34.32067510548523,17,0.0781676414471939,0.23708289736651472,21,0.03818129100000078
t=0.02|d=0.95|tol=1e-04|iter=1000|words=100|mmr=0.70,train,d107g,converged,0.02,0.95,0.0001,1000,100,True,0.7,2,5,12,0.4,0.16666666666666666,0.23529411764705882,1,1,1,100,1.0,271,4750,0.12983463167965012,4,0.014760147601476014,35.055350553505534,5,0.03857552325482258,0.10292341710174052,17,0.04718920799999182
t=0.02|d=0.95|tol=1e-04|iter=1000|words=100|mmr=0.70,train,d108g,converged,0.02,0.95,0.0001,1000,100,True,0.7,0,5,0,0.0,0.0,0.0,0,0,0,100,1.0,216,5330,0.22954349698535745,6,0.027777777777777776,49.351851851851855,7,0.06312044501901114,0.18545858619457245,21,0.040988124999984166
t=0.02|d=0.95|tol=1e-04|iter=1000|words=100|mmr=0.70,train,d109h,converged,0.02,0.95,0.0001,1000,100,True,0.7,1,5,20,0.2,0.05,0.08000000000000002,0,0,1,99,0.99,143,3351,0.3300502314586822,0,0.0,46.86713286713287,1,0.02721052841462392,0.18993614624064137,12,0.020364583999992192
t=0.02|d=0.95|tol=1e-04|iter=1000|words=100|mmr=0.70,train,d110h,converged,0.02,0.95,0.0001,1000,100,True,0.7,1,5,20,0.2,0.05,0.08000000000000002,0,1,1,100,1.0,453,23110,0.22573209087889975,2,0.004415011037527594,102.03090507726269,4,0.07221491561784345,0.17621645683465142,13,0.1479441250000093
t=0.02|d=0.95|tol=1e-04|iter=1000|words=100|mmr=0.70,train,d111h,converged,0.02,0.95,0.0001,1000,100,True,0.7,1,4,14,0.25,0.07142857142857142,0.11111111111111112,1,1,1,100,1.0,214,2837,0.12447896099337458,5,0.02336448598130841,26.514018691588785,6,0.06902741934196678,0.23094549326181563,15,0.030113916999994217
t=0.02|d=0.95|tol=1e-06|iter=100|words=100|mmr=0.70,train,d061j,converged,0.02,0.95,1e-06,100,100,True,0.7,2,5,18,0.4,0.1111111111111111,0.1739130434782609,0,1,1,99,0.99,186,4037,0.23464109270560884,1,0.005376344086021506,43.40860215053763,2,0.13429842620730287,0.45430454776676077,26,0.034653458000008186
t=0.02|d=0.95|tol=1e-06|iter=100|words=100|mmr=0.70,train,d062j,converged,0.02,0.95,1e-06,100,100,True,0.7,0,6,0,0.0,0.0,0.0,0,0,0,99,0.99,120,1653,0.23151260504201682,2,0.016666666666666666,27.55,3,0.047345794531246606,0.24710351783829648,19,0.014715250000023161
t=0.02|d=0.95|tol=1e-06|iter=100|words=100|mmr=0.70,train,d063j,converged,0.02,0.95,1e-06,100,100,True,0.7,0,3,18,0.0,0.0,0.0,0,0,0,100,1.0,253,4848,0.1520798042537173,3,0.011857707509881422,38.32411067193676,4,0.22152607046561681,0.3530378592180876,38,0.058237416999986635
t=0.02|d=0.95|tol=1e-06|iter=100|words=100|mmr=0.70,train,d064j,converged,0.02,0.95,1e-06,100,100,True,0.7,1,7,19,0.14285714285714285,0.05263157894736842,0.07692307692307693,1,1,1,100,1.0,199,3319,0.1684686056545353,2,0.010050251256281407,33.35678391959799,3,0.05058519596002425,0.17190936472085516,17,0.03042454199999156
t=0.02|d=0.95|tol=1e-06|iter=100|words=100|mmr=0.70,train,d065j,converged,0.02,0.95,1e-06,100,100,True,0.7,0,7,12,0.0,0.0,0.0,0,0,0,100,1.0,309,6864,0.14424410540915394,13,0.042071197411003236,44.42718446601942,15,0.042055734477272934,0.2032272410895456,34,0.07825295800000731
t=0.02|d=0.95|tol=1e-06|iter=100|words=100|mmr=0.70,train,d066j,converged,0.02,0.95,1e-06,100,100,True,0.7,0,5,19,0.0,0.0,0.0,0,0,0,100,1.0,204,3853,0.18608132908335748,5,0.024509803921568627,37.77450980392157,6,0.04248254556818008,0.23638592932847835,72,0.06606387499999755
t=0.02|d=0.95|tol=1e-06|iter=100|words=100|mmr=0.70,train,d067f,converged,0.02,0.95,1e-06,100,100,True,0.7,0,4,0,0.0,0.0,0.0,0,0,0,100,1.0,134,2185,0.24520255863539445,3,0.022388059701492536,32.61194029850746,4,0.1589394450865342,0.5862041332101912,91,0.042891541999978244
t=0.02|d=0.95|tol=1e-06|iter=100|words=100|mmr=0.70,train,d068f,converged,0.02,0.95,1e-06,100,100,True,0.7,0,7,0,0.0,0.0,0.0,0,0,0,100,1.0,136,2364,0.257516339869281,4,0.029411764705882353,34.76470588235294,5,0.1277819010135278,0.9999999999999999,35,0.02430174999997803
t=0.02|d=0.95|tol=1e-06|iter=100|words=100|mmr=0.70,train,d069f,converged,0.02,0.95,1e-06,100,100,True,0.7,0,4,14,0.0,0.0,0.0,0,0,0,100,1.0,331,13715,0.2511214867710336,1,0.0030211480362537764,82.87009063444108,2,0.0994082559769004,0.13673162467158978,14,0.08992462500000897
t=0.02|d=0.95|tol=1e-06|iter=100|words=100|mmr=0.70,train,d070f,converged,0.02,0.95,1e-06,100,100,True,0.7,1,6,16,0.16666666666666666,0.0625,0.09090909090909091,1,1,1,100,1.0,167,3139,0.2264627371762499,8,0.04790419161676647,37.59281437125748,9,0.07389060517735592,0.3394669290404032,31,0.03040858299999627
t=0.02|d=0.95|tol=1e-06|iter=100|words=100|mmr=0.70,train,d071f,converged,0.02,0.95,1e-06,100,100,True,0.7,0,8,0,0.0,0.0,0.0,0,0,0,100,1.0,155,1238,0.10372852953498114,17,0.10967741935483871,15.974193548387097,22,0.07834361229485502,0.6086420297263238,88,0.03017729199999053
t=0.02|d=0.95|tol=1e-06|iter=100|words=100|mmr=0.70,train,d072f,converged,0.02,0.95,1e-06,100,100,True,0.7,0,7,0,0.0,0.0,0.0,0,0,0,100,1.0,378,10214,0.14334835024490197,5,0.013227513227513227,54.042328042328045,7,0.10569254796305809,0.6401152146171181,19,0.1036516249999977
t=0.02|d=0.95|tol=1e-06|iter=100|words=100|mmr=0.70,train,d073b,not_converged,0.02,0.95,1e-06,100,100,True,0.7,0,0,12,0.0,0.0,0.0,0,0,0,0,0.0,0,0,0.0,0,0.0,0.0,0,0.0,0.0,100,0.0
t=0.02|d=0.95|tol=1e-06|iter=100|words=100|mmr=0.70,train,d074b,not_converged,0.02,0.95,1e-06,100,100,True,0.7,0,0,0,0.0,0.0,0.0,0,0,0,0,0.0,0,0,0.0,0,0.0,0.0,0,0.0,0.0,100,0.0
t=0.02|d=0.95|tol=1e-06|iter=100|words=100|mmr=0.70,train,d075b,converged,0.02,0.95,1e-06,100,100,True,0.7,1,6,13,0.16666666666666666,0.07692307692307693,0.10526315789473684,0,1,1,100,1.0,277,10963,0.28679432846753516,1,0.0036101083032490976,79.15523465703971,2,0.041709678174563725,0.1746525119154121,16,0.06571166699998798
t=0.02|d=0.95|tol=1e-06|iter=100|words=100|mmr=0.70,train,d076b,converged,0.02,0.95,1e-06,100,100,True,0.7,0,8,13,0.0,0.0,0.0,0,0,0,100,1.0,323,8152,0.15676018691229351,4,0.01238390092879257,50.476780185758514,5,0.08290528595602517,0.24207705704771784,21,0.0753779169999973
t=0.02|d=0.95|tol=1e-06|iter=100|words=100|mmr=0.70,train,d077b,converged,0.02,0.95,1e-06,100,100,True,0.7,1,4,14,0.25,0.07142857142857142,0.11111111111111112,0,1,1,99,0.99,340,10608,0.184070796460177,1,0.0029411764705882353,62.4,2,0.12077568172187715,0.1548717551888946,22,0.08940754200000356
t=0.02|d=0.95|tol=1e-06|iter=100|words=100|mmr=0.70,train,d078b,converged,0.02,0.95,1e-06,100,100,True,0.7,0,5,0,0.0,0.0,0.0,0,0,0,100,1.0,276,5670,0.14940711462450593,1,0.0036231884057971015,41.08695652173913,2,0.09162436232222049,0.17916059524736813,23,0.05532837499998777
t=0.02|d=0.95|tol=1e-06|iter=100|words=100|mmr=0.70,train,d079a,converged,0.02,0.95,1e-06,100,100,True,0.7,1,4,14,0.25,0.07142857142857142,0.11111111111111112,1,1,1,99,0.99,316,11902,0.23914004420333534,1,0.0031645569620253164,75.32911392405063,2,0.08253917533593627,0.2305527285940876,21,0.08841483300000164
t=0.02|d=0.95|tol=1e-06|iter=100|words=100|mmr=0.70,train,d080a,converged,0.02,0.95,1e-06,100,100,True,0.7,1,5,10,0.2,0.1,0.13333333333333333,0,1,1,100,1.0,557,23902,0.1543598155586841,3,0.005385996409335727,85.82405745062836,4,0.17500286322707675,0.44325961017662285,23,0.21801512499999376
t=0.02|d=0.95|tol=1e-06|iter=100|words=100|mmr=0.70,train,d081a,converged,0.02,0.95,1e-06,100,100,True,0.7,0,5,17,0.0,0.0,0.0,0,0,0,100,1.0,299,9891,0.2220152185136136,8,0.026755852842809364,66.16053511705685,9,0.07214056721942197,0.18442328453737752,45,0.11098850000001903
t=0.02|d=0.95|tol=1e-06|iter=100|words=100|mmr=0.70,train,d082a,converged,0.02,0.95,1e-06,100,100,True,0.7,3,7,12,0.42857142857142855,0.25,0.3157894736842105,1,1,1,100,1.0,209,4162,0.19147957305852042,0,0.0,39.82775119617225,2,0.06409117617868809,1.0,17,0.03622404199998641
t=0.02|d=0.95|tol=1e-06|iter=100|words=100|mmr=0.70,train,d083a,converged,0.02,0.95,1e-06,100,100,True,0.7,0,7,17,0.0,0.0,0.0,0,0,0,100,1.0,224,5878,0.23534593209481103,1,0.004464285714285714,52.482142857142854,2,0.1107362335844146,1.0,33,0.055167332999985774
t=0.02|d=0.95|tol=1e-06|iter=100|words=100|mmr=0.70,train,d084a,converged,0.02,0.95,1e-06,100,100,True,0.7,0,7,0,0.0,0.0,0.0,0,0,0,100,1.0,366,14382,0.21531551762856502,2,0.00546448087431694,78.59016393442623,5,0.1015663924408795,0.26512441540086007,38,0.148628666999997
t=0.02|d=0.95|tol=1e-06|iter=100|words=100|mmr=0.70,train,d085d,converged,0.02,0.95,1e-06,100,100,True,0.7,0,5,0,0.0,0.0,0.0,0,0,0,100,1.0,224,4446,0.17801089045483665,1,0.004464285714285714,39.69642857142857,2,0.14240203021260536,0.5758265182499325,24,0.04283737499997642
t=0.02|d=0.95|tol=1e-06|iter=100|words=100|mmr=0.70,train,d086d,converged,0.02,0.95,1e-06,100,100,True,0.7,0,3,0,0.0,0.0,0.0,0,0,0,100,1.0,416,18314,0.2121640407784986,0,0.0,88.04807692307692,2,0.00267820437815618,0.00803461313446854,23,0.14491983400000663
t=0.02|d=0.95|tol=1e-06|iter=100|words=100|mmr=0.70,train,d087d,not_converged,0.02,0.95,1e-06,100,100,True,0.7,0,0,17,0.0,0.0,0.0,0,0,0,0,0.0,0,0,0.0,0,0.0,0.0,0,0.0,0.0,100,0.0
t=0.02|d=0.95|tol=1e-06|iter=100|words=100|mmr=0.70,train,d089d,converged,0.02,0.95,1e-06,100,100,True,0.7,0,6,18,0.0,0.0,0.0,0,0,0,100,1.0,386,12656,0.170325011775789,2,0.0051813471502590676,65.57512953367876,3,0.06802976697774192,0.20870182526366293,27,0.12273266700000818
t=0.02|d=0.95|tol=1e-06|iter=100|words=100|mmr=0.70,train,d090d,converged,0.02,0.95,1e-06,100,100,True,0.7,0,9,0,0.0,0.0,0.0,0,0,0,99,0.99,261,6833,0.20138520483348069,5,0.019157088122605363,52.36015325670498,6,0.196906060920193,1.0,22,0.0573512499999822
t=0.02|d=0.95|tol=1e-06|iter=100|words=100|mmr=0.70,train,d091c,converged,0.02,0.95,1e-06,100,100,True,0.7,1,5,13,0.2,0.07692307692307693,0.1111111111111111,1,1,1,100,1.0,280,7766,0.19882232462877625,1,0.0035714285714285713,55.47142857142857,3,0.06452605680983929,0.16965990484051685,34,0.07686850000001755
t=0.02|d=0.95|tol=1e-06|iter=100|words=100|mmr=0.70,train,d092c,converged,0.02,0.95,1e-06,100,100,True,0.7,0,8,19,0.0,0.0,0.0,0,0,0,100,1.0,291,5913,0.14013508709562744,11,0.037800687285223365,40.63917525773196,13,0.0933455163292348,0.4424510364173557,79,0.11139470800000595
t=0.02|d=0.95|tol=1e-06|iter=100|words=100|mmr=0.70,train,d093c,converged,0.02,0.95,1e-06,100,100,True,0.7,1,7,18,0.14285714285714285,0.05555555555555555,0.08,1,1,1,100,1.0,264,4181,0.12043438184122594,7,0.026515151515151516,31.674242424242426,14,0.08496133886243512,0.45410082900530824,76,0.0847528749999924
t=0.02|d=0.95|tol=1e-06|iter=100|words=100|mmr=0.70,train,d094c,converged,0.02,0.95,1e-06,100,100,True,0.7,2,4,10,0.5,0.2,0.28571428571428575,1,1,1,100,1.0,185,3542,0.20810810810810812,5,0.02702702702702703,38.29189189189189,6,0.06627974988669451,0.12669659804914624,21,0.03049137499999688
t=0.02|d=0.95|tol=1e-06|iter=100|words=100|mmr=0.70,train,d095c,converged,0.02,0.95,1e-06,100,100,True,0.7,1,5,13,0.2,0.07692307692307693,0.1111111111111111,0,0,1,99,0.99,240,4223,0.14724546722454673,4,0.016666666666666666,35.19166666666667,5,0.07469251204041197,0.265407035830987,33,0.04988337500000739
t=0.02|d=0.95|tol=1e-06|iter=100|words=100|mmr=0.70,train,d096c,converged,0.02,0.95,1e-06,100,100,True,0.7,0,9,15,0.0,0.0,0.0,0,0,0,100,1.0,274,5372,0.14363252319456699,11,0.040145985401459854,39.21167883211679,17,0.09867087752940888,0.540754116624691,46,0.07111395900000161
t=0.02|d=0.95|tol=1e-06|iter=100|words=100|mmr=0.70,train,d097e,converged,0.02,0.95,1e-06,100,100,True,0.7,0,5,0,0.0,0.0,0.0,0,0,0,100,1.0,225,4651,0.18456349206349207,3,0.013333333333333334,41.34222222222222,4,0.03441668394697483,0.15819776839198316,23,0.04493108299999449
t=0.02|d=0.95|tol=1e-06|iter=100|words=100|mmr=0.70,train,d098e,converged,0.02,0.95,1e-06,100,100,True,0.7,0,4,0,0.0,0.0,0.0,0,0,0,100,1.0,454,19366,0.18832842236290612,1,0.0022026431718061676,85.31277533039648,4,0.04946827207037862,0.11936630012097926,37,0.22780145800001605
t=0.02|d=0.95|tol=1e-06|iter=100|words=100|mmr=0.70,train,d099e,converged,0.02,0.95,1e-06,100,100,True,0.7,2,4,20,0.5,0.1,0.16666666666666669,0,1,1,100,1.0,469,12534,0.11420917391066644,12,0.0255863539445629,53.449893390191896,15,0.0761726512431724,0.2092957886755061,48,0.18553987499998925
t=0.02|d=0.95|tol=1e-06|iter=100|words=100|mmr=0.70,train,d100e,converged,0.02,0.95,1e-06,100,100,True,0.7,0,5,10,0.0,0.0,0.0,0,0,0,100,1.0,592,20820,0.11901495404033476,11,0.018581081081081082,70.33783783783784,12,0.07268517558852014,0.2570884255951601,35,0.2549141249999991
t=0.02|d=0.95|tol=1e-06|iter=100|words=100|mmr=0.70,train,d101e,not_converged,0.02,0.95,1e-06,100,100,True,0.7,0,0,10,0.0,0.0,0.0,0,0,0,0,0.0,0,0,0.0,0,0.0,0.0,0,0.0,0.0,100,0.0
t=0.02|d=0.95|tol=1e-06|iter=100|words=100|mmr=0.70,train,d102e,not_converged,0.02,0.95,1e-06,100,100,True,0.7,0,0,16,0.0,0.0,0.0,0,0,0,0,0.0,0,0,0.0,0,0.0,0.0,0,0.0,0.0,100,0.0
t=0.02|d=0.95|tol=1e-06|iter=100|words=100|mmr=0.70,train,d103g,converged,0.02,0.95,1e-06,100,100,True,0.7,0,9,18,0.0,0.0,0.0,0,0,0,100,1.0,219,4611,0.19316325248209124,8,0.0365296803652968,42.10958904109589,10,0.09878986517077659,1.0,68,0.07052433399999813
t=0.02|d=0.95|tol=1e-06|iter=100|words=100|mmr=0.70,train,d104g,converged,0.02,0.95,1e-06,100,100,True,0.7,0,7,0,0.0,0.0,0.0,0,0,0,100,1.0,352,14370,0.23261460761460762,0,0.0,81.64772727272727,1,0.10710099299344258,0.26471794472401455,35,0.1389764579999735
t=0.02|d=0.95|tol=1e-06|iter=100|words=100|mmr=0.70,train,d105g,converged,0.02,0.95,1e-06,100,100,True,0.7,0,4,11,0.0,0.0,0.0,0,0,0,100,1.0,266,5909,0.16765498652291105,4,0.015037593984962405,44.42857142857143,5,0.04045106851263574,0.08887360414854518,76,0.10600191599999675
t=0.02|d=0.95|tol=1e-06|iter=100|words=100|mmr=0.70,train,d106g,converged,0.02,0.95,1e-06,100,100,True,0.7,0,5,0,0.0,0.0,0.0,0,0,0,100,1.0,237,4067,0.14542658943002218,16,0.06751054852320675,34.32067510548523,17,0.0781676414471939,0.23708289736651472,39,0.05308670799999504
t=0.02|d=0.95|tol=1e-06|iter=100|words=100|mmr=0.70,train,d107g,converged,0.02,0.95,1e-06,100,100,True,0.7,2,5,12,0.4,0.16666666666666666,0.23529411764705882,1,1,1,100,1.0,271,4750,0.12983463167965012,4,0.014760147601476014,35.055350553505534,5,0.03857552325482258,0.10292341710174052,33,0.06071554199999696
t=0.02|d=0.95|tol=1e-06|iter=100|words=100|mmr=0.70,train,d108g,converged,0.02,0.95,1e-06,100,100,True,0.7,0,5,0,0.0,0.0,0.0,0,0,0,100,1.0,216,5330,0.22954349698535745,6,0.027777777777777776,49.351851851851855,7,0.06312044501901114,0.18545858619457245,58,0.07195375000000581
t=0.02|d=0.95|tol=1e-06|iter=100|words=100|mmr=0.70,train,d109h,converged,0.02,0.95,1e-06,100,100,True,0.7,1,5,20,0.2,0.05,0.08000000000000002,0,0,1,99,0.99,143,3351,0.3300502314586822,0,0.0,46.86713286713287,1,0.02721052841462392,0.18993614624064137,21,0.02533637499999486
t=0.02|d=0.95|tol=1e-06|iter=100|words=100|mmr=0.70,train,d110h,converged,0.02,0.95,1e-06,100,100,True,0.7,1,5,20,0.2,0.05,0.08000000000000002,0,1,1,100,1.0,453,23110,0.22573209087889975,2,0.004415011037527594,102.03090507726269,4,0.07221491561784345,0.17621645683465142,29,0.2071990000000028
t=0.02|d=0.95|tol=1e-06|iter=100|words=100|mmr=0.70,train,d111h,converged,0.02,0.95,1e-06,100,100,True,0.7,1,4,14,0.25,0.07142857142857142,0.11111111111111112,1,1,1,100,1.0,214,2837,0.12447896099337458,5,0.02336448598130841,26.514018691588785,6,0.06902741934196678,0.23094549326181563,25,0.03404591700001447
t=0.02|d=0.95|tol=1e-06|iter=300|words=100|mmr=0.70,train,d061j,converged,0.02,0.95,1e-06,300,100,True,0.7,2,5,18,0.4,0.1111111111111111,0.1739130434782609,0,1,1,99,0.99,186,4037,0.23464109270560884,1,0.005376344086021506,43.40860215053763,2,0.13429842620730287,0.45430454776676077,26,0.03494075000000407
t=0.02|d=0.95|tol=1e-06|iter=300|words=100|mmr=0.70,train,d062j,converged,0.02,0.95,1e-06,300,100,True,0.7,0,6,0,0.0,0.0,0.0,0,0,0,99,0.99,120,1653,0.23151260504201682,2,0.016666666666666666,27.55,3,0.047345794531246606,0.24710351783829648,19,0.014979791000001796
t=0.02|d=0.95|tol=1e-06|iter=300|words=100|mmr=0.70,train,d063j,converged,0.02,0.95,1e-06,300,100,True,0.7,0,3,18,0.0,0.0,0.0,0,0,0,100,1.0,253,4848,0.1520798042537173,3,0.011857707509881422,38.32411067193676,4,0.22152607046561681,0.3530378592180876,38,0.058781583999973464
t=0.02|d=0.95|tol=1e-06|iter=300|words=100|mmr=0.70,train,d064j,converged,0.02,0.95,1e-06,300,100,True,0.7,1,7,19,0.14285714285714285,0.05263157894736842,0.07692307692307693,1,1,1,100,1.0,199,3319,0.1684686056545353,2,0.010050251256281407,33.35678391959799,3,0.05058519596002425,0.17190936472085516,17,0.030017417000010482
t=0.02|d=0.95|tol=1e-06|iter=300|words=100|mmr=0.70,train,d065j,converged,0.02,0.95,1e-06,300,100,True,0.7,0,7,12,0.0,0.0,0.0,0,0,0,100,1.0,309,6864,0.14424410540915394,13,0.042071197411003236,44.42718446601942,15,0.042055734477272934,0.2032272410895456,34,0.07700904199998604
t=0.02|d=0.95|tol=1e-06|iter=300|words=100|mmr=0.70,train,d066j,converged,0.02,0.95,1e-06,300,100,True,0.7,0,5,19,0.0,0.0,0.0,0,0,0,100,1.0,204,3853,0.18608132908335748,5,0.024509803921568627,37.77450980392157,6,0.04248254556818008,0.23638592932847835,72,0.06990700000000061
t=0.02|d=0.95|tol=1e-06|iter=300|words=100|mmr=0.70,train,d067f,converged,0.02,0.95,1e-06,300,100,True,0.7,0,4,0,0.0,0.0,0.0,0,0,0,100,1.0,134,2185,0.24520255863539445,3,0.022388059701492536,32.61194029850746,4,0.1589394450865342,0.5862041332101912,91,0.061955375000025015
t=0.02|d=0.95|tol=1e-06|iter=300|words=100|mmr=0.70,train,d068f,converged,0.02,0.95,1e-06,300,100,True,0.7,0,7,0,0.0,0.0,0.0,0,0,0,100,1.0,136,2364,0.257516339869281,4,0.029411764705882353,34.76470588235294,5,0.1277819010135278,0.9999999999999999,35,0.022763457999985803
t=0.02|d=0.95|tol=1e-06|iter=300|words=100|mmr=0.70,train,d069f,converged,0.02,0.95,1e-06,300,100,True,0.7,0,4,14,0.0,0.0,0.0,0,0,0,100,1.0,331,13715,0.2511214867710336,1,0.0030211480362537764,82.87009063444108,2,0.0994082559769004,0.13673162467158978,14,0.08773991600000386
t=0.02|d=0.95|tol=1e-06|iter=300|words=100|mmr=0.70,train,d070f,converged,0.02,0.95,1e-06,300,100,True,0.7,1,6,16,0.16666666666666666,0.0625,0.09090909090909091,1,1,1,100,1.0,167,3139,0.2264627371762499,8,0.04790419161676647,37.59281437125748,9,0.07389060517735592,0.3394669290404032,31,0.029551832999999306
t=0.02|d=0.95|tol=1e-06|iter=300|words=100|mmr=0.70,train,d071f,converged,0.02,0.95,1e-06,300,100,True,0.7,0,8,0,0.0,0.0,0.0,0,0,0,100,1.0,155,1238,0.10372852953498114,17,0.10967741935483871,15.974193548387097,22,0.07834361229485502,0.6086420297263238,88,0.028386750000009897
t=0.02|d=0.95|tol=1e-06|iter=300|words=100|mmr=0.70,train,d072f,converged,0.02,0.95,1e-06,300,100,True,0.7,0,7,0,0.0,0.0,0.0,0,0,0,100,1.0,378,10214,0.14334835024490197,5,0.013227513227513227,54.042328042328045,7,0.10569254796305809,0.6401152146171181,19,0.09985266699999329
t=0.02|d=0.95|tol=1e-06|iter=300|words=100|mmr=0.70,train,d073b,converged,0.02,0.95,1e-06,300,100,True,0.7,1,11,12,0.09090909090909091,0.08333333333333333,0.08695652173913043,1,1,1,100,1.0,253,3704,0.11619298575820315,12,0.04743083003952569,29.280632411067195,18,0.07777278139631105,0.44999408702453453,102,0.08550054200000545
t=0.02|d=0.95|tol=1e-06|iter=300|words=100|mmr=0.70,train,d074b,converged,0.02,0.95,1e-06,300,100,True,0.7,0,9,0,0.0,0.0,0.0,0,0,0,100,1.0,256,2940,0.0900735294117647,10,0.0390625,22.96875,22,0.0768960982128533,0.41238301648149467,125,0.08103574999998386
t=0.02|d=0.95|tol=1e-06|iter=300|words=100|mmr=0.70,train,d075b,converged,0.02,0.95,1e-06,300,100,True,0.7,1,6,13,0.16666666666666666,0.07692307692307693,0.10526315789473684,0,1,1,100,1.0,277,10963,0.28679432846753516,1,0.0036101083032490976,79.15523465703971,2,0.041709678174563725,0.1746525119154121,16,0.06618416699998875
t=0.02|d=0.95|tol=1e-06|iter=300|words=100|mmr=0.70,train,d076b,converged,0.02,0.95,1e-06,300,100,True,0.7,0,8,13,0.0,0.0,0.0,0,0,0,100,1.0,323,8152,0.15676018691229351,4,0.01238390092879257,50.476780185758514,5,0.08290528595602517,0.24207705704771784,21,0.0778228749999812
t=0.02|d=0.95|tol=1e-06|iter=300|words=100|mmr=0.70,train,d077b,converged,0.02,0.95,1e-06,300,100,True,0.7,1,4,14,0.25,0.07142857142857142,0.11111111111111112,0,1,1,99,0.99,340,10608,0.184070796460177,1,0.0029411764705882353,62.4,2,0.12077568172187715,0.1548717551888946,22,0.08828791599998453
t=0.02|d=0.95|tol=1e-06|iter=300|words=100|mmr=0.70,train,d078b,converged,0.02,0.95,1e-06,300,100,True,0.7,0,5,0,0.0,0.0,0.0,0,0,0,100,1.0,276,5670,0.14940711462450593,1,0.0036231884057971015,41.08695652173913,2,0.09162436232222049,0.17916059524736813,23,0.05479424999998628
t=0.02|d=0.95|tol=1e-06|iter=300|words=100|mmr=0.70,train,d079a,converged,0.02,0.95,1e-06,300,100,True,0.7,1,4,14,0.25,0.07142857142857142,0.11111111111111112,1,1,1,99,0.99,316,11902,0.23914004420333534,1,0.0031645569620253164,75.32911392405063,2,0.08253917533593627,0.2305527285940876,21,0.08804233400002204
t=0.02|d=0.95|tol=1e-06|iter=300|words=100|mmr=0.70,train,d080a,converged,0.02,0.95,1e-06,300,100,True,0.7,1,5,10,0.2,0.1,0.13333333333333333,0,1,1,100,1.0,557,23902,0.1543598155586841,3,0.005385996409335727,85.82405745062836,4,0.17500286322707675,0.44325961017662285,23,0.21755291700000612
t=0.02|d=0.95|tol=1e-06|iter=300|words=100|mmr=0.70,train,d081a,converged,0.02,0.95,1e-06,300,100,True,0.7,0,5,17,0.0,0.0,0.0,0,0,0,100,1.0,299,9891,0.2220152185136136,8,0.026755852842809364,66.16053511705685,9,0.07214056721942197,0.18442328453737752,45,0.1116539580000051
t=0.02|d=0.95|tol=1e-06|iter=300|words=100|mmr=0.70,train,d082a,converged,0.02,0.95,1e-06,300,100,True,0.7,3,7,12,0.42857142857142855,0.25,0.3157894736842105,1,1,1,100,1.0,209,4162,0.19147957305852042,0,0.0,39.82775119617225,2,0.06409117617868809,1.0,17,0.036553749999995944
t=0.02|d=0.95|tol=1e-06|iter=300|words=100|mmr=0.70,train,d083a,converged,0.02,0.95,1e-06,300,100,True,0.7,0,7,17,0.0,0.0,0.0,0,0,0,100,1.0,224,5878,0.23534593209481103,1,0.004464285714285714,52.482142857142854,2,0.1107362335844146,1.0,33,0.05629687499998681
t=0.02|d=0.95|tol=1e-06|iter=300|words=100|mmr=0.70,train,d084a,converged,0.02,0.95,1e-06,300,100,True,0.7,0,7,0,0.0,0.0,0.0,0,0,0,100,1.0,366,14382,0.21531551762856502,2,0.00546448087431694,78.59016393442623,5,0.1015663924408795,0.26512441540086007,38,0.14825466700000334
t=0.02|d=0.95|tol=1e-06|iter=300|words=100|mmr=0.70,train,d085d,converged,0.02,0.95,1e-06,300,100,True,0.7,0,5,0,0.0,0.0,0.0,0,0,0,100,1.0,224,4446,0.17801089045483665,1,0.004464285714285714,39.69642857142857,2,0.14240203021260536,0.5758265182499325,24,0.042283749999995734
t=0.02|d=0.95|tol=1e-06|iter=300|words=100|mmr=0.70,train,d086d,converged,0.02,0.95,1e-06,300,100,True,0.7,0,3,0,0.0,0.0,0.0,0,0,0,100,1.0,416,18314,0.2121640407784986,0,0.0,88.04807692307692,2,0.00267820437815618,0.00803461313446854,23,0.15618645800000763
t=0.02|d=0.95|tol=1e-06|iter=300|words=100|mmr=0.70,train,d087d,converged,0.02,0.95,1e-06,300,100,True,0.7,1,7,17,0.14285714285714285,0.058823529411764705,0.08333333333333333,0,1,1,100,1.0,292,7045,0.16581932872004895,4,0.0136986301369863,48.25342465753425,6,0.045442138418619646,0.22427752557709513,172,0.22910291600001642
t=0.02|d=0.95|tol=1e-06|iter=300|words=100|mmr=0.70,train,d089d,converged,0.02,0.95,1e-06,300,100,True,0.7,0,6,18,0.0,0.0,0.0,0,0,0,100,1.0,386,12656,0.170325011775789,2,0.0051813471502590676,65.57512953367876,3,0.06802976697774192,0.20870182526366293,27,0.12305758399998012
t=0.02|d=0.95|tol=1e-06|iter=300|words=100|mmr=0.70,train,d090d,converged,0.02,0.95,1e-06,300,100,True,0.7,0,9,0,0.0,0.0,0.0,0,0,0,99,0.99,261,6833,0.20138520483348069,5,0.019157088122605363,52.36015325670498,6,0.196906060920193,1.0,22,0.060853000000008706
t=0.02|d=0.95|tol=1e-06|iter=300|words=100|mmr=0.70,train,d091c,converged,0.02,0.95,1e-06,300,100,True,0.7,1,5,13,0.2,0.07692307692307693,0.1111111111111111,1,1,1,100,1.0,280,7766,0.19882232462877625,1,0.0035714285714285713,55.47142857142857,3,0.06452605680983929,0.16965990484051685,34,0.07529491599999005
t=0.02|d=0.95|tol=1e-06|iter=300|words=100|mmr=0.70,train,d092c,converged,0.02,0.95,1e-06,300,100,True,0.7,0,8,19,0.0,0.0,0.0,0,0,0,100,1.0,291,5913,0.14013508709562744,11,0.037800687285223365,40.63917525773196,13,0.0933455163292348,0.4424510364173557,79,0.10837233300000548
t=0.02|d=0.95|tol=1e-06|iter=300|words=100|mmr=0.70,train,d093c,converged,0.02,0.95,1e-06,300,100,True,0.7,1,7,18,0.14285714285714285,0.05555555555555555,0.08,1,1,1,100,1.0,264,4181,0.12043438184122594,7,0.026515151515151516,31.674242424242426,14,0.08496133886243512,0.45410082900530824,76,0.0774818329999789
t=0.02|d=0.95|tol=1e-06|iter=300|words=100|mmr=0.70,train,d094c,converged,0.02,0.95,1e-06,300,100,True,0.7,2,4,10,0.5,0.2,0.28571428571428575,1,1,1,100,1.0,185,3542,0.20810810810810812,5,0.02702702702702703,38.29189189189189,6,0.06627974988669451,0.12669659804914624,21,0.030366833000016413
t=0.02|d=0.95|tol=1e-06|iter=300|words=100|mmr=0.70,train,d095c,converged,0.02,0.95,1e-06,300,100,True,0.7,1,5,13,0.2,0.07692307692307693,0.1111111111111111,0,0,1,99,0.99,240,4223,0.14724546722454673,4,0.016666666666666666,35.19166666666667,5,0.07469251204041197,0.265407035830987,33,0.04872779100000457
t=0.02|d=0.95|tol=1e-06|iter=300|words=100|mmr=0.70,train,d096c,converged,0.02,0.95,1e-06,300,100,True,0.7,0,9,15,0.0,0.0,0.0,0,0,0,100,1.0,274,5372,0.14363252319456699,11,0.040145985401459854,39.21167883211679,17,0.09867087752940888,0.540754116624691,46,0.07039100000000076
t=0.02|d=0.95|tol=1e-06|iter=300|words=100|mmr=0.70,train,d097e,converged,0.02,0.95,1e-06,300,100,True,0.7,0,5,0,0.0,0.0,0.0,0,0,0,100,1.0,225,4651,0.18456349206349207,3,0.013333333333333334,41.34222222222222,4,0.03441668394697483,0.15819776839198316,23,0.044525666999987834
t=0.02|d=0.95|tol=1e-06|iter=300|words=100|mmr=0.70,train,d098e,converged,0.02,0.95,1e-06,300,100,True,0.7,0,4,0,0.0,0.0,0.0,0,0,0,100,1.0,454,19366,0.18832842236290612,1,0.0022026431718061676,85.31277533039648,4,0.04946827207037862,0.11936630012097926,37,0.2116429160000166
t=0.02|d=0.95|tol=1e-06|iter=300|words=100|mmr=0.70,train,d099e,converged,0.02,0.95,1e-06,300,100,True,0.7,2,4,20,0.5,0.1,0.16666666666666669,0,1,1,100,1.0,469,12534,0.11420917391066644,12,0.0255863539445629,53.449893390191896,15,0.0761726512431724,0.2092957886755061,48,0.18520041700000434
t=0.02|d=0.95|tol=1e-06|iter=300|words=100|mmr=0.70,train,d100e,converged,0.02,0.95,1e-06,300,100,True,0.7,0,5,10,0.0,0.0,0.0,0,0,0,100,1.0,592,20820,0.11901495404033476,11,0.018581081081081082,70.33783783783784,12,0.07268517558852014,0.2570884255951601,35,0.252716917000015
t=0.02|d=0.95|tol=1e-06|iter=300|words=100|mmr=0.70,train,d101e,converged,0.02,0.95,1e-06,300,100,True,0.7,1,6,10,0.16666666666666666,0.1,0.125,0,0,1,100,1.0,514,15876,0.12041777595740323,12,0.023346303501945526,61.77431906614786,20,0.0363764858387686,0.15412488981132985,108,0.3744851669999889
t=0.02|d=0.95|tol=1e-06|iter=300|words=100|mmr=0.70,train,d102e,converged,0.02,0.95,1e-06,300,100,True,0.7,0,7,16,0.0,0.0,0.0,0,0,0,100,1.0,678,30836,0.1343598994348658,3,0.004424778761061947,90.96165191740413,5,0.09378986319781865,0.2182847832217777,156,0.9973532920000139
t=0.02|d=0.95|tol=1e-06|iter=300|words=100|mmr=0.70,train,d103g,converged,0.02,0.95,1e-06,300,100,True,0.7,0,9,18,0.0,0.0,0.0,0,0,0,100,1.0,219,4611,0.19316325248209124,8,0.0365296803652968,42.10958904109589,10,0.09878986517077659,1.0,68,0.14971641599998975
t=0.02|d=0.95|tol=1e-06|iter=300|words=100|mmr=0.70,train,d104g,converged,0.02,0.95,1e-06,300,100,True,0.7,0,7,0,0.0,0.0,0.0,0,0,0,100,1.0,352,14370,0.23261460761460762,0,0.0,81.64772727272727,1,0.10710099299344258,0.26471794472401455,35,0.16041908399998306
t=0.02|d=0.95|tol=1e-06|iter=300|words=100|mmr=0.70,train,d105g,converged,0.02,0.95,1e-06,300,100,True,0.7,0,4,11,0.0,0.0,0.0,0,0,0,100,1.0,266,5909,0.16765498652291105,4,0.015037593984962405,44.42857142857143,5,0.04045106851263574,0.08887360414854518,76,0.10525208399999997
t=0.02|d=0.95|tol=1e-06|iter=300|words=100|mmr=0.70,train,d106g,converged,0.02,0.95,1e-06,300,100,True,0.7,0,5,0,0.0,0.0,0.0,0,0,0,100,1.0,237,4067,0.14542658943002218,16,0.06751054852320675,34.32067510548523,17,0.0781676414471939,0.23708289736651472,39,0.05041666600001804
t=0.02|d=0.95|tol=1e-06|iter=300|words=100|mmr=0.70,train,d107g,converged,0.02,0.95,1e-06,300,100,True,0.7,2,5,12,0.4,0.16666666666666666,0.23529411764705882,1,1,1,100,1.0,271,4750,0.12983463167965012,4,0.014760147601476014,35.055350553505534,5,0.03857552325482258,0.10292341710174052,33,0.05908158300002242
t=0.02|d=0.95|tol=1e-06|iter=300|words=100|mmr=0.70,train,d108g,converged,0.02,0.95,1e-06,300,100,True,0.7,0,5,0,0.0,0.0,0.0,0,0,0,100,1.0,216,5330,0.22954349698535745,6,0.027777777777777776,49.351851851851855,7,0.06312044501901114,0.18545858619457245,58,0.06848495899998852
t=0.02|d=0.95|tol=1e-06|iter=300|words=100|mmr=0.70,train,d109h,converged,0.02,0.95,1e-06,300,100,True,0.7,1,5,20,0.2,0.05,0.08000000000000002,0,0,1,99,0.99,143,3351,0.3300502314586822,0,0.0,46.86713286713287,1,0.02721052841462392,0.18993614624064137,21,0.024404250000003458
t=0.02|d=0.95|tol=1e-06|iter=300|words=100|mmr=0.70,train,d110h,converged,0.02,0.95,1e-06,300,100,True,0.7,1,5,20,0.2,0.05,0.08000000000000002,0,1,1,100,1.0,453,23110,0.22573209087889975,2,0.004415011037527594,102.03090507726269,4,0.07221491561784345,0.17621645683465142,29,0.20173670799999854
t=0.02|d=0.95|tol=1e-06|iter=300|words=100|mmr=0.70,train,d111h,converged,0.02,0.95,1e-06,300,100,True,0.7,1,4,14,0.25,0.07142857142857142,0.11111111111111112,1,1,1,100,1.0,214,2837,0.12447896099337458,5,0.02336448598130841,26.514018691588785,6,0.06902741934196678,0.23094549326181563,25,0.03458641699998566
t=0.02|d=0.95|tol=1e-06|iter=1000|words=100|mmr=0.70,train,d061j,converged,0.02,0.95,1e-06,1000,100,True,0.7,2,5,18,0.4,0.1111111111111111,0.1739130434782609,0,1,1,99,0.99,186,4037,0.23464109270560884,1,0.005376344086021506,43.40860215053763,2,0.13429842620730287,0.45430454776676077,26,0.034399792000016305
t=0.02|d=0.95|tol=1e-06|iter=1000|words=100|mmr=0.70,train,d062j,converged,0.02,0.95,1e-06,1000,100,True,0.7,0,6,0,0.0,0.0,0.0,0,0,0,99,0.99,120,1653,0.23151260504201682,2,0.016666666666666666,27.55,3,0.047345794531246606,0.24710351783829648,19,0.014061042000008683
t=0.02|d=0.95|tol=1e-06|iter=1000|words=100|mmr=0.70,train,d063j,converged,0.02,0.95,1e-06,1000,100,True,0.7,0,3,18,0.0,0.0,0.0,0,0,0,100,1.0,253,4848,0.1520798042537173,3,0.011857707509881422,38.32411067193676,4,0.22152607046561681,0.3530378592180876,38,0.0580350420000002
t=0.02|d=0.95|tol=1e-06|iter=1000|words=100|mmr=0.70,train,d064j,converged,0.02,0.95,1e-06,1000,100,True,0.7,1,7,19,0.14285714285714285,0.05263157894736842,0.07692307692307693,1,1,1,100,1.0,199,3319,0.1684686056545353,2,0.010050251256281407,33.35678391959799,3,0.05058519596002425,0.17190936472085516,17,0.029692499999981692
t=0.02|d=0.95|tol=1e-06|iter=1000|words=100|mmr=0.70,train,d065j,converged,0.02,0.95,1e-06,1000,100,True,0.7,0,7,12,0.0,0.0,0.0,0,0,0,100,1.0,309,6864,0.14424410540915394,13,0.042071197411003236,44.42718446601942,15,0.042055734477272934,0.2032272410895456,34,0.07811683299999572
t=0.02|d=0.95|tol=1e-06|iter=1000|words=100|mmr=0.70,train,d066j,converged,0.02,0.95,1e-06,1000,100,True,0.7,0,5,19,0.0,0.0,0.0,0,0,0,100,1.0,204,3853,0.18608132908335748,5,0.024509803921568627,37.77450980392157,6,0.04248254556818008,0.23638592932847835,72,0.06410437499999944
t=0.02|d=0.95|tol=1e-06|iter=1000|words=100|mmr=0.70,train,d067f,converged,0.02,0.95,1e-06,1000,100,True,0.7,0,4,0,0.0,0.0,0.0,0,0,0,100,1.0,134,2185,0.24520255863539445,3,0.022388059701492536,32.61194029850746,4,0.1589394450865342,0.5862041332101912,91,0.041660750000005464
t=0.02|d=0.95|tol=1e-06|iter=1000|words=100|mmr=0.70,train,d068f,converged,0.02,0.95,1e-06,1000,100,True,0.7,0,7,0,0.0,0.0,0.0,0,0,0,100,1.0,136,2364,0.257516339869281,4,0.029411764705882353,34.76470588235294,5,0.1277819010135278,0.9999999999999999,35,0.023506166000004214
t=0.02|d=0.95|tol=1e-06|iter=1000|words=100|mmr=0.70,train,d069f,converged,0.02,0.95,1e-06,1000,100,True,0.7,0,4,14,0.0,0.0,0.0,0,0,0,100,1.0,331,13715,0.2511214867710336,1,0.0030211480362537764,82.87009063444108,2,0.0994082559769004,0.13673162467158978,14,0.08729825000000346
t=0.02|d=0.95|tol=1e-06|iter=1000|words=100|mmr=0.70,train,d070f,converged,0.02,0.95,1e-06,1000,100,True,0.7,1,6,16,0.16666666666666666,0.0625,0.09090909090909091,1,1,1,100,1.0,167,3139,0.2264627371762499,8,0.04790419161676647,37.59281437125748,9,0.07389060517735592,0.3394669290404032,31,0.029681958000026043
t=0.02|d=0.95|tol=1e-06|iter=1000|words=100|mmr=0.70,train,d071f,converged,0.02,0.95,1e-06,1000,100,True,0.7,0,8,0,0.0,0.0,0.0,0,0,0,100,1.0,155,1238,0.10372852953498114,17,0.10967741935483871,15.974193548387097,22,0.07834361229485502,0.6086420297263238,88,0.028551707999980636
t=0.02|d=0.95|tol=1e-06|iter=1000|words=100|mmr=0.70,train,d072f,converged,0.02,0.95,1e-06,1000,100,True,0.7,0,7,0,0.0,0.0,0.0,0,0,0,100,1.0,378,10214,0.14334835024490197,5,0.013227513227513227,54.042328042328045,7,0.10569254796305809,0.6401152146171181,19,0.10048645899999542
t=0.02|d=0.95|tol=1e-06|iter=1000|words=100|mmr=0.70,train,d073b,converged,0.02,0.95,1e-06,1000,100,True,0.7,1,11,12,0.09090909090909091,0.08333333333333333,0.08695652173913043,1,1,1,100,1.0,253,3704,0.11619298575820315,12,0.04743083003952569,29.280632411067195,18,0.07777278139631105,0.44999408702453453,102,0.08575862500001108
t=0.02|d=0.95|tol=1e-06|iter=1000|words=100|mmr=0.70,train,d074b,converged,0.02,0.95,1e-06,1000,100,True,0.7,0,9,0,0.0,0.0,0.0,0,0,0,100,1.0,256,2940,0.0900735294117647,10,0.0390625,22.96875,22,0.0768960982128533,0.41238301648149467,125,0.082586708000008
t=0.02|d=0.95|tol=1e-06|iter=1000|words=100|mmr=0.70,train,d075b,converged,0.02,0.95,1e-06,1000,100,True,0.7,1,6,13,0.16666666666666666,0.07692307692307693,0.10526315789473684,0,1,1,100,1.0,277,10963,0.28679432846753516,1,0.0036101083032490976,79.15523465703971,2,0.041709678174563725,0.1746525119154121,16,0.06665799999998967
t=0.02|d=0.95|tol=1e-06|iter=1000|words=100|mmr=0.70,train,d076b,converged,0.02,0.95,1e-06,1000,100,True,0.7,0,8,13,0.0,0.0,0.0,0,0,0,100,1.0,323,8152,0.15676018691229351,4,0.01238390092879257,50.476780185758514,5,0.08290528595602517,0.24207705704771784,21,0.08365645899999663
t=0.02|d=0.95|tol=1e-06|iter=1000|words=100|mmr=0.70,train,d077b,converged,0.02,0.95,1e-06,1000,100,True,0.7,1,4,14,0.25,0.07142857142857142,0.11111111111111112,0,1,1,99,0.99,340,10608,0.184070796460177,1,0.0029411764705882353,62.4,2,0.12077568172187715,0.1548717551888946,22,0.09298129100000097
t=0.02|d=0.95|tol=1e-06|iter=1000|words=100|mmr=0.70,train,d078b,converged,0.02,0.95,1e-06,1000,100,True,0.7,0,5,0,0.0,0.0,0.0,0,0,0,100,1.0,276,5670,0.14940711462450593,1,0.0036231884057971015,41.08695652173913,2,0.09162436232222049,0.17916059524736813,23,0.055863291999997955
t=0.02|d=0.95|tol=1e-06|iter=1000|words=100|mmr=0.70,train,d079a,converged,0.02,0.95,1e-06,1000,100,True,0.7,1,4,14,0.25,0.07142857142857142,0.11111111111111112,1,1,1,99,0.99,316,11902,0.23914004420333534,1,0.0031645569620253164,75.32911392405063,2,0.08253917533593627,0.2305527285940876,21,0.08726312500002109
t=0.02|d=0.95|tol=1e-06|iter=1000|words=100|mmr=0.70,train,d080a,converged,0.02,0.95,1e-06,1000,100,True,0.7,1,5,10,0.2,0.1,0.13333333333333333,0,1,1,100,1.0,557,23902,0.1543598155586841,3,0.005385996409335727,85.82405745062836,4,0.17500286322707675,0.44325961017662285,23,0.2207145829999888
t=0.02|d=0.95|tol=1e-06|iter=1000|words=100|mmr=0.70,train,d081a,converged,0.02,0.95,1e-06,1000,100,True,0.7,0,5,17,0.0,0.0,0.0,0,0,0,100,1.0,299,9891,0.2220152185136136,8,0.026755852842809364,66.16053511705685,9,0.07214056721942197,0.18442328453737752,45,0.12033074999999371
t=0.02|d=0.95|tol=1e-06|iter=1000|words=100|mmr=0.70,train,d082a,converged,0.02,0.95,1e-06,1000,100,True,0.7,3,7,12,0.42857142857142855,0.25,0.3157894736842105,1,1,1,100,1.0,209,4162,0.19147957305852042,0,0.0,39.82775119617225,2,0.06409117617868809,1.0,17,0.037183207999987644
t=0.02|d=0.95|tol=1e-06|iter=1000|words=100|mmr=0.70,train,d083a,converged,0.02,0.95,1e-06,1000,100,True,0.7,0,7,17,0.0,0.0,0.0,0,0,0,100,1.0,224,5878,0.23534593209481103,1,0.004464285714285714,52.482142857142854,2,0.1107362335844146,1.0,33,0.0570850420000113
t=0.02|d=0.95|tol=1e-06|iter=1000|words=100|mmr=0.70,train,d084a,converged,0.02,0.95,1e-06,1000,100,True,0.7,0,7,0,0.0,0.0,0.0,0,0,0,100,1.0,366,14382,0.21531551762856502,2,0.00546448087431694,78.59016393442623,5,0.1015663924408795,0.26512441540086007,38,0.1522827500000119
t=0.02|d=0.95|tol=1e-06|iter=1000|words=100|mmr=0.70,train,d085d,converged,0.02,0.95,1e-06,1000,100,True,0.7,0,5,0,0.0,0.0,0.0,0,0,0,100,1.0,224,4446,0.17801089045483665,1,0.004464285714285714,39.69642857142857,2,0.14240203021260536,0.5758265182499325,24,0.04278758300000618
t=0.02|d=0.95|tol=1e-06|iter=1000|words=100|mmr=0.70,train,d086d,converged,0.02,0.95,1e-06,1000,100,True,0.7,0,3,0,0.0,0.0,0.0,0,0,0,100,1.0,416,18314,0.2121640407784986,0,0.0,88.04807692307692,2,0.00267820437815618,0.00803461313446854,23,0.1462904169999888
t=0.02|d=0.95|tol=1e-06|iter=1000|words=100|mmr=0.70,train,d087d,converged,0.02,0.95,1e-06,1000,100,True,0.7,1,7,17,0.14285714285714285,0.058823529411764705,0.08333333333333333,0,1,1,100,1.0,292,7045,0.16581932872004895,4,0.0136986301369863,48.25342465753425,6,0.045442138418619646,0.22427752557709513,172,0.24547687500000848
t=0.02|d=0.95|tol=1e-06|iter=1000|words=100|mmr=0.70,train,d089d,converged,0.02,0.95,1e-06,1000,100,True,0.7,0,6,18,0.0,0.0,0.0,0,0,0,100,1.0,386,12656,0.170325011775789,2,0.0051813471502590676,65.57512953367876,3,0.06802976697774192,0.20870182526366293,27,0.12335112499999923
t=0.02|d=0.95|tol=1e-06|iter=1000|words=100|mmr=0.70,train,d090d,converged,0.02,0.95,1e-06,1000,100,True,0.7,0,9,0,0.0,0.0,0.0,0,0,0,99,0.99,261,6833,0.20138520483348069,5,0.019157088122605363,52.36015325670498,6,0.196906060920193,1.0,22,0.0610881670000083
t=0.02|d=0.95|tol=1e-06|iter=1000|words=100|mmr=0.70,train,d091c,converged,0.02,0.95,1e-06,1000,100,True,0.7,1,5,13,0.2,0.07692307692307693,0.1111111111111111,1,1,1,100,1.0,280,7766,0.19882232462877625,1,0.0035714285714285713,55.47142857142857,3,0.06452605680983929,0.16965990484051685,34,0.07834841700000084
t=0.02|d=0.95|tol=1e-06|iter=1000|words=100|mmr=0.70,train,d092c,converged,0.02,0.95,1e-06,1000,100,True,0.7,0,8,19,0.0,0.0,0.0,0,0,0,100,1.0,291,5913,0.14013508709562744,11,0.037800687285223365,40.63917525773196,13,0.0933455163292348,0.4424510364173557,79,0.11056924999999751
t=0.02|d=0.95|tol=1e-06|iter=1000|words=100|mmr=0.70,train,d093c,converged,0.02,0.95,1e-06,1000,100,True,0.7,1,7,18,0.14285714285714285,0.05555555555555555,0.08,1,1,1,100,1.0,264,4181,0.12043438184122594,7,0.026515151515151516,31.674242424242426,14,0.08496133886243512,0.45410082900530824,76,0.07701345800001036
t=0.02|d=0.95|tol=1e-06|iter=1000|words=100|mmr=0.70,train,d094c,converged,0.02,0.95,1e-06,1000,100,True,0.7,2,4,10,0.5,0.2,0.28571428571428575,1,1,1,100,1.0,185,3542,0.20810810810810812,5,0.02702702702702703,38.29189189189189,6,0.06627974988669451,0.12669659804914624,21,0.0301339579999933
t=0.02|d=0.95|tol=1e-06|iter=1000|words=100|mmr=0.70,train,d095c,converged,0.02,0.95,1e-06,1000,100,True,0.7,1,5,13,0.2,0.07692307692307693,0.1111111111111111,0,0,1,99,0.99,240,4223,0.14724546722454673,4,0.016666666666666666,35.19166666666667,5,0.07469251204041197,0.265407035830987,33,0.04841183300001717
t=0.02|d=0.95|tol=1e-06|iter=1000|words=100|mmr=0.70,train,d096c,converged,0.02,0.95,1e-06,1000,100,True,0.7,0,9,15,0.0,0.0,0.0,0,0,0,100,1.0,274,5372,0.14363252319456699,11,0.040145985401459854,39.21167883211679,17,0.09867087752940888,0.540754116624691,46,0.06902654200001734
t=0.02|d=0.95|tol=1e-06|iter=1000|words=100|mmr=0.70,train,d097e,converged,0.02,0.95,1e-06,1000,100,True,0.7,0,5,0,0.0,0.0,0.0,0,0,0,100,1.0,225,4651,0.18456349206349207,3,0.013333333333333334,41.34222222222222,4,0.03441668394697483,0.15819776839198316,23,0.04328912500000115
t=0.02|d=0.95|tol=1e-06|iter=1000|words=100|mmr=0.70,train,d098e,converged,0.02,0.95,1e-06,1000,100,True,0.7,0,4,0,0.0,0.0,0.0,0,0,0,100,1.0,454,19366,0.18832842236290612,1,0.0022026431718061676,85.31277533039648,4,0.04946827207037862,0.11936630012097926,37,0.2131702080000082
t=0.02|d=0.95|tol=1e-06|iter=1000|words=100|mmr=0.70,train,d099e,converged,0.02,0.95,1e-06,1000,100,True,0.7,2,4,20,0.5,0.1,0.16666666666666669,0,1,1,100,1.0,469,12534,0.11420917391066644,12,0.0255863539445629,53.449893390191896,15,0.0761726512431724,0.2092957886755061,48,0.18529779200000007
t=0.02|d=0.95|tol=1e-06|iter=1000|words=100|mmr=0.70,train,d100e,converged,0.02,0.95,1e-06,1000,100,True,0.7,0,5,10,0.0,0.0,0.0,0,0,0,100,1.0,592,20820,0.11901495404033476,11,0.018581081081081082,70.33783783783784,12,0.07268517558852014,0.2570884255951601,35,0.2525859159999868
t=0.02|d=0.95|tol=1e-06|iter=1000|words=100|mmr=0.70,train,d101e,converged,0.02,0.95,1e-06,1000,100,True,0.7,1,6,10,0.16666666666666666,0.1,0.125,0,0,1,100,1.0,514,15876,0.12041777595740323,12,0.023346303501945526,61.77431906614786,20,0.0363764858387686,0.15412488981132985,108,0.3767442919999837
t=0.02|d=0.95|tol=1e-06|iter=1000|words=100|mmr=0.70,train,d102e,converged,0.02,0.95,1e-06,1000,100,True,0.7,0,7,16,0.0,0.0,0.0,0,0,0,100,1.0,678,30836,0.1343598994348658,3,0.004424778761061947,90.96165191740413,5,0.09378986319781865,0.2182847832217777,156,0.9948939159999952
t=0.02|d=0.95|tol=1e-06|iter=1000|words=100|mmr=0.70,train,d103g,converged,0.02,0.95,1e-06,1000,100,True,0.7,0,9,18,0.0,0.0,0.0,0,0,0,100,1.0,219,4611,0.19316325248209124,8,0.0365296803652968,42.10958904109589,10,0.09878986517077659,1.0,68,0.07066687500000057
t=0.02|d=0.95|tol=1e-06|iter=1000|words=100|mmr=0.70,train,d104g,converged,0.02,0.95,1e-06,1000,100,True,0.7,0,7,0,0.0,0.0,0.0,0,0,0,100,1.0,352,14370,0.23261460761460762,0,0.0,81.64772727272727,1,0.10710099299344258,0.26471794472401455,35,0.13015533299997628
t=0.02|d=0.95|tol=1e-06|iter=1000|words=100|mmr=0.70,train,d105g,converged,0.02,0.95,1e-06,1000,100,True,0.7,0,4,11,0.0,0.0,0.0,0,0,0,100,1.0,266,5909,0.16765498652291105,4,0.015037593984962405,44.42857142857143,5,0.04045106851263574,0.08887360414854518,76,0.1030727499999955
t=0.02|d=0.95|tol=1e-06|iter=1000|words=100|mmr=0.70,train,d106g,converged,0.02,0.95,1e-06,1000,100,True,0.7,0,5,0,0.0,0.0,0.0,0,0,0,100,1.0,237,4067,0.14542658943002218,16,0.06751054852320675,34.32067510548523,17,0.0781676414471939,0.23708289736651472,39,0.04882308399999147
t=0.02|d=0.95|tol=1e-06|iter=1000|words=100|mmr=0.70,train,d107g,converged,0.02,0.95,1e-06,1000,100,True,0.7,2,5,12,0.4,0.16666666666666666,0.23529411764705882,1,1,1,100,1.0,271,4750,0.12983463167965012,4,0.014760147601476014,35.055350553505534,5,0.03857552325482258,0.10292341710174052,33,0.05752416699999685
t=0.02|d=0.95|tol=1e-06|iter=1000|words=100|mmr=0.70,train,d108g,converged,0.02,0.95,1e-06,1000,100,True,0.7,0,5,0,0.0,0.0,0.0,0,0,0,100,1.0,216,5330,0.22954349698535745,6,0.027777777777777776,49.351851851851855,7,0.06312044501901114,0.18545858619457245,58,0.06708929199999147
t=0.02|d=0.95|tol=1e-06|iter=1000|words=100|mmr=0.70,train,d109h,converged,0.02,0.95,1e-06,1000,100,True,0.7,1,5,20,0.2,0.05,0.08000000000000002,0,0,1,99,0.99,143,3351,0.3300502314586822,0,0.0,46.86713286713287,1,0.02721052841462392,0.18993614624064137,21,0.024250958000010314
t=0.02|d=0.95|tol=1e-06|iter=1000|words=100|mmr=0.70,train,d110h,converged,0.02,0.95,1e-06,1000,100,True,0.7,1,5,20,0.2,0.05,0.08000000000000002,0,1,1,100,1.0,453,23110,0.22573209087889975,2,0.004415011037527594,102.03090507726269,4,0.07221491561784345,0.17621645683465142,29,0.20271287500000312
t=0.02|d=0.95|tol=1e-06|iter=1000|words=100|mmr=0.70,train,d111h,converged,0.02,0.95,1e-06,1000,100,True,0.7,1,4,14,0.25,0.07142857142857142,0.11111111111111112,1,1,1,100,1.0,214,2837,0.12447896099337458,5,0.02336448598130841,26.514018691588785,6,0.06902741934196678,0.23094549326181563,25,0.05794845799999848
t=0.02|d=0.95|tol=1e-08|iter=100|words=100|mmr=0.70,train,d061j,converged,0.02,0.95,1e-08,100,100,True,0.7,1,5,18,0.2,0.05555555555555555,0.08695652173913045,0,0,1,99,0.99,186,4037,0.23464109270560884,1,0.005376344086021506,43.40860215053763,2,0.13429842620730287,0.45430454776676077,40,0.0449169999999981
t=0.02|d=0.95|tol=1e-08|iter=100|words=100|mmr=0.70,train,d062j,converged,0.02,0.95,1e-08,100,100,True,0.7,0,6,0,0.0,0.0,0.0,0,0,0,99,0.99,120,1653,0.23151260504201682,2,0.016666666666666666,27.55,3,0.047345794531246606,0.24710351783829648,27,0.017333333000010498
t=0.02|d=0.95|tol=1e-08|iter=100|words=100|mmr=0.70,train,d063j,converged,0.02,0.95,1e-08,100,100,True,0.7,0,3,18,0.0,0.0,0.0,0,0,0,100,1.0,253,4848,0.1520798042537173,3,0.011857707509881422,38.32411067193676,4,0.22152607046561681,0.3530378592180876,58,0.07263016599998195
t=0.02|d=0.95|tol=1e-08|iter=100|words=100|mmr=0.70,train,d064j,converged,0.02,0.95,1e-08,100,100,True,0.7,1,7,19,0.14285714285714285,0.05263157894736842,0.07692307692307693,1,1,1,100,1.0,199,3319,0.1684686056545353,2,0.010050251256281407,33.35678391959799,3,0.05058519596002425,0.17190936472085516,24,0.03349045799998862
t=0.02|d=0.95|tol=1e-08|iter=100|words=100|mmr=0.70,train,d065j,converged,0.02,0.95,1e-08,100,100,True,0.7,0,7,12,0.0,0.0,0.0,0,0,0,100,1.0,309,6864,0.14424410540915394,13,0.042071197411003236,44.42718446601942,15,0.042055734477272934,0.2032272410895456,50,0.09545795799999723
t=0.02|d=0.95|tol=1e-08|iter=100|words=100|mmr=0.70,train,d066j,not_converged,0.02,0.95,1e-08,100,100,True,0.7,0,0,19,0.0,0.0,0.0,0,0,0,0,0.0,0,0,0.0,0,0.0,0.0,0,0.0,0.0,100,0.0
t=0.02|d=0.95|tol=1e-08|iter=100|words=100|mmr=0.70,train,d067f,not_converged,0.02,0.95,1e-08,100,100,True,0.7,0,0,0,0.0,0.0,0.0,0,0,0,0,0.0,0,0,0.0,0,0.0,0.0,0,0.0,0.0,100,0.0
t=0.02|d=0.95|tol=1e-08|iter=100|words=100|mmr=0.70,train,d068f,converged,0.02,0.95,1e-08,100,100,True,0.7,0,7,0,0.0,0.0,0.0,0,0,0,100,1.0,136,2364,0.257516339869281,4,0.029411764705882353,34.76470588235294,5,0.1277819010135278,0.9999999999999999,52,0.03338112500000534
t=0.02|d=0.95|tol=1e-08|iter=100|words=100|mmr=0.70,train,d069f,converged,0.02,0.95,1e-08,100,100,True,0.7,0,4,14,0.0,0.0,0.0,0,0,0,100,1.0,331,13715,0.2511214867710336,1,0.0030211480362537764,82.87009063444108,2,0.0994082559769004,0.13673162467158978,18,0.12632100000001856
t=0.02|d=0.95|tol=1e-08|iter=100|words=100|mmr=0.70,train,d070f,converged,0.02,0.95,1e-08,100,100,True,0.7,1,6,16,0.16666666666666666,0.0625,0.09090909090909091,1,1,1,100,1.0,167,3139,0.2264627371762499,8,0.04790419161676647,37.59281437125748,9,0.07389060517735592,0.3394669290404032,45,0.04409183299998176
t=0.02|d=0.95|tol=1e-08|iter=100|words=100|mmr=0.70,train,d071f,not_converged,0.02,0.95,1e-08,100,100,True,0.7,0,0,0,0.0,0.0,0.0,0,0,0,0,0.0,0,0,0.0,0,0.0,0.0,0,0.0,0.0,100,0.0
t=0.02|d=0.95|tol=1e-08|iter=100|words=100|mmr=0.70,train,d072f,converged,0.02,0.95,1e-08,100,100,True,0.7,0,7,0,0.0,0.0,0.0,0,0,0,100,1.0,378,10214,0.14334835024490197,5,0.013227513227513227,54.042328042328045,7,0.10569254796305809,0.6401152146171181,27,0.11426862499999402
t=0.02|d=0.95|tol=1e-08|iter=100|words=100|mmr=0.70,train,d073b,not_converged,0.02,0.95,1e-08,100,100,True,0.7,0,0,12,0.0,0.0,0.0,0,0,0,0,0.0,0,0,0.0,0,0.0,0.0,0,0.0,0.0,100,0.0
t=0.02|d=0.95|tol=1e-08|iter=100|words=100|mmr=0.70,train,d074b,not_converged,0.02,0.95,1e-08,100,100,True,0.7,0,0,0,0.0,0.0,0.0,0,0,0,0,0.0,0,0,0.0,0,0.0,0.0,0,0.0,0.0,100,0.0
t=0.02|d=0.95|tol=1e-08|iter=100|words=100|mmr=0.70,train,d075b,converged,0.02,0.95,1e-08,100,100,True,0.7,1,6,13,0.16666666666666666,0.07692307692307693,0.10526315789473684,0,1,1,100,1.0,277,10963,0.28679432846753516,1,0.0036101083032490976,79.15523465703971,2,0.041709678174563725,0.1746525119154121,23,0.08318441699998402
t=0.02|d=0.95|tol=1e-08|iter=100|words=100|mmr=0.70,train,d076b,converged,0.02,0.95,1e-08,100,100,True,0.7,0,8,13,0.0,0.0,0.0,0,0,0,100,1.0,323,8152,0.15676018691229351,4,0.01238390092879257,50.476780185758514,5,0.08290528595602517,0.24207705704771784,30,0.08967741700001852
t=0.02|d=0.95|tol=1e-08|iter=100|words=100|mmr=0.70,train,d077b,converged,0.02,0.95,1e-08,100,100,True,0.7,1,4,14,0.25,0.07142857142857142,0.11111111111111112,0,1,1,99,0.99,340,10608,0.184070796460177,1,0.0029411764705882353,62.4,2,0.12077568172187715,0.1548717551888946,30,0.11084787499999038
t=0.02|d=0.95|tol=1e-08|iter=100|words=100|mmr=0.70,train,d078b,converged,0.02,0.95,1e-08,100,100,True,0.7,0,5,0,0.0,0.0,0.0,0,0,0,100,1.0,276,5670,0.14940711462450593,1,0.0036231884057971015,41.08695652173913,2,0.09162436232222049,0.17916059524736813,34,0.06998462500001779
t=0.02|d=0.95|tol=1e-08|iter=100|words=100|mmr=0.70,train,d079a,converged,0.02,0.95,1e-08,100,100,True,0.7,1,4,14,0.25,0.07142857142857142,0.11111111111111112,1,1,1,99,0.99,316,11902,0.23914004420333534,1,0.0031645569620253164,75.32911392405063,2,0.08253917533593627,0.2305527285940876,30,0.10714379199998803
t=0.02|d=0.95|tol=1e-08|iter=100|words=100|mmr=0.70,train,d080a,converged,0.02,0.95,1e-08,100,100,True,0.7,1,5,10,0.2,0.1,0.13333333333333333,0,1,1,100,1.0,557,23902,0.1543598155586841,3,0.005385996409335727,85.82405745062836,4,0.17500286322707675,0.44325961017662285,31,0.2676735000000008
t=0.02|d=0.95|tol=1e-08|iter=100|words=100|mmr=0.70,train,d081a,converged,0.02,0.95,1e-08,100,100,True,0.7,0,5,17,0.0,0.0,0.0,0,0,0,100,1.0,299,9891,0.2220152185136136,8,0.026755852842809364,66.16053511705685,9,0.07214056721942197,0.18442328453737752,72,0.1559601670000177
t=0.02|d=0.95|tol=1e-08|iter=100|words=100|mmr=0.70,train,d082a,converged,0.02,0.95,1e-08,100,100,True,0.7,3,7,12,0.42857142857142855,0.25,0.3157894736842105,1,1,1,100,1.0,209,4162,0.19147957305852042,0,0.0,39.82775119617225,2,0.06409117617868809,1.0,23,0.04179654099999652
t=0.02|d=0.95|tol=1e-08|iter=100|words=100|mmr=0.70,train,d083a,converged,0.02,0.95,1e-08,100,100,True,0.7,0,7,17,0.0,0.0,0.0,0,0,0,100,1.0,224,5878,0.23534593209481103,1,0.004464285714285714,52.482142857142854,2,0.1107362335844146,1.0,50,0.07156266600000549
t=0.02|d=0.95|tol=1e-08|iter=100|words=100|mmr=0.70,train,d084a,converged,0.02,0.95,1e-08,100,100,True,0.7,0,7,0,0.0,0.0,0.0,0,0,0,100,1.0,366,14382,0.21531551762856502,2,0.00546448087431694,78.59016393442623,5,0.1015663924408795,0.26512441540086007,61,0.2060069169999963
t=0.02|d=0.95|tol=1e-08|iter=100|words=100|mmr=0.70,train,d085d,converged,0.02,0.95,1e-08,100,100,True,0.7,0,5,0,0.0,0.0,0.0,0,0,0,100,1.0,224,4446,0.17801089045483665,1,0.004464285714285714,39.69642857142857,2,0.14240203021260536,0.5758265182499325,33,0.04884504099999276
t=0.02|d=0.95|tol=1e-08|iter=100|words=100|mmr=0.70,train,d086d,converged,0.02,0.95,1e-08,100,100,True,0.7,0,3,0,0.0,0.0,0.0,0,0,0,100,1.0,416,18314,0.2121640407784986,0,0.0,88.04807692307692,2,0.00267820437815618,0.00803461313446854,35,0.1893637500000125
t=0.02|d=0.95|tol=1e-08|iter=100|words=100|mmr=0.70,train,d087d,not_converged,0.02,0.95,1e-08,100,100,True,0.7,0,0,17,0.0,0.0,0.0,0,0,0,0,0.0,0,0,0.0,0,0.0,0.0,0,0.0,0.0,100,0.0
t=0.02|d=0.95|tol=1e-08|iter=100|words=100|mmr=0.70,train,d089d,converged,0.02,0.95,1e-08,100,100,True,0.7,0,6,18,0.0,0.0,0.0,0,0,0,100,1.0,386,12656,0.170325011775789,2,0.0051813471502590676,65.57512953367876,3,0.06899100443670252,0.20870182526366293,40,0.15801075000001674
t=0.02|d=0.95|tol=1e-08|iter=100|words=100|mmr=0.70,train,d090d,converged,0.02,0.95,1e-08,100,100,True,0.7,0,9,0,0.0,0.0,0.0,0,0,0,99,0.99,261,6833,0.20138520483348069,5,0.019157088122605363,52.36015325670498,6,0.196906060920193,1.0,29,0.0672156250000171
t=0.02|d=0.95|tol=1e-08|iter=100|words=100|mmr=0.70,train,d091c,converged,0.02,0.95,1e-08,100,100,True,0.7,1,6,13,0.16666666666666666,0.07692307692307693,0.10526315789473684,0,0,1,100,1.0,280,7766,0.19882232462877625,1,0.0035714285714285713,55.47142857142857,3,0.04301737120655953,0.16965990484051685,51,0.10092995799999471
t=0.02|d=0.95|tol=1e-08|iter=100|words=100|mmr=0.70,train,d092c,not_converged,0.02,0.95,1e-08,100,100,True,0.7,0,0,19,0.0,0.0,0.0,0,0,0,0,0.0,0,0,0.0,0,0.0,0.0,0,0.0,0.0,100,0.0
t=0.02|d=0.95|tol=1e-08|iter=100|words=100|mmr=0.70,train,d093c,not_converged,0.02,0.95,1e-08,100,100,True,0.7,0,0,18,0.0,0.0,0.0,0,0,0,0,0.0,0,0,0.0,0,0.0,0.0,0,0.0,0.0,100,0.0
t=0.02|d=0.95|tol=1e-08|iter=100|words=100|mmr=0.70,train,d094c,converged,0.02,0.95,1e-08,100,100,True,0.7,2,4,10,0.5,0.2,0.28571428571428575,1,1,1,100,1.0,185,3542,0.20810810810810812,5,0.02702702702702703,38.29189189189189,6,0.06627974988669451,0.12669659804914624,31,0.03495308300000488
t=0.02|d=0.95|tol=1e-08|iter=100|words=100|mmr=0.70,train,d095c,converged,0.02,0.95,1e-08,100,100,True,0.7,1,5,13,0.2,0.07692307692307693,0.1111111111111111,0,0,1,99,0.99,240,4223,0.14724546722454673,4,0.016666666666666666,35.19166666666667,5,0.07469251204041197,0.265407035830987,48,0.05752058300001295
t=0.02|d=0.95|tol=1e-08|iter=100|words=100|mmr=0.70,train,d096c,converged,0.02,0.95,1e-08,100,100,True,0.7,0,9,15,0.0,0.0,0.0,0,0,0,100,1.0,274,5372,0.14363252319456699,11,0.040145985401459854,39.21167883211679,17,0.09867087752940888,0.540754116624691,72,0.09327933299999813
t=0.02|d=0.95|tol=1e-08|iter=100|words=100|mmr=0.70,train,d097e,converged,0.02,0.95,1e-08,100,100,True,0.7,0,5,0,0.0,0.0,0.0,0,0,0,100,1.0,225,4651,0.18456349206349207,3,0.013333333333333334,41.34222222222222,4,0.03441668394697483,0.15819776839198316,33,0.05249783300001809
t=0.02|d=0.95|tol=1e-08|iter=100|words=100|mmr=0.70,train,d098e,converged,0.02,0.95,1e-08,100,100,True,0.7,0,4,0,0.0,0.0,0.0,0,0,0,100,1.0,454,19366,0.18832842236290612,1,0.0022026431718061676,85.31277533039648,4,0.04946827207037862,0.11936630012097926,59,0.2799993329999779
t=0.02|d=0.95|tol=1e-08|iter=100|words=100|mmr=0.70,train,d099e,converged,0.02,0.95,1e-08,100,100,True,0.7,2,4,20,0.5,0.1,0.16666666666666669,0,1,1,100,1.0,469,12534,0.11420917391066644,12,0.0255863539445629,53.449893390191896,15,0.0761726512431724,0.2092957886755061,81,0.2587861250000003
t=0.02|d=0.95|tol=1e-08|iter=100|words=100|mmr=0.70,train,d100e,converged,0.02,0.95,1e-08,100,100,True,0.7,0,5,10,0.0,0.0,0.0,0,0,0,100,1.0,592,20820,0.11901495404033476,11,0.018581081081081082,70.33783783783784,12,0.07268517558852014,0.2570884255951601,53,0.32313333299998703
t=0.02|d=0.95|tol=1e-08|iter=100|words=100|mmr=0.70,train,d101e,not_converged,0.02,0.95,1e-08,100,100,True,0.7,0,0,10,0.0,0.0,0.0,0,0,0,0,0.0,0,0,0.0,0,0.0,0.0,0,0.0,0.0,100,0.0
t=0.02|d=0.95|tol=1e-08|iter=100|words=100|mmr=0.70,train,d102e,not_converged,0.02,0.95,1e-08,100,100,True,0.7,0,0,16,0.0,0.0,0.0,0,0,0,0,0.0,0,0,0.0,0,0.0,0.0,0,0.0,0.0,100,0.0
t=0.02|d=0.95|tol=1e-08|iter=100|words=100|mmr=0.70,train,d103g,not_converged,0.02,0.95,1e-08,100,100,True,0.7,0,0,18,0.0,0.0,0.0,0,0,0,0,0.0,0,0,0.0,0,0.0,0.0,0,0.0,0.0,100,0.0
t=0.02|d=0.95|tol=1e-08|iter=100|words=100|mmr=0.70,train,d104g,converged,0.02,0.95,1e-08,100,100,True,0.7,0,7,0,0.0,0.0,0.0,0,0,0,100,1.0,352,14370,0.23261460761460762,0,0.0,81.64772727272727,1,0.10710099299344258,0.26471794472401455,53,0.17445658300002265
t=0.02|d=0.95|tol=1e-08|iter=100|words=100|mmr=0.70,train,d105g,not_converged,0.02,0.95,1e-08,100,100,True,0.7,0,0,11,0.0,0.0,0.0,0,0,0,0,0.0,0,0,0.0,0,0.0,0.0,0,0.0,0.0,100,0.0
t=0.02|d=0.95|tol=1e-08|iter=100|words=100|mmr=0.70,train,d106g,converged,0.02,0.95,1e-08,100,100,True,0.7,0,5,0,0.0,0.0,0.0,0,0,0,100,1.0,237,4067,0.14542658943002218,16,0.06751054852320675,34.32067510548523,17,0.0781676414471939,0.23708289736651472,57,0.06296600000001717
t=0.02|d=0.95|tol=1e-08|iter=100|words=100|mmr=0.70,train,d107g,converged,0.02,0.95,1e-08,100,100,True,0.7,2,5,12,0.4,0.16666666666666666,0.23529411764705882,1,1,1,100,1.0,271,4750,0.12983463167965012,4,0.014760147601476014,35.055350553505534,5,0.03857552325482258,0.10292341710174052,50,0.07360462500000153
t=0.02|d=0.95|tol=1e-08|iter=100|words=100|mmr=0.70,train,d108g,converged,0.02,0.95,1e-08,100,100,True,0.7,0,5,0,0.0,0.0,0.0,0,0,0,100,1.0,216,5330,0.22954349698535745,6,0.027777777777777776,49.351851851851855,7,0.06312044501901114,0.18545858619457245,95,0.10070304100000271
t=0.02|d=0.95|tol=1e-08|iter=100|words=100|mmr=0.70,train,d109h,converged,0.02,0.95,1e-08,100,100,True,0.7,1,5,20,0.2,0.05,0.08000000000000002,0,0,1,99,0.99,143,3351,0.3300502314586822,0,0.0,46.86713286713287,1,0.02721052841462392,0.18993614624064137,30,0.029189209000008987
t=0.02|d=0.95|tol=1e-08|iter=100|words=100|mmr=0.70,train,d110h,converged,0.02,0.95,1e-08,100,100,True,0.7,1,5,20,0.2,0.05,0.08000000000000002,0,1,1,100,1.0,453,23110,0.22573209087889975,2,0.004415011037527594,102.03090507726269,4,0.07221491561784345,0.17621645683465142,45,0.2605875840000067
t=0.02|d=0.95|tol=1e-08|iter=100|words=100|mmr=0.70,train,d111h,converged,0.02,0.95,1e-08,100,100,True,0.7,1,4,14,0.25,0.07142857142857142,0.11111111111111112,1,1,1,100,1.0,214,2837,0.12447896099337458,5,0.02336448598130841,26.514018691588785,6,0.06902741934196678,0.23094549326181563,35,0.03899437499998726
t=0.02|d=0.95|tol=1e-08|iter=300|words=100|mmr=0.70,train,d061j,converged,0.02,0.95,1e-08,300,100,True,0.7,1,5,18,0.2,0.05555555555555555,0.08695652173913045,0,0,1,99,0.99,186,4037,0.23464109270560884,1,0.005376344086021506,43.40860215053763,2,0.13429842620730287,0.45430454776676077,40,0.042631916999994246
t=0.02|d=0.95|tol=1e-08|iter=300|words=100|mmr=0.70,train,d062j,converged,0.02,0.95,1e-08,300,100,True,0.7,0,6,0,0.0,0.0,0.0,0,0,0,99,0.99,120,1653,0.23151260504201682,2,0.016666666666666666,27.55,3,0.047345794531246606,0.24710351783829648,27,0.01685683299999141
t=0.02|d=0.95|tol=1e-08|iter=300|words=100|mmr=0.70,train,d063j,converged,0.02,0.95,1e-08,300,100,True,0.7,0,3,18,0.0,0.0,0.0,0,0,0,100,1.0,253,4848,0.1520798042537173,3,0.011857707509881422,38.32411067193676,4,0.22152607046561681,0.3530378592180876,58,0.07834900000000289
t=0.02|d=0.95|tol=1e-08|iter=300|words=100|mmr=0.70,train,d064j,converged,0.02,0.95,1e-08,300,100,True,0.7,1,7,19,0.14285714285714285,0.05263157894736842,0.07692307692307693,1,1,1,100,1.0,199,3319,0.1684686056545353,2,0.010050251256281407,33.35678391959799,3,0.05058519596002425,0.17190936472085516,24,0.0355929580000236
t=0.02|d=0.95|tol=1e-08|iter=300|words=100|mmr=0.70,train,d065j,converged,0.02,0.95,1e-08,300,100,True,0.7,0,7,12,0.0,0.0,0.0,0,0,0,100,1.0,309,6864,0.14424410540915394,13,0.042071197411003236,44.42718446601942,15,0.042055734477272934,0.2032272410895456,50,0.09475675000001615
t=0.02|d=0.95|tol=1e-08|iter=300|words=100|mmr=0.70,train,d066j,converged,0.02,0.95,1e-08,300,100,True,0.7,0,5,19,0.0,0.0,0.0,0,0,0,100,1.0,204,3853,0.18608132908335748,5,0.024509803921568627,37.77450980392157,6,0.04248254556818008,0.23638592932847835,123,0.09663045799999281
t=0.02|d=0.95|tol=1e-08|iter=300|words=100|mmr=0.70,train,d067f,converged,0.02,0.95,1e-08,300,100,True,0.7,0,4,0,0.0,0.0,0.0,0,0,0,100,1.0,134,2185,0.24520255863539445,3,0.022388059701492536,32.61194029850746,4,0.1589394450865342,0.5862041332101912,144,0.06007941699999719
t=0.02|d=0.95|tol=1e-08|iter=300|words=100|mmr=0.70,train,d068f,converged,0.02,0.95,1e-08,300,100,True,0.7,0,7,0,0.0,0.0,0.0,0,0,0,100,1.0,136,2364,0.257516339869281,4,0.029411764705882353,34.76470588235294,5,0.1277819010135278,0.9999999999999999,52,0.02962833400002296
t=0.02|d=0.95|tol=1e-08|iter=300|words=100|mmr=0.70,train,d069f,converged,0.02,0.95,1e-08,300,100,True,0.7,0,4,14,0.0,0.0,0.0,0,0,0,100,1.0,331,13715,0.2511214867710336,1,0.0030211480362537764,82.87009063444108,2,0.0994082559769004,0.13673162467158978,18,0.09754558399998814
t=0.02|d=0.95|tol=1e-08|iter=300|words=100|mmr=0.70,train,d070f,converged,0.02,0.95,1e-08,300,100,True,0.7,1,6,16,0.16666666666666666,0.0625,0.09090909090909091,1,1,1,100,1.0,167,3139,0.2264627371762499,8,0.04790419161676647,37.59281437125748,9,0.07389060517735592,0.3394669290404032,45,0.03703279199999088
t=0.02|d=0.95|tol=1e-08|iter=300|words=100|mmr=0.70,train,d071f,converged,0.02,0.95,1e-08,300,100,True,0.7,0,8,0,0.0,0.0,0.0,0,0,0,100,1.0,155,1238,0.10372852953498114,17,0.10967741935483871,15.974193548387097,22,0.07834361229485502,0.6086420297263238,132,0.03797079200001008
t=0.02|d=0.95|tol=1e-08|iter=300|words=100|mmr=0.70,train,d072f,converged,0.02,0.95,1e-08,300,100,True,0.7,0,7,0,0.0,0.0,0.0,0,0,0,100,1.0,378,10214,0.14334835024490197,5,0.013227513227513227,54.042328042328045,7,0.10569254796305809,0.6401152146171181,27,0.11372229200000561
t=0.02|d=0.95|tol=1e-08|iter=300|words=100|mmr=0.70,train,d073b,converged,0.02,0.95,1e-08,300,100,True,0.7,1,11,12,0.09090909090909091,0.08333333333333333,0.08695652173913043,1,1,1,100,1.0,253,3704,0.11619298575820315,12,0.04743083003952569,29.280632411067195,18,0.07777278139631105,0.44999408702453453,151,0.11485383300001217
t=0.02|d=0.95|tol=1e-08|iter=300|words=100|mmr=0.70,train,d074b,converged,0.02,0.95,1e-08,300,100,True,0.7,0,9,0,0.0,0.0,0.0,0,0,0,100,1.0,256,2940,0.0900735294117647,10,0.0390625,22.96875,22,0.0768960982128533,0.41238301648149467,188,0.11206225000000813
t=0.02|d=0.95|tol=1e-08|iter=300|words=100|mmr=0.70,train,d075b,converged,0.02,0.95,1e-08,300,100,True,0.7,1,6,13,0.16666666666666666,0.07692307692307693,0.10526315789473684,0,1,1,100,1.0,277,10963,0.28679432846753516,1,0.0036101083032490976,79.15523465703971,2,0.041709678174563725,0.1746525119154121,23,0.07883245799999372
t=0.02|d=0.95|tol=1e-08|iter=300|words=100|mmr=0.70,train,d076b,converged,0.02,0.95,1e-08,300,100,True,0.7,0,8,13,0.0,0.0,0.0,0,0,0,100,1.0,323,8152,0.15676018691229351,4,0.01238390092879257,50.476780185758514,5,0.08290528595602517,0.24207705704771784,30,0.0894980409999846
t=0.02|d=0.95|tol=1e-08|iter=300|words=100|mmr=0.70,train,d077b,converged,0.02,0.95,1e-08,300,100,True,0.7,1,4,14,0.25,0.07142857142857142,0.11111111111111112,0,1,1,99,0.99,340,10608,0.184070796460177,1,0.0029411764705882353,62.4,2,0.12077568172187715,0.1548717551888946,30,0.10209450000002107
t=0.02|d=0.95|tol=1e-08|iter=300|words=100|mmr=0.70,train,d078b,converged,0.02,0.95,1e-08,300,100,True,0.7,0,5,0,0.0,0.0,0.0,0,0,0,100,1.0,276,5670,0.14940711462450593,1,0.0036231884057971015,41.08695652173913,2,0.09162436232222049,0.17916059524736813,34,0.06526183299999389
t=0.02|d=0.95|tol=1e-08|iter=300|words=100|mmr=0.70,train,d079a,converged,0.02,0.95,1e-08,300,100,True,0.7,1,4,14,0.25,0.07142857142857142,0.11111111111111112,1,1,1,99,0.99,316,11902,0.23914004420333534,1,0.0031645569620253164,75.32911392405063,2,0.08253917533593627,0.2305527285940876,30,0.10382216700000413
t=0.02|d=0.95|tol=1e-08|iter=300|words=100|mmr=0.70,train,d080a,converged,0.02,0.95,1e-08,300,100,True,0.7,1,5,10,0.2,0.1,0.13333333333333333,0,1,1,100,1.0,557,23902,0.1543598155586841,3,0.005385996409335727,85.82405745062836,4,0.17500286322707675,0.44325961017662285,31,0.24952383300001202
t=0.02|d=0.95|tol=1e-08|iter=300|words=100|mmr=0.70,train,d081a,converged,0.02,0.95,1e-08,300,100,True,0.7,0,5,17,0.0,0.0,0.0,0,0,0,100,1.0,299,9891,0.2220152185136136,8,0.026755852842809364,66.16053511705685,9,0.07214056721942197,0.18442328453737752,72,0.1499657500000069
t=0.02|d=0.95|tol=1e-08|iter=300|words=100|mmr=0.70,train,d082a,converged,0.02,0.95,1e-08,300,100,True,0.7,3,7,12,0.42857142857142855,0.25,0.3157894736842105,1,1,1,100,1.0,209,4162,0.19147957305852042,0,0.0,39.82775119617225,2,0.06409117617868809,1.0,23,0.03935995800000569
t=0.02|d=0.95|tol=1e-08|iter=300|words=100|mmr=0.70,train,d083a,converged,0.02,0.95,1e-08,300,100,True,0.7,0,7,17,0.0,0.0,0.0,0,0,0,100,1.0,224,5878,0.23534593209481103,1,0.004464285714285714,52.482142857142854,2,0.1107362335844146,1.0,50,0.06973883300000239
t=0.02|d=0.95|tol=1e-08|iter=300|words=100|mmr=0.70,train,d084a,converged,0.02,0.95,1e-08,300,100,True,0.7,0,7,0,0.0,0.0,0.0,0,0,0,100,1.0,366,14382,0.21531551762856502,2,0.00546448087431694,78.59016393442623,5,0.1015663924408795,0.26512441540086007,61,0.20008841700001767
t=0.02|d=0.95|tol=1e-08|iter=300|words=100|mmr=0.70,train,d085d,converged,0.02,0.95,1e-08,300,100,True,0.7,0,5,0,0.0,0.0,0.0,0,0,0,100,1.0,224,4446,0.17801089045483665,1,0.004464285714285714,39.69642857142857,2,0.14240203021260536,0.5758265182499325,33,0.052401166999999305
t=0.02|d=0.95|tol=1e-08|iter=300|words=100|mmr=0.70,train,d086d,converged,0.02,0.95,1e-08,300,100,True,0.7,0,3,0,0.0,0.0,0.0,0,0,0,100,1.0,416,18314,0.2121640407784986,0,0.0,88.04807692307692,2,0.00267820437815618,0.00803461313446854,35,0.18497125000001802
t=0.02|d=0.95|tol=1e-08|iter=300|words=100|mmr=0.70,train,d087d,converged,0.02,0.95,1e-08,300,100,True,0.7,1,7,17,0.14285714285714285,0.058823529411764705,0.08333333333333333,0,1,1,100,1.0,292,7045,0.16581932872004895,4,0.0136986301369863,48.25342465753425,6,0.045442138418619646,0.22427752557709513,262,0.33519416600000795
t=0.02|d=0.95|tol=1e-08|iter=300|words=100|mmr=0.70,train,d089d,converged,0.02,0.95,1e-08,300,100,True,0.7,0,6,18,0.0,0.0,0.0,0,0,0,100,1.0,386,12656,0.170325011775789,2,0.0051813471502590676,65.57512953367876,3,0.06899100443670252,0.20870182526366293,40,0.154196082999988
t=0.02|d=0.95|tol=1e-08|iter=300|words=100|mmr=0.70,train,d090d,converged,0.02,0.95,1e-08,300,100,True,0.7,0,9,0,0.0,0.0,0.0,0,0,0,99,0.99,261,6833,0.20138520483348069,5,0.019157088122605363,52.36015325670498,6,0.196906060920193,1.0,29,0.06362512499998729
t=0.02|d=0.95|tol=1e-08|iter=300|words=100|mmr=0.70,train,d091c,converged,0.02,0.95,1e-08,300,100,True,0.7,1,6,13,0.16666666666666666,0.07692307692307693,0.10526315789473684,0,0,1,100,1.0,280,7766,0.19882232462877625,1,0.0035714285714285713,55.47142857142857,3,0.04301737120655953,0.16965990484051685,51,0.09735900000001152
t=0.02|d=0.95|tol=1e-08|iter=300|words=100|mmr=0.70,train,d092c,converged,0.02,0.95,1e-08,300,100,True,0.7,0,8,19,0.0,0.0,0.0,0,0,0,100,1.0,291,5913,0.14013508709562744,11,0.037800687285223365,40.63917525773196,13,0.0933455163292348,0.4424510364173557,131,0.15846175000001494
t=0.02|d=0.95|tol=1e-08|iter=300|words=100|mmr=0.70,train,d093c,converged,0.02,0.95,1e-08,300,100,True,0.7,1,7,18,0.14285714285714285,0.05555555555555555,0.08,1,1,1,100,1.0,264,4181,0.12043438184122594,7,0.026515151515151516,31.674242424242426,14,0.08496133886243512,0.45410082900530824,114,0.1031793749999963
t=0.02|d=0.95|tol=1e-08|iter=300|words=100|mmr=0.70,train,d094c,converged,0.02,0.95,1e-08,300,100,True,0.7,2,4,10,0.5,0.2,0.28571428571428575,1,1,1,100,1.0,185,3542,0.20810810810810812,5,0.02702702702702703,38.29189189189189,6,0.06627974988669451,0.12669659804914624,31,0.035612250000014
t=0.02|d=0.95|tol=1e-08|iter=300|words=100|mmr=0.70,train,d095c,converged,0.02,0.95,1e-08,300,100,True,0.7,1,5,13,0.2,0.07692307692307693,0.1111111111111111,0,0,1,99,0.99,240,4223,0.14724546722454673,4,0.016666666666666666,35.19166666666667,5,0.07469251204041197,0.265407035830987,48,0.057950624999989486
t=0.02|d=0.95|tol=1e-08|iter=300|words=100|mmr=0.70,train,d096c,converged,0.02,0.95,1e-08,300,100,True,0.7,0,9,15,0.0,0.0,0.0,0,0,0,100,1.0,274,5372,0.14363252319456699,11,0.040145985401459854,39.21167883211679,17,0.09867087752940888,0.540754116624691,72,0.09093295799999623
t=0.02|d=0.95|tol=1e-08|iter=300|words=100|mmr=0.70,train,d097e,converged,0.02,0.95,1e-08,300,100,True,0.7,0,5,0,0.0,0.0,0.0,0,0,0,100,1.0,225,4651,0.18456349206349207,3,0.013333333333333334,41.34222222222222,4,0.03441668394697483,0.15819776839198316,33,0.05082499999997481
t=0.02|d=0.95|tol=1e-08|iter=300|words=100|mmr=0.70,train,d098e,converged,0.02,0.95,1e-08,300,100,True,0.7,0,4,0,0.0,0.0,0.0,0,0,0,100,1.0,454,19366,0.18832842236290612,1,0.0022026431718061676,85.31277533039648,4,0.04946827207037862,0.11936630012097926,59,0.2773067090000154
t=0.02|d=0.95|tol=1e-08|iter=300|words=100|mmr=0.70,train,d099e,converged,0.02,0.95,1e-08,300,100,True,0.7,2,4,20,0.5,0.1,0.16666666666666669,0,1,1,100,1.0,469,12534,0.11420917391066644,12,0.0255863539445629,53.449893390191896,15,0.0761726512431724,0.2092957886755061,81,0.2611511249999978
t=0.02|d=0.95|tol=1e-08|iter=300|words=100|mmr=0.70,train,d100e,converged,0.02,0.95,1e-08,300,100,True,0.7,0,5,10,0.0,0.0,0.0,0,0,0,100,1.0,592,20820,0.11901495404033476,11,0.018581081081081082,70.33783783783784,12,0.07268517558852014,0.2570884255951601,53,0.32180154100001346
t=0.02|d=0.95|tol=1e-08|iter=300|words=100|mmr=0.70,train,d101e,converged,0.02,0.95,1e-08,300,100,True,0.7,1,6,10,0.16666666666666666,0.1,0.125,0,0,1,100,1.0,514,15876,0.12041777595740323,12,0.023346303501945526,61.77431906614786,20,0.0363764858387686,0.15412488981132985,161,0.5191190829999925
t=0.02|d=0.95|tol=1e-08|iter=300|words=100|mmr=0.70,train,d102e,converged,0.02,0.95,1e-08,300,100,True,0.7,0,7,16,0.0,0.0,0.0,0,0,0,100,1.0,678,30836,0.1343598994348658,3,0.004424778761061947,90.96165191740413,5,0.09378986319781865,0.2182847832217777,246,1.4489574170000026
t=0.02|d=0.95|tol=1e-08|iter=300|words=100|mmr=0.70,train,d103g,converged,0.02,0.95,1e-08,300,100,True,0.7,0,9,18,0.0,0.0,0.0,0,0,0,100,1.0,219,4611,0.19316325248209124,8,0.0365296803652968,42.10958904109589,10,0.09878986517077659,1.0,113,0.10300541700001986
t=0.02|d=0.95|tol=1e-08|iter=300|words=100|mmr=0.70,train,d104g,converged,0.02,0.95,1e-08,300,100,True,0.7,0,7,0,0.0,0.0,0.0,0,0,0,100,1.0,352,14370,0.23261460761460762,0,0.0,81.64772727272727,1,0.10710099299344258,0.26471794472401455,53,0.17054262499999595
t=0.02|d=0.95|tol=1e-08|iter=300|words=100|mmr=0.70,train,d105g,converged,0.02,0.95,1e-08,300,100,True,0.7,0,4,11,0.0,0.0,0.0,0,0,0,100,1.0,266,5909,0.16765498652291105,4,0.015037593984962405,44.42857142857143,5,0.04045106851263574,0.08887360414854518,129,0.15322574999999006
t=0.02|d=0.95|tol=1e-08|iter=300|words=100|mmr=0.70,train,d106g,converged,0.02,0.95,1e-08,300,100,True,0.7,0,5,0,0.0,0.0,0.0,0,0,0,100,1.0,237,4067,0.14542658943002218,16,0.06751054852320675,34.32067510548523,17,0.0781676414471939,0.23708289736651472,57,0.060824499999995396
t=0.02|d=0.95|tol=1e-08|iter=300|words=100|mmr=0.70,train,d107g,converged,0.02,0.95,1e-08,300,100,True,0.7,2,5,12,0.4,0.16666666666666666,0.23529411764705882,1,1,1,100,1.0,271,4750,0.12983463167965012,4,0.014760147601476014,35.055350553505534,5,0.03857552325482258,0.10292341710174052,50,0.07397545899999614
t=0.02|d=0.95|tol=1e-08|iter=300|words=100|mmr=0.70,train,d108g,converged,0.02,0.95,1e-08,300,100,True,0.7,0,5,0,0.0,0.0,0.0,0,0,0,100,1.0,216,5330,0.22954349698535745,6,0.027777777777777776,49.351851851851855,7,0.06312044501901114,0.18545858619457245,95,0.10817529099998069
t=0.02|d=0.95|tol=1e-08|iter=300|words=100|mmr=0.70,train,d109h,converged,0.02,0.95,1e-08,300,100,True,0.7,1,5,20,0.2,0.05,0.08000000000000002,0,0,1,99,0.99,143,3351,0.3300502314586822,0,0.0,46.86713286713287,1,0.02721052841462392,0.18993614624064137,30,0.030092209000002867
t=0.02|d=0.95|tol=1e-08|iter=300|words=100|mmr=0.70,train,d110h,converged,0.02,0.95,1e-08,300,100,True,0.7,1,5,20,0.2,0.05,0.08000000000000002,0,1,1,100,1.0,453,23110,0.22573209087889975,2,0.004415011037527594,102.03090507726269,4,0.07221491561784345,0.17621645683465142,45,0.2634662500000218
t=0.02|d=0.95|tol=1e-08|iter=300|words=100|mmr=0.70,train,d111h,converged,0.02,0.95,1e-08,300,100,True,0.7,1,4,14,0.25,0.07142857142857142,0.11111111111111112,1,1,1,100,1.0,214,2837,0.12447896099337458,5,0.02336448598130841,26.514018691588785,6,0.06902741934196678,0.23094549326181563,35,0.03890487499998585
t=0.02|d=0.95|tol=1e-08|iter=1000|words=100|mmr=0.70,train,d061j,converged,0.02,0.95,1e-08,1000,100,True,0.7,1,5,18,0.2,0.05555555555555555,0.08695652173913045,0,0,1,99,0.99,186,4037,0.23464109270560884,1,0.005376344086021506,43.40860215053763,2,0.13429842620730287,0.45430454776676077,40,0.04234941600000752
t=0.02|d=0.95|tol=1e-08|iter=1000|words=100|mmr=0.70,train,d062j,converged,0.02,0.95,1e-08,1000,100,True,0.7,0,6,0,0.0,0.0,0.0,0,0,0,99,0.99,120,1653,0.23151260504201682,2,0.016666666666666666,27.55,3,0.047345794531246606,0.24710351783829648,27,0.016498749999982465
t=0.02|d=0.95|tol=1e-08|iter=1000|words=100|mmr=0.70,train,d063j,converged,0.02,0.95,1e-08,1000,100,True,0.7,0,3,18,0.0,0.0,0.0,0,0,0,100,1.0,253,4848,0.1520798042537173,3,0.011857707509881422,38.32411067193676,4,0.22152607046561681,0.3530378592180876,58,0.07200533399998221
t=0.02|d=0.95|tol=1e-08|iter=1000|words=100|mmr=0.70,train,d064j,converged,0.02,0.95,1e-08,1000,100,True,0.7,1,7,19,0.14285714285714285,0.05263157894736842,0.07692307692307693,1,1,1,100,1.0,199,3319,0.1684686056545353,2,0.010050251256281407,33.35678391959799,3,0.05058519596002425,0.17190936472085516,24,0.03405241699999806
t=0.02|d=0.95|tol=1e-08|iter=1000|words=100|mmr=0.70,train,d065j,converged,0.02,0.95,1e-08,1000,100,True,0.7,0,7,12,0.0,0.0,0.0,0,0,0,100,1.0,309,6864,0.14424410540915394,13,0.042071197411003236,44.42718446601942,15,0.042055734477272934,0.2032272410895456,50,0.09377087500001835
t=0.02|d=0.95|tol=1e-08|iter=1000|words=100|mmr=0.70,train,d066j,converged,0.02,0.95,1e-08,1000,100,True,0.7,0,5,19,0.0,0.0,0.0,0,0,0,100,1.0,204,3853,0.18608132908335748,5,0.024509803921568627,37.77450980392157,6,0.04248254556818008,0.23638592932847835,123,0.09145433399999092
t=0.02|d=0.95|tol=1e-08|iter=1000|words=100|mmr=0.70,train,d067f,converged,0.02,0.95,1e-08,1000,100,True,0.7,0,4,0,0.0,0.0,0.0,0,0,0,100,1.0,134,2185,0.24520255863539445,3,0.022388059701492536,32.61194029850746,4,0.1589394450865342,0.5862041332101912,144,0.058111916999990854
t=0.02|d=0.95|tol=1e-08|iter=1000|words=100|mmr=0.70,train,d068f,converged,0.02,0.95,1e-08,1000,100,True,0.7,0,7,0,0.0,0.0,0.0,0,0,0,100,1.0,136,2364,0.257516339869281,4,0.029411764705882353,34.76470588235294,5,0.1277819010135278,0.9999999999999999,52,0.028909375000012005
t=0.02|d=0.95|tol=1e-08|iter=1000|words=100|mmr=0.70,train,d069f,converged,0.02,0.95,1e-08,1000,100,True,0.7,0,4,14,0.0,0.0,0.0,0,0,0,100,1.0,331,13715,0.2511214867710336,1,0.0030211480362537764,82.87009063444108,2,0.0994082559769004,0.13673162467158978,18,0.09622708300000227
t=0.02|d=0.95|tol=1e-08|iter=1000|words=100|mmr=0.70,train,d070f,converged,0.02,0.95,1e-08,1000,100,True,0.7,1,6,16,0.16666666666666666,0.0625,0.09090909090909091,1,1,1,100,1.0,167,3139,0.2264627371762499,8,0.04790419161676647,37.59281437125748,9,0.07389060517735592,0.3394669290404032,45,0.03703887499997904
t=0.02|d=0.95|tol=1e-08|iter=1000|words=100|mmr=0.70,train,d071f,converged,0.02,0.95,1e-08,1000,100,True,0.7,0,8,0,0.0,0.0,0.0,0,0,0,100,1.0,155,1238,0.10372852953498114,17,0.10967741935483871,15.974193548387097,22,0.07834361229485502,0.6086420297263238,132,0.03827391699999794
t=0.02|d=0.95|tol=1e-08|iter=1000|words=100|mmr=0.70,train,d072f,converged,0.02,0.95,1e-08,1000,100,True,0.7,0,7,0,0.0,0.0,0.0,0,0,0,100,1.0,378,10214,0.14334835024490197,5,0.013227513227513227,54.042328042328045,7,0.10569254796305809,0.6401152146171181,27,0.12003458300000602
t=0.02|d=0.95|tol=1e-08|iter=1000|words=100|mmr=0.70,train,d073b,converged,0.02,0.95,1e-08,1000,100,True,0.7,1,11,12,0.09090909090909091,0.08333333333333333,0.08695652173913043,1,1,1,100,1.0,253,3704,0.11619298575820315,12,0.04743083003952569,29.280632411067195,18,0.07777278139631105,0.44999408702453453,151,0.11737933300000236
t=0.02|d=0.95|tol=1e-08|iter=1000|words=100|mmr=0.70,train,d074b,converged,0.02,0.95,1e-08,1000,100,True,0.7,0,9,0,0.0,0.0,0.0,0,0,0,100,1.0,256,2940,0.0900735294117647,10,0.0390625,22.96875,22,0.0768960982128533,0.41238301648149467,188,0.11321079199998962
t=0.02|d=0.95|tol=1e-08|iter=1000|words=100|mmr=0.70,train,d075b,converged,0.02,0.95,1e-08,1000,100,True,0.7,1,6,13,0.16666666666666666,0.07692307692307693,0.10526315789473684,0,1,1,100,1.0,277,10963,0.28679432846753516,1,0.0036101083032490976,79.15523465703971,2,0.041709678174563725,0.1746525119154121,23,0.08117087499999798
t=0.02|d=0.95|tol=1e-08|iter=1000|words=100|mmr=0.70,train,d076b,converged,0.02,0.95,1e-08,1000,100,True,0.7,0,8,13,0.0,0.0,0.0,0,0,0,100,1.0,323,8152,0.15676018691229351,4,0.01238390092879257,50.476780185758514,5,0.08290528595602517,0.24207705704771784,30,0.08991775000001212
t=0.02|d=0.95|tol=1e-08|iter=1000|words=100|mmr=0.70,train,d077b,converged,0.02,0.95,1e-08,1000,100,True,0.7,1,4,14,0.25,0.07142857142857142,0.11111111111111112,0,1,1,99,0.99,340,10608,0.184070796460177,1,0.0029411764705882353,62.4,2,0.12077568172187715,0.1548717551888946,30,0.10481429200001458
t=0.02|d=0.95|tol=1e-08|iter=1000|words=100|mmr=0.70,train,d078b,converged,0.02,0.95,1e-08,1000,100,True,0.7,0,5,0,0.0,0.0,0.0,0,0,0,100,1.0,276,5670,0.14940711462450593,1,0.0036231884057971015,41.08695652173913,2,0.09162436232222049,0.17916059524736813,34,0.06511558299999365
t=0.02|d=0.95|tol=1e-08|iter=1000|words=100|mmr=0.70,train,d079a,converged,0.02,0.95,1e-08,1000,100,True,0.7,1,4,14,0.25,0.07142857142857142,0.11111111111111112,1,1,1,99,0.99,316,11902,0.23914004420333534,1,0.0031645569620253164,75.32911392405063,2,0.08253917533593627,0.2305527285940876,30,0.10903683300000466
t=0.02|d=0.95|tol=1e-08|iter=1000|words=100|mmr=0.70,train,d080a,converged,0.02,0.95,1e-08,1000,100,True,0.7,1,5,10,0.2,0.1,0.13333333333333333,0,1,1,100,1.0,557,23902,0.1543598155586841,3,0.005385996409335727,85.82405745062836,4,0.17500286322707675,0.44325961017662285,31,0.26595033300000637
t=0.02|d=0.95|tol=1e-08|iter=1000|words=100|mmr=0.70,train,d081a,converged,0.02,0.95,1e-08,1000,100,True,0.7,0,5,17,0.0,0.0,0.0,0,0,0,100,1.0,299,9891,0.2220152185136136,8,0.026755852842809364,66.16053511705685,9,0.07214056721942197,0.18442328453737752,72,0.15296366699999453
t=0.02|d=0.95|tol=1e-08|iter=1000|words=100|mmr=0.70,train,d082a,converged,0.02,0.95,1e-08,1000,100,True,0.7,3,7,12,0.42857142857142855,0.25,0.3157894736842105,1,1,1,100,1.0,209,4162,0.19147957305852042,0,0.0,39.82775119617225,2,0.06409117617868809,1.0,23,0.04268841700002213
t=0.02|d=0.95|tol=1e-08|iter=1000|words=100|mmr=0.70,train,d083a,converged,0.02,0.95,1e-08,1000,100,True,0.7,0,7,17,0.0,0.0,0.0,0,0,0,100,1.0,224,5878,0.23534593209481103,1,0.004464285714285714,52.482142857142854,2,0.1107362335844146,1.0,50,0.07037558299998636
t=0.02|d=0.95|tol=1e-08|iter=1000|words=100|mmr=0.70,train,d084a,converged,0.02,0.95,1e-08,1000,100,True,0.7,0,7,0,0.0,0.0,0.0,0,0,0,100,1.0,366,14382,0.21531551762856502,2,0.00546448087431694,78.59016393442623,5,0.1015663924408795,0.26512441540086007,61,0.20448145899999304
t=0.02|d=0.95|tol=1e-08|iter=1000|words=100|mmr=0.70,train,d085d,converged,0.02,0.95,1e-08,1000,100,True,0.7,0,5,0,0.0,0.0,0.0,0,0,0,100,1.0,224,4446,0.17801089045483665,1,0.004464285714285714,39.69642857142857,2,0.14240203021260536,0.5758265182499325,33,0.0536194579999858
t=0.02|d=0.95|tol=1e-08|iter=1000|words=100|mmr=0.70,train,d086d,converged,0.02,0.95,1e-08,1000,100,True,0.7,0,3,0,0.0,0.0,0.0,0,0,0,100,1.0,416,18314,0.2121640407784986,0,0.0,88.04807692307692,2,0.00267820437815618,0.00803461313446854,35,0.18104750000000536
t=0.02|d=0.95|tol=1e-08|iter=1000|words=100|mmr=0.70,train,d087d,converged,0.02,0.95,1e-08,1000,100,True,0.7,1,7,17,0.14285714285714285,0.058823529411764705,0.08333333333333333,0,1,1,100,1.0,292,7045,0.16581932872004895,4,0.0136986301369863,48.25342465753425,6,0.045442138418619646,0.22427752557709513,262,0.33473833300001843
t=0.02|d=0.95|tol=1e-08|iter=1000|words=100|mmr=0.70,train,d089d,converged,0.02,0.95,1e-08,1000,100,True,0.7,0,6,18,0.0,0.0,0.0,0,0,0,100,1.0,386,12656,0.170325011775789,2,0.0051813471502590676,65.57512953367876,3,0.06899100443670252,0.20870182526366293,40,0.15464345800000956
t=0.02|d=0.95|tol=1e-08|iter=1000|words=100|mmr=0.70,train,d090d,converged,0.02,0.95,1e-08,1000,100,True,0.7,0,9,0,0.0,0.0,0.0,0,0,0,99,0.99,261,6833,0.20138520483348069,5,0.019157088122605363,52.36015325670498,6,0.196906060920193,1.0,29,0.0637132079999958
t=0.02|d=0.95|tol=1e-08|iter=1000|words=100|mmr=0.70,train,d091c,converged,0.02,0.95,1e-08,1000,100,True,0.7,1,6,13,0.16666666666666666,0.07692307692307693,0.10526315789473684,0,0,1,100,1.0,280,7766,0.19882232462877625,1,0.0035714285714285713,55.47142857142857,3,0.04301737120655953,0.16965990484051685,51,0.09657491599998025
t=0.02|d=0.95|tol=1e-08|iter=1000|words=100|mmr=0.70,train,d092c,converged,0.02,0.95,1e-08,1000,100,True,0.7,0,8,19,0.0,0.0,0.0,0,0,0,100,1.0,291,5913,0.14013508709562744,11,0.037800687285223365,40.63917525773196,13,0.0933455163292348,0.4424510364173557,131,0.158113582999988
t=0.02|d=0.95|tol=1e-08|iter=1000|words=100|mmr=0.70,train,d093c,converged,0.02,0.95,1e-08,1000,100,True,0.7,1,7,18,0.14285714285714285,0.05555555555555555,0.08,1,1,1,100,1.0,264,4181,0.12043438184122594,7,0.026515151515151516,31.674242424242426,14,0.08496133886243512,0.45410082900530824,114,0.10395566700000813
t=0.02|d=0.95|tol=1e-08|iter=1000|words=100|mmr=0.70,train,d094c,converged,0.02,0.95,1e-08,1000,100,True,0.7,2,4,10,0.5,0.2,0.28571428571428575,1,1,1,100,1.0,185,3542,0.20810810810810812,5,0.02702702702702703,38.29189189189189,6,0.06627974988669451,0.12669659804914624,31,0.03710012499999493
t=0.02|d=0.95|tol=1e-08|iter=1000|words=100|mmr=0.70,train,d095c,converged,0.02,0.95,1e-08,1000,100,True,0.7,1,5,13,0.2,0.07692307692307693,0.1111111111111111,0,0,1,99,0.99,240,4223,0.14724546722454673,4,0.016666666666666666,35.19166666666667,5,0.07469251204041197,0.265407035830987,48,0.06438216700001931
t=0.02|d=0.95|tol=1e-08|iter=1000|words=100|mmr=0.70,train,d096c,converged,0.02,0.95,1e-08,1000,100,True,0.7,0,9,15,0.0,0.0,0.0,0,0,0,100,1.0,274,5372,0.14363252319456699,11,0.040145985401459854,39.21167883211679,17,0.09867087752940888,0.540754116624691,72,0.090232125
t=0.02|d=0.95|tol=1e-08|iter=1000|words=100|mmr=0.70,train,d097e,converged,0.02,0.95,1e-08,1000,100,True,0.7,0,5,0,0.0,0.0,0.0,0,0,0,100,1.0,225,4651,0.18456349206349207,3,0.013333333333333334,41.34222222222222,4,0.03441668394697483,0.15819776839198316,33,0.05052408299999911
t=0.02|d=0.95|tol=1e-08|iter=1000|words=100|mmr=0.70,train,d098e,converged,0.02,0.95,1e-08,1000,100,True,0.7,0,4,0,0.0,0.0,0.0,0,0,0,100,1.0,454,19366,0.18832842236290612,1,0.0022026431718061676,85.31277533039648,4,0.04946827207037862,0.11936630012097926,59,0.27806204200001616
t=0.02|d=0.95|tol=1e-08|iter=1000|words=100|mmr=0.70,train,d099e,converged,0.02,0.95,1e-08,1000,100,True,0.7,2,4,20,0.5,0.1,0.16666666666666669,0,1,1,100,1.0,469,12534,0.11420917391066644,12,0.0255863539445629,53.449893390191896,15,0.0761726512431724,0.2092957886755061,81,0.2552261250000072
t=0.02|d=0.95|tol=1e-08|iter=1000|words=100|mmr=0.70,train,d100e,converged,0.02,0.95,1e-08,1000,100,True,0.7,0,5,10,0.0,0.0,0.0,0,0,0,100,1.0,592,20820,0.11901495404033476,11,0.018581081081081082,70.33783783783784,12,0.07268517558852014,0.2570884255951601,53,0.3146708339999975
t=0.02|d=0.95|tol=1e-08|iter=1000|words=100|mmr=0.70,train,d101e,converged,0.02,0.95,1e-08,1000,100,True,0.7,1,6,10,0.16666666666666666,0.1,0.125,0,0,1,100,1.0,514,15876,0.12041777595740323,12,0.023346303501945526,61.77431906614786,20,0.0363764858387686,0.15412488981132985,161,0.513274416999991
t=0.02|d=0.95|tol=1e-08|iter=1000|words=100|mmr=0.70,train,d102e,converged,0.02,0.95,1e-08,1000,100,True,0.7,0,7,16,0.0,0.0,0.0,0,0,0,100,1.0,678,30836,0.1343598994348658,3,0.004424778761061947,90.96165191740413,5,0.09378986319781865,0.2182847832217777,246,1.4694536249999999
t=0.02|d=0.95|tol=1e-08|iter=1000|words=100|mmr=0.70,train,d103g,converged,0.02,0.95,1e-08,1000,100,True,0.7,0,9,18,0.0,0.0,0.0,0,0,0,100,1.0,219,4611,0.19316325248209124,8,0.0365296803652968,42.10958904109589,10,0.09878986517077659,1.0,113,0.102929582999991
t=0.02|d=0.95|tol=1e-08|iter=1000|words=100|mmr=0.70,train,d104g,converged,0.02,0.95,1e-08,1000,100,True,0.7,0,7,0,0.0,0.0,0.0,0,0,0,100,1.0,352,14370,0.23261460761460762,0,0.0,81.64772727272727,1,0.10710099299344258,0.26471794472401455,53,0.17222929100000783
t=0.02|d=0.95|tol=1e-08|iter=1000|words=100|mmr=0.70,train,d105g,converged,0.02,0.95,1e-08,1000,100,True,0.7,0,4,11,0.0,0.0,0.0,0,0,0,100,1.0,266,5909,0.16765498652291105,4,0.015037593984962405,44.42857142857143,5,0.04045106851263574,0.08887360414854518,129,0.15357095900000672
t=0.02|d=0.95|tol=1e-08|iter=1000|words=100|mmr=0.70,train,d106g,converged,0.02,0.95,1e-08,1000,100,True,0.7,0,5,0,0.0,0.0,0.0,0,0,0,100,1.0,237,4067,0.14542658943002218,16,0.06751054852320675,34.32067510548523,17,0.0781676414471939,0.23708289736651472,57,0.0668516249999982
t=0.02|d=0.95|tol=1e-08|iter=1000|words=100|mmr=0.70,train,d107g,converged,0.02,0.95,1e-08,1000,100,True,0.7,2,5,12,0.4,0.16666666666666666,0.23529411764705882,1,1,1,100,1.0,271,4750,0.12983463167965012,4,0.014760147601476014,35.055350553505534,5,0.03857552325482258,0.10292341710174052,50,0.0730432909999763
t=0.02|d=0.95|tol=1e-08|iter=1000|words=100|mmr=0.70,train,d108g,converged,0.02,0.95,1e-08,1000,100,True,0.7,0,5,0,0.0,0.0,0.0,0,0,0,100,1.0,216,5330,0.22954349698535745,6,0.027777777777777776,49.351851851851855,7,0.06312044501901114,0.18545858619457245,95,0.09641487499999357
t=0.02|d=0.95|tol=1e-08|iter=1000|words=100|mmr=0.70,train,d109h,converged,0.02,0.95,1e-08,1000,100,True,0.7,1,5,20,0.2,0.05,0.08000000000000002,0,0,1,99,0.99,143,3351,0.3300502314586822,0,0.0,46.86713286713287,1,0.02721052841462392,0.18993614624064137,30,0.029191667000020516
t=0.02|d=0.95|tol=1e-08|iter=1000|words=100|mmr=0.70,train,d110h,converged,0.02,0.95,1e-08,1000,100,True,0.7,1,5,20,0.2,0.05,0.08000000000000002,0,1,1,100,1.0,453,23110,0.22573209087889975,2,0.004415011037527594,102.03090507726269,4,0.07221491561784345,0.17621645683465142,45,0.26413416599999096
t=0.02|d=0.95|tol=1e-08|iter=1000|words=100|mmr=0.70,train,d111h,converged,0.02,0.95,1e-08,1000,100,True,0.7,1,4,14,0.25,0.07142857142857142,0.11111111111111112,1,1,1,100,1.0,214,2837,0.12447896099337458,5,0.02336448598130841,26.514018691588785,6,0.06902741934196678,0.23094549326181563,35,0.03920512499999518
